id,session_name,timestamp,target_angle,current_angle,error,motor_status
4412,ml_baseline_90deg,2026-07-09 23:23:52.990849+05:30,0.0,0.0,0.0,0
4413,ml_baseline_90deg,2026-07-09 23:23:53.021969+05:30,0.0,0.0,0.0,0
4414,ml_baseline_90deg,2026-07-09 23:23:53.045034+05:30,0.0,0.0,0.0,0
4415,ml_baseline_90deg,2026-07-09 23:23:53.069719+05:30,0.0,0.0,0.0,0
4416,ml_baseline_90deg,2026-07-09 23:23:53.091704+05:30,0.0,0.0,0.0,0
4417,ml_baseline_90deg,2026-07-09 23:23:53.116627+05:30,0.0,0.0,0.0,0
4418,ml_baseline_90deg,2026-07-09 23:23:53.137607+05:30,0.0,0.0,0.0,0
4419,ml_baseline_90deg,2026-07-09 23:23:53.157935+05:30,0.0,0.0,0.0,0
4420,ml_baseline_90deg,2026-07-09 23:23:53.184310+05:30,0.0,0.0,0.0,0
4421,ml_baseline_90deg,2026-07-09 23:23:53.207731+05:30,0.0,0.0,0.0,0
4422,ml_baseline_90deg,2026-07-09 23:23:53.230843+05:30,0.0,0.0,0.0,0
4423,ml_baseline_90deg,2026-07-09 23:23:53.250514+05:30,0.0,0.0,0.0,0
4424,ml_baseline_90deg,2026-07-09 23:23:53.273704+05:30,0.0,0.0,0.0,0
4425,ml_baseline_90deg,2026-07-09 23:23:53.299366+05:30,0.0,0.0,0.0,0
4426,ml_baseline_90deg,2026-07-09 23:23:53.319646+05:30,0.0,0.0,0.0,0
4427,ml_baseline_90deg,2026-07-09 23:23:53.341547+05:30,0.0,0.0,0.0,0
4428,ml_baseline_90deg,2026-07-09 23:23:53.364567+05:30,0.0,0.0,0.0,0
4429,ml_baseline_90deg,2026-07-09 23:23:53.385395+05:30,0.0,0.0,0.0,0
4430,ml_baseline_90deg,2026-07-09 23:23:53.405083+05:30,0.0,0.0,0.0,0
4431,ml_baseline_90deg,2026-07-09 23:23:53.426431+05:30,0.0,0.0,0.0,0
4432,ml_baseline_90deg,2026-07-09 23:23:53.450078+05:30,90.0,0.0,90.0,2
4433,ml_baseline_90deg,2026-07-09 23:23:53.471479+05:30,90.0,0.0,90.0,2
4434,ml_baseline_90deg,2026-07-09 23:23:53.498597+05:30,90.0,0.0,90.0,2
4435,ml_baseline_90deg,2026-07-09 23:23:53.518560+05:30,90.0,-0.18,90.18,2
4436,ml_baseline_90deg,2026-07-09 23:23:53.538413+05:30,90.0,-0.18,90.18,2
4437,ml_baseline_90deg,2026-07-09 23:23:53.562052+05:30,90.0,-0.18,90.18,2
4438,ml_baseline_90deg,2026-07-09 23:23:53.645864+05:30,90.0,-0.18,90.18,2
4439,ml_baseline_90deg,2026-07-09 23:23:53.742540+05:30,90.0,-0.18,90.18,2
4440,ml_baseline_90deg,2026-07-09 23:23:53.843330+05:30,90.0,-0.18,90.18,1
4441,ml_baseline_90deg,2026-07-09 23:23:53.943174+05:30,90.0,-0.18,90.18,2
4442,ml_baseline_90deg,2026-07-09 23:23:54.045637+05:30,90.0,0.0,90.0,2
4443,ml_baseline_90deg,2026-07-09 23:23:54.143311+05:30,90.0,0.0,90.0,2
4444,ml_baseline_90deg,2026-07-09 23:23:54.243936+05:30,90.0,0.18,89.82,2
4445,ml_baseline_90deg,2026-07-09 23:23:54.343018+05:30,90.0,0.18,89.82,2
4446,ml_baseline_90deg,2026-07-09 23:23:54.442842+05:30,90.0,0.53,89.47,2
4447,ml_baseline_90deg,2026-07-09 23:23:54.542221+05:30,90.0,0.7,89.3,2
4448,ml_baseline_90deg,2026-07-09 23:23:54.642972+05:30,90.0,1.05,88.95,2
4449,ml_baseline_90deg,2026-07-09 23:23:54.743057+05:30,90.0,1.05,88.95,1
4450,ml_baseline_90deg,2026-07-09 23:23:54.866501+05:30,90.0,1.23,88.77,2
4451,ml_baseline_90deg,2026-07-09 23:23:54.942135+05:30,90.0,1.23,88.77,2
4452,ml_baseline_90deg,2026-07-09 23:23:55.045603+05:30,90.0,1.23,88.77,2
4453,ml_baseline_90deg,2026-07-09 23:23:55.148109+05:30,90.0,1.23,88.77,2
4454,ml_baseline_90deg,2026-07-09 23:23:55.244944+05:30,90.0,1.23,88.77,2
4455,ml_baseline_90deg,2026-07-09 23:23:55.345640+05:30,90.0,1.23,88.77,2
4456,ml_baseline_90deg,2026-07-09 23:23:55.474445+05:30,90.0,1.23,88.77,2
4457,ml_baseline_90deg,2026-07-09 23:23:55.545642+05:30,90.0,1.23,88.77,2
4458,ml_baseline_90deg,2026-07-09 23:23:55.646533+05:30,90.0,1.23,88.77,1
4459,ml_baseline_90deg,2026-07-09 23:23:55.746737+05:30,90.0,1.41,88.59,2
4460,ml_baseline_90deg,2026-07-09 23:23:55.846210+05:30,90.0,1.76,88.24,2
4461,ml_baseline_90deg,2026-07-09 23:23:55.946989+05:30,90.0,2.29,87.71,2
4462,ml_baseline_90deg,2026-07-09 23:23:56.045291+05:30,90.0,2.81,87.19,2
4463,ml_baseline_90deg,2026-07-09 23:23:56.145006+05:30,90.0,3.34,86.66,2
4464,ml_baseline_90deg,2026-07-09 23:23:56.248620+05:30,90.0,3.87,86.13,2
4465,ml_baseline_90deg,2026-07-09 23:23:56.348682+05:30,90.0,4.22,85.78,2
4466,ml_baseline_90deg,2026-07-09 23:23:56.450477+05:30,90.0,4.75,85.25,2
4467,ml_baseline_90deg,2026-07-09 23:23:56.549243+05:30,90.0,5.27,84.73,1
4468,ml_baseline_90deg,2026-07-09 23:23:56.646854+05:30,90.0,5.62,84.37,2
4469,ml_baseline_90deg,2026-07-09 23:23:56.748318+05:30,90.0,6.15,83.85,2
4470,ml_baseline_90deg,2026-07-09 23:23:56.846345+05:30,90.0,6.68,83.32,2
4471,ml_baseline_90deg,2026-07-09 23:23:56.946729+05:30,90.0,7.03,82.97,2
4472,ml_baseline_90deg,2026-07-09 23:23:57.049644+05:30,90.0,7.56,82.44,2
4473,ml_baseline_90deg,2026-07-09 23:23:57.144588+05:30,90.0,7.91,82.09,2
4474,ml_baseline_90deg,2026-07-09 23:23:57.248016+05:30,90.0,8.26,81.74,2
4475,ml_baseline_90deg,2026-07-09 23:23:57.346783+05:30,90.0,8.44,81.56,2
4476,ml_baseline_90deg,2026-07-09 23:23:57.449085+05:30,90.0,8.44,81.56,1
4477,ml_baseline_90deg,2026-07-09 23:23:57.548727+05:30,90.0,8.79,81.21,2
4478,ml_baseline_90deg,2026-07-09 23:23:57.646724+05:30,90.0,9.14,80.86,2
4479,ml_baseline_90deg,2026-07-09 23:23:57.748277+05:30,90.0,9.67,80.33,2
4480,ml_baseline_90deg,2026-07-09 23:23:57.846065+05:30,90.0,10.02,79.98,2
4481,ml_baseline_90deg,2026-07-09 23:23:57.945952+05:30,90.0,10.55,79.45,2
4482,ml_baseline_90deg,2026-07-09 23:23:58.045676+05:30,90.0,10.9,79.1,2
4483,ml_baseline_90deg,2026-07-09 23:23:58.148078+05:30,90.0,11.43,78.57,2
4484,ml_baseline_90deg,2026-07-09 23:23:58.248980+05:30,90.0,11.78,78.22,2
4485,ml_baseline_90deg,2026-07-09 23:23:58.349112+05:30,90.0,12.3,77.7,1
4486,ml_baseline_90deg,2026-07-09 23:23:58.447130+05:30,90.0,12.48,77.52,2
4487,ml_baseline_90deg,2026-07-09 23:23:58.546163+05:30,90.0,13.01,76.99,2
4488,ml_baseline_90deg,2026-07-09 23:23:58.646863+05:30,90.0,13.36,76.64,2
4489,ml_baseline_90deg,2026-07-09 23:23:58.745551+05:30,90.0,13.71,76.29,2
4490,ml_baseline_90deg,2026-07-09 23:23:58.846984+05:30,90.0,14.24,75.76,2
4491,ml_baseline_90deg,2026-07-09 23:23:58.949249+05:30,90.0,14.59,75.41,2
4492,ml_baseline_90deg,2026-07-09 23:23:59.044456+05:30,90.0,15.12,74.88,2
4493,ml_baseline_90deg,2026-07-09 23:23:59.147936+05:30,90.0,15.47,74.53,2
4494,ml_baseline_90deg,2026-07-09 23:23:59.248878+05:30,90.0,16.0,74.0,1
4495,ml_baseline_90deg,2026-07-09 23:23:59.348403+05:30,90.0,16.17,73.83,2
4496,ml_baseline_90deg,2026-07-09 23:23:59.447013+05:30,90.0,16.52,73.48,2
4497,ml_baseline_90deg,2026-07-09 23:23:59.550042+05:30,90.0,17.05,72.95,2
4498,ml_baseline_90deg,2026-07-09 23:23:59.647852+05:30,90.0,17.4,72.6,2
4499,ml_baseline_90deg,2026-07-09 23:23:59.747951+05:30,90.0,17.93,72.07,2
4500,ml_baseline_90deg,2026-07-09 23:23:59.845519+05:30,90.0,18.28,71.72,2
4501,ml_baseline_90deg,2026-07-09 23:23:59.946103+05:30,90.0,18.81,71.19,2
4502,ml_baseline_90deg,2026-07-09 23:24:00.049032+05:30,90.0,19.16,70.84,2
4503,ml_baseline_90deg,2026-07-09 23:24:00.145210+05:30,90.0,19.69,70.31,1
4504,ml_baseline_90deg,2026-07-09 23:24:00.248257+05:30,90.0,20.04,69.96,2
4505,ml_baseline_90deg,2026-07-09 23:24:00.350184+05:30,90.0,20.39,69.61,2
4506,ml_baseline_90deg,2026-07-09 23:24:00.448057+05:30,90.0,20.92,69.08,2
4507,ml_baseline_90deg,2026-07-09 23:24:00.549720+05:30,90.0,21.27,68.73,2
4508,ml_baseline_90deg,2026-07-09 23:24:00.646850+05:30,90.0,21.8,68.2,2
4509,ml_baseline_90deg,2026-07-09 23:24:00.746810+05:30,90.0,22.15,67.85,2
4510,ml_baseline_90deg,2026-07-09 23:24:00.848625+05:30,90.0,22.68,67.32,2
4511,ml_baseline_90deg,2026-07-09 23:24:00.947204+05:30,90.0,23.2,66.8,2
4512,ml_baseline_90deg,2026-07-09 23:24:01.046241+05:30,90.0,23.55,66.45,1
4513,ml_baseline_90deg,2026-07-09 23:24:01.145834+05:30,90.0,23.73,66.27,2
4514,ml_baseline_90deg,2026-07-09 23:24:01.247865+05:30,90.0,24.26,65.74,2
4515,ml_baseline_90deg,2026-07-09 23:24:01.345722+05:30,90.0,24.79,65.21,2
4516,ml_baseline_90deg,2026-07-09 23:24:01.447589+05:30,90.0,25.14,64.86,2
4517,ml_baseline_90deg,2026-07-09 23:24:01.546665+05:30,90.0,25.66,64.34,2
4518,ml_baseline_90deg,2026-07-09 23:24:01.650052+05:30,90.0,26.02,63.98,2
4519,ml_baseline_90deg,2026-07-09 23:24:01.749166+05:30,90.0,26.54,63.46,2
4520,ml_baseline_90deg,2026-07-09 23:24:01.845845+05:30,90.0,26.89,63.11,2
4521,ml_baseline_90deg,2026-07-09 23:24:01.948572+05:30,90.0,27.25,62.75,1
4522,ml_baseline_90deg,2026-07-09 23:24:02.046208+05:30,90.0,27.6,62.4,2
4523,ml_baseline_90deg,2026-07-09 23:24:02.145472+05:30,90.0,27.95,62.05,2
4524,ml_baseline_90deg,2026-07-09 23:24:02.246132+05:30,90.0,28.3,61.7,2
4525,ml_baseline_90deg,2026-07-09 23:24:02.346388+05:30,90.0,28.83,61.17,2
4526,ml_baseline_90deg,2026-07-09 23:24:02.448228+05:30,90.0,29.18,60.82,2
4527,ml_baseline_90deg,2026-07-09 23:24:02.546837+05:30,90.0,29.53,60.47,2
4528,ml_baseline_90deg,2026-07-09 23:24:02.649265+05:30,90.0,30.06,59.94,2
4529,ml_baseline_90deg,2026-07-09 23:24:02.747360+05:30,90.0,30.41,59.59,2
4530,ml_baseline_90deg,2026-07-09 23:24:02.848851+05:30,90.0,30.76,59.24,1
4531,ml_baseline_90deg,2026-07-09 23:24:02.948528+05:30,90.0,31.11,58.89,2
4532,ml_baseline_90deg,2026-07-09 23:24:03.049340+05:30,90.0,31.46,58.54,2
4533,ml_baseline_90deg,2026-07-09 23:24:03.146956+05:30,90.0,31.82,58.18,2
4534,ml_baseline_90deg,2026-07-09 23:24:03.254548+05:30,90.0,32.34,57.66,2
4535,ml_baseline_90deg,2026-07-09 23:24:03.347550+05:30,90.0,32.7,57.3,2
4536,ml_baseline_90deg,2026-07-09 23:24:03.446390+05:30,90.0,33.05,56.95,2
4537,ml_baseline_90deg,2026-07-09 23:24:03.546589+05:30,90.0,33.4,56.6,2
4538,ml_baseline_90deg,2026-07-09 23:24:03.647999+05:30,90.0,33.93,56.07,2
4539,ml_baseline_90deg,2026-07-09 23:24:03.746768+05:30,90.0,34.28,55.72,1
4540,ml_baseline_90deg,2026-07-09 23:24:03.846528+05:30,90.0,34.45,55.55,2
4541,ml_baseline_90deg,2026-07-09 23:24:03.947175+05:30,90.0,34.98,55.02,2
4542,ml_baseline_90deg,2026-07-09 23:24:04.046000+05:30,90.0,35.33,54.67,2
4543,ml_baseline_90deg,2026-07-09 23:24:04.146678+05:30,90.0,35.68,54.32,2
4544,ml_baseline_90deg,2026-07-09 23:24:04.246974+05:30,90.0,36.21,53.79,2
4545,ml_baseline_90deg,2026-07-09 23:24:04.347574+05:30,90.0,36.56,53.44,2
4546,ml_baseline_90deg,2026-07-09 23:24:04.449079+05:30,90.0,36.91,53.09,2
4547,ml_baseline_90deg,2026-07-09 23:24:04.548622+05:30,90.0,37.44,52.56,2
4548,ml_baseline_90deg,2026-07-09 23:24:04.647830+05:30,90.0,37.79,52.21,1
4549,ml_baseline_90deg,2026-07-09 23:24:04.746192+05:30,90.0,37.97,52.03,2
4550,ml_baseline_90deg,2026-07-09 23:24:04.846482+05:30,90.0,38.32,51.68,2
4551,ml_baseline_90deg,2026-07-09 23:24:04.950035+05:30,90.0,38.85,51.15,2
4552,ml_baseline_90deg,2026-07-09 23:24:05.046101+05:30,90.0,39.2,50.8,2
4553,ml_baseline_90deg,2026-07-09 23:24:05.147569+05:30,90.0,39.73,50.27,2
4554,ml_baseline_90deg,2026-07-09 23:24:05.250533+05:30,90.0,40.08,49.92,2
4555,ml_baseline_90deg,2026-07-09 23:24:05.348592+05:30,90.0,40.43,49.57,2
4556,ml_baseline_90deg,2026-07-09 23:24:05.447341+05:30,90.0,40.96,49.04,2
4557,ml_baseline_90deg,2026-07-09 23:24:05.546753+05:30,90.0,41.31,48.69,1
4558,ml_baseline_90deg,2026-07-09 23:24:05.648887+05:30,90.0,41.48,48.52,2
4559,ml_baseline_90deg,2026-07-09 23:24:05.749289+05:30,90.0,42.01,47.99,2
4560,ml_baseline_90deg,2026-07-09 23:24:05.846855+05:30,90.0,42.36,47.64,2
4561,ml_baseline_90deg,2026-07-09 23:24:05.946778+05:30,90.0,42.89,47.11,2
4562,ml_baseline_90deg,2026-07-09 23:24:06.046494+05:30,90.0,43.24,46.76,2
4563,ml_baseline_90deg,2026-07-09 23:24:06.145382+05:30,90.0,43.77,46.23,2
4564,ml_baseline_90deg,2026-07-09 23:24:06.247297+05:30,90.0,44.12,45.88,2
4565,ml_baseline_90deg,2026-07-09 23:24:06.345954+05:30,90.0,44.47,45.53,2
4566,ml_baseline_90deg,2026-07-09 23:24:06.447239+05:30,90.0,45.0,45.0,1
4567,ml_baseline_90deg,2026-07-09 23:24:06.548257+05:30,90.0,45.18,44.82,2
4568,ml_baseline_90deg,2026-07-09 23:24:06.648686+05:30,90.0,45.53,44.47,2
4569,ml_baseline_90deg,2026-07-09 23:24:06.748125+05:30,90.0,45.88,44.12,2
4570,ml_baseline_90deg,2026-07-09 23:24:06.845539+05:30,90.0,46.41,43.59,2
4571,ml_baseline_90deg,2026-07-09 23:24:06.950138+05:30,90.0,46.76,43.24,2
4572,ml_baseline_90deg,2026-07-09 23:24:07.048066+05:30,90.0,47.11,42.89,2
4573,ml_baseline_90deg,2026-07-09 23:24:07.146559+05:30,90.0,47.64,42.36,2
4574,ml_baseline_90deg,2026-07-09 23:24:07.247082+05:30,90.0,47.99,42.01,2
4575,ml_baseline_90deg,2026-07-09 23:24:07.349579+05:30,90.0,48.34,41.66,1
4576,ml_baseline_90deg,2026-07-09 23:24:07.449266+05:30,90.0,48.52,41.48,2
4577,ml_baseline_90deg,2026-07-09 23:24:07.547740+05:30,90.0,49.04,40.96,2
4578,ml_baseline_90deg,2026-07-09 23:24:07.648483+05:30,90.0,49.39,40.61,2
4579,ml_baseline_90deg,2026-07-09 23:24:07.747103+05:30,90.0,49.75,40.25,2
4580,ml_baseline_90deg,2026-07-09 23:24:07.847070+05:30,90.0,50.1,39.9,2
4581,ml_baseline_90deg,2026-07-09 23:24:07.946631+05:30,90.0,50.63,39.38,2
4582,ml_baseline_90deg,2026-07-09 23:24:08.045225+05:30,90.0,50.98,39.02,2
4583,ml_baseline_90deg,2026-07-09 23:24:08.146880+05:30,90.0,51.33,38.67,2
4584,ml_baseline_90deg,2026-07-09 23:24:08.248030+05:30,90.0,51.68,38.32,1
4585,ml_baseline_90deg,2026-07-09 23:24:08.347407+05:30,90.0,52.03,37.97,2
4586,ml_baseline_90deg,2026-07-09 23:24:08.447358+05:30,90.0,52.38,37.62,2
4587,ml_baseline_90deg,2026-07-09 23:24:08.549680+05:30,90.0,52.73,37.27,2
4588,ml_baseline_90deg,2026-07-09 23:24:08.647570+05:30,90.0,53.09,36.91,2
4589,ml_baseline_90deg,2026-07-09 23:24:08.747049+05:30,90.0,53.44,36.56,2
4590,ml_baseline_90deg,2026-07-09 23:24:08.847198+05:30,90.0,53.96,36.04,2
4591,ml_baseline_90deg,2026-07-09 23:24:08.949284+05:30,90.0,54.32,35.68,2
4592,ml_baseline_90deg,2026-07-09 23:24:09.044850+05:30,90.0,54.67,35.33,2
4593,ml_baseline_90deg,2026-07-09 23:24:09.146838+05:30,90.0,55.02,34.98,1
4594,ml_baseline_90deg,2026-07-09 23:24:09.244914+05:30,90.0,55.2,34.8,2
4595,ml_baseline_90deg,2026-07-09 23:24:09.352536+05:30,90.0,55.72,34.28,2
4596,ml_baseline_90deg,2026-07-09 23:24:09.446322+05:30,90.0,56.07,33.93,2
4597,ml_baseline_90deg,2026-07-09 23:24:09.544322+05:30,90.0,56.43,33.57,2
4598,ml_baseline_90deg,2026-07-09 23:24:09.646865+05:30,90.0,56.95,33.05,2
4599,ml_baseline_90deg,2026-07-09 23:24:09.748937+05:30,90.0,57.3,32.7,2
4600,ml_baseline_90deg,2026-07-09 23:24:09.847517+05:30,90.0,57.66,32.34,2
4601,ml_baseline_90deg,2026-07-09 23:24:09.949266+05:30,90.0,58.18,31.82,2
4602,ml_baseline_90deg,2026-07-09 23:24:10.046273+05:30,90.0,58.54,31.46,1
4603,ml_baseline_90deg,2026-07-09 23:24:10.149068+05:30,90.0,58.71,31.29,2
4604,ml_baseline_90deg,2026-07-09 23:24:10.248551+05:30,90.0,59.06,30.94,2
4605,ml_baseline_90deg,2026-07-09 23:24:10.348697+05:30,90.0,59.59,30.41,2
4606,ml_baseline_90deg,2026-07-09 23:24:10.446806+05:30,90.0,59.94,30.06,2
4607,ml_baseline_90deg,2026-07-09 23:24:10.548505+05:30,90.0,60.47,29.53,2
4608,ml_baseline_90deg,2026-07-09 23:24:10.647636+05:30,90.0,60.82,29.18,2
4609,ml_baseline_90deg,2026-07-09 23:24:10.749826+05:30,90.0,61.17,28.83,2
4610,ml_baseline_90deg,2026-07-09 23:24:10.847517+05:30,90.0,61.7,28.3,2
4611,ml_baseline_90deg,2026-07-09 23:24:10.946983+05:30,90.0,62.05,27.95,1
4612,ml_baseline_90deg,2026-07-09 23:24:11.045348+05:30,90.0,62.23,27.77,2
4613,ml_baseline_90deg,2026-07-09 23:24:11.145138+05:30,90.0,62.75,27.25,2
4614,ml_baseline_90deg,2026-07-09 23:24:11.247458+05:30,90.0,63.11,26.89,2
4615,ml_baseline_90deg,2026-07-09 23:24:11.344951+05:30,90.0,63.63,26.37,2
4616,ml_baseline_90deg,2026-07-09 23:24:11.450286+05:30,90.0,63.98,26.02,2
4617,ml_baseline_90deg,2026-07-09 23:24:11.546911+05:30,90.0,64.34,25.66,2
4618,ml_baseline_90deg,2026-07-09 23:24:11.649373+05:30,90.0,64.86,25.14,2
4619,ml_baseline_90deg,2026-07-09 23:24:11.747301+05:30,90.0,65.21,24.79,2
4620,ml_baseline_90deg,2026-07-09 23:24:11.848278+05:30,90.0,65.57,24.43,1
4621,ml_baseline_90deg,2026-07-09 23:24:11.948453+05:30,90.0,65.92,24.08,2
4622,ml_baseline_90deg,2026-07-09 23:24:12.046933+05:30,90.0,66.27,23.73,2
4623,ml_baseline_90deg,2026-07-09 23:24:12.149828+05:30,90.0,66.8,23.2,2
4624,ml_baseline_90deg,2026-07-09 23:24:12.247893+05:30,90.0,67.15,22.85,2
4625,ml_baseline_90deg,2026-07-09 23:24:12.348854+05:30,90.0,67.68,22.32,2
4626,ml_baseline_90deg,2026-07-09 23:24:12.450846+05:30,90.0,68.03,21.97,2
4627,ml_baseline_90deg,2026-07-09 23:24:12.545881+05:30,90.0,68.38,21.62,2
4628,ml_baseline_90deg,2026-07-09 23:24:12.648961+05:30,90.0,68.91,21.09,2
4629,ml_baseline_90deg,2026-07-09 23:24:12.749000+05:30,90.0,69.26,20.74,1
4630,ml_baseline_90deg,2026-07-09 23:24:12.848869+05:30,90.0,69.61,20.39,2
4631,ml_baseline_90deg,2026-07-09 23:24:12.947272+05:30,90.0,69.96,20.04,2
4632,ml_baseline_90deg,2026-07-09 23:24:13.046708+05:30,90.0,70.49,19.51,2
4633,ml_baseline_90deg,2026-07-09 23:24:13.150000+05:30,90.0,70.84,19.16,2
4634,ml_baseline_90deg,2026-07-09 23:24:13.247039+05:30,90.0,71.37,18.63,2
4635,ml_baseline_90deg,2026-07-09 23:24:13.347495+05:30,90.0,71.72,18.28,2
4636,ml_baseline_90deg,2026-07-09 23:24:13.449464+05:30,90.0,72.25,17.75,2
4637,ml_baseline_90deg,2026-07-09 23:24:13.548490+05:30,90.0,72.6,17.4,2
4638,ml_baseline_90deg,2026-07-09 23:24:13.648013+05:30,90.0,73.12,16.87,1
4639,ml_baseline_90deg,2026-07-09 23:24:13.746904+05:30,90.0,73.3,16.7,2
4640,ml_baseline_90deg,2026-07-09 23:24:13.846784+05:30,90.0,73.83,16.17,2
4641,ml_baseline_90deg,2026-07-09 23:24:13.948816+05:30,90.0,74.18,15.82,2
4642,ml_baseline_90deg,2026-07-09 23:24:14.048768+05:30,90.0,74.71,15.29,2
4643,ml_baseline_90deg,2026-07-09 23:24:14.148890+05:30,90.0,75.06,14.94,2
4644,ml_baseline_90deg,2026-07-09 23:24:14.246592+05:30,90.0,75.59,14.41,2
4645,ml_baseline_90deg,2026-07-09 23:24:14.346155+05:30,90.0,76.11,13.89,2
4646,ml_baseline_90deg,2026-07-09 23:24:14.445287+05:30,90.0,76.46,13.54,2
4647,ml_baseline_90deg,2026-07-09 23:24:14.546599+05:30,90.0,76.99,13.01,1
4648,ml_baseline_90deg,2026-07-09 23:24:14.647318+05:30,90.0,77.34,12.66,2
4649,ml_baseline_90deg,2026-07-09 23:24:14.748826+05:30,90.0,77.7,12.3,2
4650,ml_baseline_90deg,2026-07-09 23:24:14.847584+05:30,90.0,78.22,11.78,2
4651,ml_baseline_90deg,2026-07-09 23:24:14.947652+05:30,90.0,78.57,11.43,2
4652,ml_baseline_90deg,2026-07-09 23:24:15.046561+05:30,90.0,79.1,10.9,2
4653,ml_baseline_90deg,2026-07-09 23:24:15.147203+05:30,90.0,79.63,10.37,2
4654,ml_baseline_90deg,2026-07-09 23:24:15.249853+05:30,90.0,79.98,10.02,2
4655,ml_baseline_90deg,2026-07-09 23:24:15.347286+05:30,90.0,80.51,9.49,2
4656,ml_baseline_90deg,2026-07-09 23:24:15.447727+05:30,90.0,81.04,8.96,1
4657,ml_baseline_90deg,2026-07-09 23:24:15.545944+05:30,90.0,81.21,8.79,2
4658,ml_baseline_90deg,2026-07-09 23:24:15.648105+05:30,90.0,81.74,8.26,2
4659,ml_baseline_90deg,2026-07-09 23:24:15.748889+05:30,90.0,82.09,7.91,2
4660,ml_baseline_90deg,2026-07-09 23:24:15.849799+05:30,90.0,82.62,7.38,2
4661,ml_baseline_90deg,2026-07-09 23:24:15.948975+05:30,90.0,82.97,7.03,2
4662,ml_baseline_90deg,2026-07-09 23:24:16.047841+05:30,90.0,83.5,6.5,2
4663,ml_baseline_90deg,2026-07-09 23:24:16.148527+05:30,90.0,84.02,5.98,2
4664,ml_baseline_90deg,2026-07-09 23:24:16.247202+05:30,90.0,84.37,5.62,2
4665,ml_baseline_90deg,2026-07-09 23:24:16.346721+05:30,90.0,84.9,5.1,1
4666,ml_baseline_90deg,2026-07-09 23:24:16.447207+05:30,90.0,85.25,4.75,1
4667,ml_baseline_90deg,2026-07-09 23:24:16.548361+05:30,90.0,85.43,4.57,2
4668,ml_baseline_90deg,2026-07-09 23:24:16.647799+05:30,0.0,85.61,-85.61,2
4669,ml_baseline_90deg,2026-07-09 23:24:16.750140+05:30,0.0,85.61,-85.61,2
4670,ml_baseline_90deg,2026-07-09 23:24:16.848539+05:30,0.0,85.61,-85.61,2
4671,ml_baseline_90deg,2026-07-09 23:24:16.947827+05:30,0.0,85.61,-85.61,2
4672,ml_baseline_90deg,2026-07-09 23:24:17.045986+05:30,0.0,85.61,-85.61,2
4673,ml_baseline_90deg,2026-07-09 23:24:17.149766+05:30,0.0,85.61,-85.61,2
4674,ml_baseline_90deg,2026-07-09 23:24:17.247446+05:30,0.0,85.61,-85.61,2
4675,ml_baseline_90deg,2026-07-09 23:24:17.347062+05:30,0.0,85.61,-85.61,2
4676,ml_baseline_90deg,2026-07-09 23:24:17.452019+05:30,0.0,85.61,-85.61,1
4677,ml_baseline_90deg,2026-07-09 23:24:17.546348+05:30,0.0,85.43,-85.43,2
4678,ml_baseline_90deg,2026-07-09 23:24:17.646964+05:30,0.0,85.43,-85.43,2
4679,ml_baseline_90deg,2026-07-09 23:24:17.749738+05:30,0.0,85.25,-85.25,2
4680,ml_baseline_90deg,2026-07-09 23:24:17.848382+05:30,0.0,85.25,-85.25,2
4681,ml_baseline_90deg,2026-07-09 23:24:17.950406+05:30,0.0,85.08,-85.08,2
4682,ml_baseline_90deg,2026-07-09 23:24:18.046377+05:30,0.0,84.9,-84.9,2
4683,ml_baseline_90deg,2026-07-09 23:24:18.145362+05:30,0.0,84.55,-84.55,2
4684,ml_baseline_90deg,2026-07-09 23:24:18.246393+05:30,0.0,84.2,-84.2,2
4685,ml_baseline_90deg,2026-07-09 23:24:18.346974+05:30,0.0,83.85,-83.85,1
4686,ml_baseline_90deg,2026-07-09 23:24:18.448002+05:30,0.0,83.5,-83.5,2
4687,ml_baseline_90deg,2026-07-09 23:24:18.550488+05:30,0.0,83.14,-83.14,2
4688,ml_baseline_90deg,2026-07-09 23:24:18.647588+05:30,0.0,82.62,-82.62,2
4689,ml_baseline_90deg,2026-07-09 23:24:18.747146+05:30,0.0,82.09,-82.09,2
4690,ml_baseline_90deg,2026-07-09 23:24:18.848506+05:30,0.0,81.74,-81.74,2
4691,ml_baseline_90deg,2026-07-09 23:24:18.947064+05:30,0.0,81.21,-81.21,2
4692,ml_baseline_90deg,2026-07-09 23:24:19.051561+05:30,0.0,80.68,-80.68,2
4693,ml_baseline_90deg,2026-07-09 23:24:19.147302+05:30,0.0,80.16,-80.16,2
4694,ml_baseline_90deg,2026-07-09 23:24:19.245545+05:30,0.0,79.8,-79.8,1
4695,ml_baseline_90deg,2026-07-09 23:24:19.346561+05:30,0.0,79.28,-79.28,2
4696,ml_baseline_90deg,2026-07-09 23:24:19.449690+05:30,0.0,78.75,-78.75,2
4697,ml_baseline_90deg,2026-07-09 23:24:19.548199+05:30,0.0,78.4,-78.4,2
4698,ml_baseline_90deg,2026-07-09 23:24:19.647932+05:30,0.0,77.87,-77.87,2
4699,ml_baseline_90deg,2026-07-09 23:24:19.751282+05:30,0.0,77.34,-77.34,2
4700,ml_baseline_90deg,2026-07-09 23:24:19.848698+05:30,0.0,76.82,-76.82,2
4701,ml_baseline_90deg,2026-07-09 23:24:19.947562+05:30,0.0,76.29,-76.29,2
4702,ml_baseline_90deg,2026-07-09 23:24:20.047221+05:30,0.0,75.94,-75.94,2
4703,ml_baseline_90deg,2026-07-09 23:24:20.152455+05:30,0.0,75.41,-75.41,1
4704,ml_baseline_90deg,2026-07-09 23:24:20.247742+05:30,0.0,75.06,-75.06,2
4705,ml_baseline_90deg,2026-07-09 23:24:20.348349+05:30,0.0,74.53,-74.53,2
4706,ml_baseline_90deg,2026-07-09 23:24:20.446755+05:30,0.0,74.0,-74.0,2
4707,ml_baseline_90deg,2026-07-09 23:24:20.547229+05:30,0.0,73.48,-73.48,2
4708,ml_baseline_90deg,2026-07-09 23:24:20.646377+05:30,0.0,73.12,-73.12,2
4709,ml_baseline_90deg,2026-07-09 23:24:20.746865+05:30,0.0,72.6,-72.6,2
4710,ml_baseline_90deg,2026-07-09 23:24:20.846537+05:30,0.0,72.25,-72.25,2
4711,ml_baseline_90deg,2026-07-09 23:24:20.946409+05:30,0.0,71.72,-71.72,2
4712,ml_baseline_90deg,2026-07-09 23:24:21.046574+05:30,0.0,71.19,-71.19,1
4713,ml_baseline_90deg,2026-07-09 23:24:21.148008+05:30,0.0,70.84,-70.84,2
4714,ml_baseline_90deg,2026-07-09 23:24:21.246933+05:30,0.0,70.31,-70.31,2
4715,ml_baseline_90deg,2026-07-09 23:24:21.348620+05:30,0.0,69.96,-69.96,2
4716,ml_baseline_90deg,2026-07-09 23:24:21.447471+05:30,0.0,69.43,-69.43,2
4717,ml_baseline_90deg,2026-07-09 23:24:21.544798+05:30,0.0,69.08,-69.08,2
4718,ml_baseline_90deg,2026-07-09 23:24:21.646692+05:30,0.0,68.55,-68.55,2
4719,ml_baseline_90deg,2026-07-09 23:24:21.749211+05:30,0.0,68.2,-68.2,2
4720,ml_baseline_90deg,2026-07-09 23:24:21.846651+05:30,0.0,67.68,-67.68,2
4721,ml_baseline_90deg,2026-07-09 23:24:21.947149+05:30,0.0,67.32,-67.32,1
4722,ml_baseline_90deg,2026-07-09 23:24:22.047551+05:30,0.0,66.8,-66.8,2
4723,ml_baseline_90deg,2026-07-09 23:24:22.146258+05:30,0.0,66.45,-66.45,2
4724,ml_baseline_90deg,2026-07-09 23:24:22.249247+05:30,0.0,65.92,-65.92,2
4725,ml_baseline_90deg,2026-07-09 23:24:22.347886+05:30,0.0,65.39,-65.39,2
4726,ml_baseline_90deg,2026-07-09 23:24:22.446296+05:30,0.0,65.04,-65.04,2
4727,ml_baseline_90deg,2026-07-09 23:24:22.545355+05:30,0.0,64.51,-64.51,2
4728,ml_baseline_90deg,2026-07-09 23:24:22.648533+05:30,0.0,64.16,-64.16,2
4729,ml_baseline_90deg,2026-07-09 23:24:22.748948+05:30,0.0,63.63,-63.63,2
4730,ml_baseline_90deg,2026-07-09 23:24:22.848546+05:30,0.0,63.28,-63.28,1
4731,ml_baseline_90deg,2026-07-09 23:24:22.953730+05:30,0.0,62.93,-62.93,2
4732,ml_baseline_90deg,2026-07-09 23:24:23.045296+05:30,0.0,62.4,-62.4,2
4733,ml_baseline_90deg,2026-07-09 23:24:23.148713+05:30,0.0,61.88,-61.88,2
4734,ml_baseline_90deg,2026-07-09 23:24:23.247554+05:30,0.0,61.52,-61.52,2
4735,ml_baseline_90deg,2026-07-09 23:24:23.348302+05:30,0.0,61.0,-61.0,2
4736,ml_baseline_90deg,2026-07-09 23:24:23.449155+05:30,0.0,60.64,-60.64,2
4737,ml_baseline_90deg,2026-07-09 23:24:23.549087+05:30,0.0,60.12,-60.12,2
4738,ml_baseline_90deg,2026-07-09 23:24:23.648745+05:30,0.0,59.77,-59.77,2
4739,ml_baseline_90deg,2026-07-09 23:24:23.749758+05:30,0.0,59.24,-59.24,1
4740,ml_baseline_90deg,2026-07-09 23:24:23.846615+05:30,0.0,58.89,-58.89,2
4741,ml_baseline_90deg,2026-07-09 23:24:23.947049+05:30,0.0,58.36,-58.36,2
4742,ml_baseline_90deg,2026-07-09 23:24:24.048533+05:30,0.0,58.01,-58.01,2
4743,ml_baseline_90deg,2026-07-09 23:24:24.151419+05:30,0.0,57.48,-57.48,2
4744,ml_baseline_90deg,2026-07-09 23:24:24.247432+05:30,0.0,57.13,-57.13,2
4745,ml_baseline_90deg,2026-07-09 23:24:24.345484+05:30,0.0,56.6,-56.6,2
4746,ml_baseline_90deg,2026-07-09 23:24:24.449906+05:30,0.0,56.25,-56.25,2
4747,ml_baseline_90deg,2026-07-09 23:24:24.546675+05:30,0.0,55.72,-55.72,2
4748,ml_baseline_90deg,2026-07-09 23:24:24.650163+05:30,0.0,55.37,-55.37,1
4749,ml_baseline_90deg,2026-07-09 23:24:24.748446+05:30,0.0,54.84,-54.84,2
4750,ml_baseline_90deg,2026-07-09 23:24:24.848469+05:30,0.0,54.49,-54.49,2
4751,ml_baseline_90deg,2026-07-09 23:24:24.948254+05:30,0.0,53.96,-53.96,2
4752,ml_baseline_90deg,2026-07-09 23:24:25.044845+05:30,0.0,53.61,-53.61,2
4753,ml_baseline_90deg,2026-07-09 23:24:25.145124+05:30,0.0,53.09,-53.09,2
4754,ml_baseline_90deg,2026-07-09 23:24:25.246823+05:30,0.0,52.56,-52.56,2
4755,ml_baseline_90deg,2026-07-09 23:24:25.347738+05:30,0.0,52.21,-52.21,2
4756,ml_baseline_90deg,2026-07-09 23:24:25.451159+05:30,0.0,51.68,-51.68,2
4757,ml_baseline_90deg,2026-07-09 23:24:25.548580+05:30,0.0,51.33,-51.33,1
4758,ml_baseline_90deg,2026-07-09 23:24:25.648078+05:30,0.0,50.98,-50.98,2
4759,ml_baseline_90deg,2026-07-09 23:24:25.750744+05:30,0.0,50.45,-50.45,2
4760,ml_baseline_90deg,2026-07-09 23:24:25.847377+05:30,0.0,49.92,-49.92,2
4761,ml_baseline_90deg,2026-07-09 23:24:25.948611+05:30,0.0,49.57,-49.57,2
4762,ml_baseline_90deg,2026-07-09 23:24:26.046607+05:30,0.0,49.04,-49.04,2
4763,ml_baseline_90deg,2026-07-09 23:24:26.147078+05:30,0.0,48.69,-48.69,2
4764,ml_baseline_90deg,2026-07-09 23:24:26.247549+05:30,0.0,48.16,-48.16,2
4765,ml_baseline_90deg,2026-07-09 23:24:26.348170+05:30,0.0,47.64,-47.64,2
4766,ml_baseline_90deg,2026-07-09 23:24:26.447106+05:30,0.0,47.29,-47.29,1
4767,ml_baseline_90deg,2026-07-09 23:24:26.551576+05:30,0.0,46.93,-46.93,2
4768,ml_baseline_90deg,2026-07-09 23:24:26.650527+05:30,0.0,46.41,-46.41,2
4769,ml_baseline_90deg,2026-07-09 23:24:26.747225+05:30,0.0,45.88,-45.88,2
4770,ml_baseline_90deg,2026-07-09 23:24:26.847142+05:30,0.0,45.53,-45.53,2
4771,ml_baseline_90deg,2026-07-09 23:24:26.948091+05:30,0.0,45.0,-45.0,2
4772,ml_baseline_90deg,2026-07-09 23:24:27.052537+05:30,0.0,44.65,-44.65,2
4773,ml_baseline_90deg,2026-07-09 23:24:27.147239+05:30,0.0,44.12,-44.12,2
4774,ml_baseline_90deg,2026-07-09 23:24:27.247728+05:30,0.0,43.59,-43.59,2
4775,ml_baseline_90deg,2026-07-09 23:24:27.348044+05:30,0.0,43.24,-43.24,1
4776,ml_baseline_90deg,2026-07-09 23:24:27.447592+05:30,0.0,42.89,-42.89,2
4777,ml_baseline_90deg,2026-07-09 23:24:27.547750+05:30,0.0,42.36,-42.36,2
4778,ml_baseline_90deg,2026-07-09 23:24:27.646450+05:30,0.0,41.84,-41.84,2
4779,ml_baseline_90deg,2026-07-09 23:24:27.748364+05:30,0.0,41.48,-41.48,2
4780,ml_baseline_90deg,2026-07-09 23:24:27.847730+05:30,0.0,40.96,-40.96,2
4781,ml_baseline_90deg,2026-07-09 23:24:27.948720+05:30,0.0,40.43,-40.43,2
4782,ml_baseline_90deg,2026-07-09 23:24:28.049332+05:30,0.0,40.08,-40.08,2
4783,ml_baseline_90deg,2026-07-09 23:24:28.149037+05:30,0.0,39.55,-39.55,2
4784,ml_baseline_90deg,2026-07-09 23:24:28.251013+05:30,0.0,39.2,-39.2,1
4785,ml_baseline_90deg,2026-07-09 23:24:28.345870+05:30,0.0,38.85,-38.85,2
4786,ml_baseline_90deg,2026-07-09 23:24:28.447824+05:30,0.0,38.5,-38.5,2
4787,ml_baseline_90deg,2026-07-09 23:24:28.546573+05:30,0.0,38.14,-38.14,2
4788,ml_baseline_90deg,2026-07-09 23:24:28.647342+05:30,0.0,37.62,-37.62,2
4789,ml_baseline_90deg,2026-07-09 23:24:28.747375+05:30,0.0,37.27,-37.27,2
4790,ml_baseline_90deg,2026-07-09 23:24:28.847957+05:30,0.0,36.91,-36.91,2
4791,ml_baseline_90deg,2026-07-09 23:24:28.947504+05:30,0.0,36.39,-36.39,2
4792,ml_baseline_90deg,2026-07-09 23:24:29.045624+05:30,0.0,36.04,-36.04,2
4793,ml_baseline_90deg,2026-07-09 23:24:29.149740+05:30,0.0,35.51,-35.51,1
4794,ml_baseline_90deg,2026-07-09 23:24:29.248502+05:30,0.0,35.16,-35.16,2
4795,ml_baseline_90deg,2026-07-09 23:24:29.347867+05:30,0.0,34.63,-34.63,2
4796,ml_baseline_90deg,2026-07-09 23:24:29.447608+05:30,0.0,34.28,-34.28,2
4797,ml_baseline_90deg,2026-07-09 23:24:29.543892+05:30,0.0,33.75,-33.75,2
4798,ml_baseline_90deg,2026-07-09 23:24:29.648057+05:30,0.0,33.22,-33.22,2
4799,ml_baseline_90deg,2026-07-09 23:24:29.748426+05:30,0.0,32.87,-32.87,2
4800,ml_baseline_90deg,2026-07-09 23:24:29.848261+05:30,0.0,32.34,-32.34,2
4801,ml_baseline_90deg,2026-07-09 23:24:29.947255+05:30,0.0,31.82,-31.82,2
4802,ml_baseline_90deg,2026-07-09 23:24:30.046498+05:30,0.0,31.46,-31.46,1
4803,ml_baseline_90deg,2026-07-09 23:24:30.150289+05:30,0.0,31.11,-31.11,2
4804,ml_baseline_90deg,2026-07-09 23:24:30.251576+05:30,0.0,30.59,-30.59,2
4805,ml_baseline_90deg,2026-07-09 23:24:30.347417+05:30,0.0,30.23,-30.23,2
4806,ml_baseline_90deg,2026-07-09 23:24:30.448733+05:30,0.0,29.71,-29.71,2
4807,ml_baseline_90deg,2026-07-09 23:24:30.550015+05:30,0.0,29.36,-29.36,2
4808,ml_baseline_90deg,2026-07-09 23:24:30.646245+05:30,0.0,28.83,-28.83,2
4809,ml_baseline_90deg,2026-07-09 23:24:30.749531+05:30,0.0,28.48,-28.48,2
4810,ml_baseline_90deg,2026-07-09 23:24:30.846807+05:30,0.0,28.12,-28.12,2
4811,ml_baseline_90deg,2026-07-09 23:24:30.947730+05:30,0.0,27.6,-27.6,1
4812,ml_baseline_90deg,2026-07-09 23:24:31.046765+05:30,0.0,27.25,-27.25,2
4813,ml_baseline_90deg,2026-07-09 23:24:31.149294+05:30,0.0,26.72,-26.72,2
4814,ml_baseline_90deg,2026-07-09 23:24:31.248508+05:30,0.0,26.37,-26.37,2
4815,ml_baseline_90deg,2026-07-09 23:24:31.347001+05:30,0.0,25.84,-25.84,2
4816,ml_baseline_90deg,2026-07-09 23:24:31.449421+05:30,0.0,25.31,-25.31,2
4817,ml_baseline_90deg,2026-07-09 23:24:31.549046+05:30,0.0,24.79,-24.79,2
4818,ml_baseline_90deg,2026-07-09 23:24:31.645319+05:30,0.0,24.26,-24.26,2
4819,ml_baseline_90deg,2026-07-09 23:24:31.749443+05:30,0.0,23.73,-23.73,2
4820,ml_baseline_90deg,2026-07-09 23:24:31.845186+05:30,0.0,23.38,-23.38,1
4821,ml_baseline_90deg,2026-07-09 23:24:31.946759+05:30,0.0,23.03,-23.03,2
4822,ml_baseline_90deg,2026-07-09 23:24:32.050458+05:30,0.0,22.5,-22.5,2
4823,ml_baseline_90deg,2026-07-09 23:24:32.146991+05:30,0.0,21.97,-21.97,2
4824,ml_baseline_90deg,2026-07-09 23:24:32.247679+05:30,0.0,21.62,-21.62,2
4825,ml_baseline_90deg,2026-07-09 23:24:32.348417+05:30,0.0,21.09,-21.09,2
4826,ml_baseline_90deg,2026-07-09 23:24:32.448034+05:30,0.0,20.74,-20.74,2
4827,ml_baseline_90deg,2026-07-09 23:24:32.549209+05:30,0.0,20.21,-20.21,2
4828,ml_baseline_90deg,2026-07-09 23:24:32.648912+05:30,0.0,19.69,-19.69,2
4829,ml_baseline_90deg,2026-07-09 23:24:32.748610+05:30,0.0,19.16,-19.16,1
4830,ml_baseline_90deg,2026-07-09 23:24:32.847023+05:30,0.0,18.81,-18.81,2
4831,ml_baseline_90deg,2026-07-09 23:24:32.946675+05:30,0.0,18.28,-18.28,2
4832,ml_baseline_90deg,2026-07-09 23:24:33.047654+05:30,0.0,17.93,-17.93,2
4833,ml_baseline_90deg,2026-07-09 23:24:33.148215+05:30,0.0,17.58,-17.58,2
4834,ml_baseline_90deg,2026-07-09 23:24:33.247458+05:30,0.0,17.23,-17.23,2
4835,ml_baseline_90deg,2026-07-09 23:24:33.349640+05:30,0.0,16.7,-16.7,2
4836,ml_baseline_90deg,2026-07-09 23:24:33.450057+05:30,0.0,16.35,-16.35,2
4837,ml_baseline_90deg,2026-07-09 23:24:33.547194+05:30,0.0,16.0,-16.0,2
4838,ml_baseline_90deg,2026-07-09 23:24:33.648004+05:30,0.0,15.47,-15.47,1
4839,ml_baseline_90deg,2026-07-09 23:24:33.749384+05:30,0.0,14.94,-14.94,2
4840,ml_baseline_90deg,2026-07-09 23:24:33.848988+05:30,0.0,14.59,-14.59,2
4841,ml_baseline_90deg,2026-07-09 23:24:33.947385+05:30,0.0,14.06,-14.06,2
4842,ml_baseline_90deg,2026-07-09 23:24:34.046509+05:30,0.0,13.71,-13.71,2
4843,ml_baseline_90deg,2026-07-09 23:24:34.147909+05:30,0.0,13.36,-13.36,2
4844,ml_baseline_90deg,2026-07-09 23:24:34.245971+05:30,0.0,12.83,-12.83,2
4845,ml_baseline_90deg,2026-07-09 23:24:34.347419+05:30,0.0,12.3,-12.3,2
4846,ml_baseline_90deg,2026-07-09 23:24:34.449736+05:30,0.0,11.95,-11.95,2
4847,ml_baseline_90deg,2026-07-09 23:24:34.548845+05:30,0.0,11.6,-11.6,1
4848,ml_baseline_90deg,2026-07-09 23:24:34.647056+05:30,0.0,11.25,-11.25,2
4849,ml_baseline_90deg,2026-07-09 23:24:34.748810+05:30,0.0,10.72,-10.72,2
4850,ml_baseline_90deg,2026-07-09 23:24:34.846941+05:30,0.0,10.2,-10.2,2
4851,ml_baseline_90deg,2026-07-09 23:24:34.948347+05:30,0.0,9.67,-9.67,2
4852,ml_baseline_90deg,2026-07-09 23:24:35.047897+05:30,0.0,9.32,-9.32,2
4853,ml_baseline_90deg,2026-07-09 23:24:35.147458+05:30,0.0,8.79,-8.79,2
4854,ml_baseline_90deg,2026-07-09 23:24:35.246280+05:30,0.0,8.61,-8.61,2
4855,ml_baseline_90deg,2026-07-09 23:24:35.349764+05:30,0.0,8.44,-8.44,2
4856,ml_baseline_90deg,2026-07-09 23:24:35.447587+05:30,0.0,7.91,-7.91,1
4857,ml_baseline_90deg,2026-07-09 23:24:35.549364+05:30,0.0,7.56,-7.56,2
4858,ml_baseline_90deg,2026-07-09 23:24:35.648351+05:30,0.0,7.03,-7.03,2
4859,ml_baseline_90deg,2026-07-09 23:24:35.746534+05:30,0.0,6.5,-6.5,2
4860,ml_baseline_90deg,2026-07-09 23:24:35.846931+05:30,0.0,5.98,-5.98,2
4861,ml_baseline_90deg,2026-07-09 23:24:35.947343+05:30,0.0,5.45,-5.45,2
4862,ml_baseline_90deg,2026-07-09 23:24:36.048702+05:30,0.0,5.45,-5.45,2
4863,ml_baseline_90deg,2026-07-09 23:24:36.150460+05:30,90.0,5.45,84.55,2
4864,ml_baseline_90deg,2026-07-09 23:24:36.245660+05:30,90.0,5.45,84.55,2
4865,ml_baseline_90deg,2026-07-09 23:24:36.346891+05:30,90.0,5.45,84.55,2
4866,ml_baseline_90deg,2026-07-09 23:24:36.448610+05:30,90.0,5.45,84.55,2
4867,ml_baseline_90deg,2026-07-09 23:24:36.545117+05:30,90.0,5.45,84.55,2
4868,ml_baseline_90deg,2026-07-09 23:24:36.645637+05:30,90.0,5.45,84.55,2
4869,ml_baseline_90deg,2026-07-09 23:24:36.748081+05:30,90.0,5.45,84.55,2
4870,ml_baseline_90deg,2026-07-09 23:24:36.848666+05:30,90.0,5.45,84.55,2
4871,ml_baseline_90deg,2026-07-09 23:24:36.947021+05:30,90.0,5.45,84.55,1
4872,ml_baseline_90deg,2026-07-09 23:24:37.046611+05:30,90.0,5.45,84.55,2
4873,ml_baseline_90deg,2026-07-09 23:24:37.146511+05:30,90.0,5.62,84.37,2
4874,ml_baseline_90deg,2026-07-09 23:24:37.247745+05:30,90.0,5.62,84.37,2
4875,ml_baseline_90deg,2026-07-09 23:24:37.347144+05:30,90.0,5.8,84.2,2
4876,ml_baseline_90deg,2026-07-09 23:24:37.447958+05:30,90.0,5.98,84.02,2
4877,ml_baseline_90deg,2026-07-09 23:24:37.549729+05:30,90.0,5.98,84.02,2
4878,ml_baseline_90deg,2026-07-09 23:24:37.647212+05:30,90.0,6.15,83.85,2
4879,ml_baseline_90deg,2026-07-09 23:24:37.748115+05:30,90.0,6.15,83.85,2
4880,ml_baseline_90deg,2026-07-09 23:24:37.850465+05:30,90.0,6.15,83.85,1
4881,ml_baseline_90deg,2026-07-09 23:24:37.946903+05:30,90.0,6.5,83.5,2
4882,ml_baseline_90deg,2026-07-09 23:24:38.048545+05:30,90.0,6.86,83.14,2
4883,ml_baseline_90deg,2026-07-09 23:24:38.148304+05:30,90.0,7.38,82.62,2
4884,ml_baseline_90deg,2026-07-09 23:24:38.248512+05:30,90.0,7.91,82.09,2
4885,ml_baseline_90deg,2026-07-09 23:24:38.347103+05:30,90.0,8.26,81.74,2
4886,ml_baseline_90deg,2026-07-09 23:24:38.451836+05:30,90.0,8.79,81.21,2
4887,ml_baseline_90deg,2026-07-09 23:24:38.546455+05:30,90.0,9.32,80.68,2
4888,ml_baseline_90deg,2026-07-09 23:24:38.648492+05:30,90.0,9.67,80.33,2
4889,ml_baseline_90deg,2026-07-09 23:24:38.747570+05:30,90.0,10.2,79.8,1
4890,ml_baseline_90deg,2026-07-09 23:24:38.850859+05:30,90.0,10.37,79.63,2
4891,ml_baseline_90deg,2026-07-09 23:24:38.948739+05:30,90.0,10.9,79.1,2
4892,ml_baseline_90deg,2026-07-09 23:24:39.045173+05:30,90.0,11.25,78.75,2
4893,ml_baseline_90deg,2026-07-09 23:24:39.149305+05:30,90.0,11.78,78.22,2
4894,ml_baseline_90deg,2026-07-09 23:24:39.248182+05:30,90.0,12.13,77.87,2
4895,ml_baseline_90deg,2026-07-09 23:24:39.347071+05:30,90.0,12.66,77.34,2
4896,ml_baseline_90deg,2026-07-09 23:24:39.448755+05:30,90.0,13.01,76.99,2
4897,ml_baseline_90deg,2026-07-09 23:24:39.547743+05:30,90.0,13.54,76.46,2
4898,ml_baseline_90deg,2026-07-09 23:24:39.647191+05:30,90.0,13.71,76.29,1
4899,ml_baseline_90deg,2026-07-09 23:24:39.746016+05:30,90.0,14.06,75.94,2
4900,ml_baseline_90deg,2026-07-09 23:24:39.846998+05:30,90.0,14.59,75.41,2
4901,ml_baseline_90deg,2026-07-09 23:24:39.952314+05:30,90.0,14.94,75.06,2
4902,ml_baseline_90deg,2026-07-09 23:24:40.046761+05:30,90.0,15.47,74.53,2
4903,ml_baseline_90deg,2026-07-09 23:24:40.144625+05:30,90.0,15.82,74.18,2
4904,ml_baseline_90deg,2026-07-09 23:24:40.248923+05:30,90.0,16.35,73.65,2
4905,ml_baseline_90deg,2026-07-09 23:24:40.347150+05:30,90.0,16.7,73.3,2
4906,ml_baseline_90deg,2026-07-09 23:24:40.448852+05:30,90.0,17.23,72.77,2
4907,ml_baseline_90deg,2026-07-09 23:24:40.547182+05:30,90.0,17.58,72.42,1
4908,ml_baseline_90deg,2026-07-09 23:24:40.648455+05:30,90.0,17.75,72.25,2
4909,ml_baseline_90deg,2026-07-09 23:24:40.748283+05:30,90.0,18.28,71.72,2
4910,ml_baseline_90deg,2026-07-09 23:24:40.846572+05:30,90.0,18.81,71.19,2
4911,ml_baseline_90deg,2026-07-09 23:24:40.948095+05:30,90.0,19.16,70.84,2
4912,ml_baseline_90deg,2026-07-09 23:24:41.045385+05:30,90.0,19.69,70.31,2
4913,ml_baseline_90deg,2026-07-09 23:24:41.146621+05:30,90.0,20.04,69.96,2
4914,ml_baseline_90deg,2026-07-09 23:24:41.248219+05:30,90.0,20.57,69.43,2
4915,ml_baseline_90deg,2026-07-09 23:24:41.350315+05:30,90.0,20.92,69.08,2
4916,ml_baseline_90deg,2026-07-09 23:24:41.448633+05:30,90.0,21.27,68.73,1
4917,ml_baseline_90deg,2026-07-09 23:24:41.550007+05:30,90.0,21.62,68.38,2
4918,ml_baseline_90deg,2026-07-09 23:24:41.649364+05:30,90.0,21.97,68.03,2
4919,ml_baseline_90deg,2026-07-09 23:24:41.746946+05:30,90.0,22.5,67.5,2
4920,ml_baseline_90deg,2026-07-09 23:24:41.849885+05:30,90.0,22.85,67.15,2
4921,ml_baseline_90deg,2026-07-09 23:24:41.947269+05:30,90.0,23.38,66.62,2
4922,ml_baseline_90deg,2026-07-09 23:24:42.047043+05:30,90.0,23.73,66.27,2
4923,ml_baseline_90deg,2026-07-09 23:24:42.145906+05:30,90.0,24.26,65.74,2
4924,ml_baseline_90deg,2026-07-09 23:24:42.250390+05:30,90.0,24.61,65.39,2
4925,ml_baseline_90deg,2026-07-09 23:24:42.346536+05:30,90.0,24.96,65.04,1
4926,ml_baseline_90deg,2026-07-09 23:24:42.447459+05:30,90.0,25.31,64.69,2
4927,ml_baseline_90deg,2026-07-09 23:24:42.547999+05:30,90.0,25.66,64.34,2
4928,ml_baseline_90deg,2026-07-09 23:24:42.648255+05:30,90.0,26.02,63.98,2
4929,ml_baseline_90deg,2026-07-09 23:24:42.748708+05:30,90.0,26.54,63.46,2
4930,ml_baseline_90deg,2026-07-09 23:24:42.850233+05:30,90.0,26.89,63.11,2
4931,ml_baseline_90deg,2026-07-09 23:24:42.949030+05:30,90.0,27.42,62.58,2
4932,ml_baseline_90deg,2026-07-09 23:24:43.046889+05:30,90.0,27.77,62.23,2
4933,ml_baseline_90deg,2026-07-09 23:24:43.151029+05:30,90.0,28.3,61.7,2
4934,ml_baseline_90deg,2026-07-09 23:24:43.249493+05:30,90.0,28.65,61.35,1
4935,ml_baseline_90deg,2026-07-09 23:24:43.348591+05:30,90.0,28.83,61.17,2
4936,ml_baseline_90deg,2026-07-09 23:24:43.449850+05:30,90.0,29.36,60.64,2
4937,ml_baseline_90deg,2026-07-09 23:24:43.545849+05:30,90.0,29.71,60.29,2
4938,ml_baseline_90deg,2026-07-09 23:24:43.647395+05:30,90.0,30.23,59.77,2
4939,ml_baseline_90deg,2026-07-09 23:24:43.749695+05:30,90.0,30.59,59.41,2
4940,ml_baseline_90deg,2026-07-09 23:24:43.848821+05:30,90.0,30.94,59.06,2
4941,ml_baseline_90deg,2026-07-09 23:24:43.948236+05:30,90.0,31.46,58.54,2
4942,ml_baseline_90deg,2026-07-09 23:24:44.050317+05:30,90.0,31.82,58.18,2
4943,ml_baseline_90deg,2026-07-09 23:24:44.150119+05:30,90.0,32.17,57.83,1
4944,ml_baseline_90deg,2026-07-09 23:24:44.246332+05:30,90.0,32.52,57.48,2
4945,ml_baseline_90deg,2026-07-09 23:24:44.347072+05:30,90.0,32.87,57.13,2
4946,ml_baseline_90deg,2026-07-09 23:24:44.451408+05:30,90.0,33.4,56.6,2
4947,ml_baseline_90deg,2026-07-09 23:24:44.548696+05:30,90.0,33.75,56.25,2
4948,ml_baseline_90deg,2026-07-09 23:24:44.648629+05:30,90.0,34.1,55.9,2
4949,ml_baseline_90deg,2026-07-09 23:24:44.747184+05:30,90.0,34.63,55.37,2
4950,ml_baseline_90deg,2026-07-09 23:24:44.847236+05:30,90.0,34.98,55.02,2
4951,ml_baseline_90deg,2026-07-09 23:24:44.946727+05:30,90.0,35.51,54.49,2
4952,ml_baseline_90deg,2026-07-09 23:24:45.044991+05:30,90.0,35.68,54.32,1
4953,ml_baseline_90deg,2026-07-09 23:24:45.145722+05:30,90.0,36.04,53.96,2
4954,ml_baseline_90deg,2026-07-09 23:24:45.247661+05:30,90.0,36.56,53.44,2
4955,ml_baseline_90deg,2026-07-09 23:24:45.348398+05:30,90.0,36.91,53.09,2
4956,ml_baseline_90deg,2026-07-09 23:24:45.447465+05:30,90.0,37.27,52.73,2
4957,ml_baseline_90deg,2026-07-09 23:24:45.548319+05:30,90.0,37.79,52.21,2
4958,ml_baseline_90deg,2026-07-09 23:24:45.647731+05:30,90.0,38.14,51.86,2
4959,ml_baseline_90deg,2026-07-09 23:24:45.747110+05:30,90.0,38.5,51.5,2
4960,ml_baseline_90deg,2026-07-09 23:24:45.847925+05:30,90.0,39.02,50.98,2
4961,ml_baseline_90deg,2026-07-09 23:24:45.947798+05:30,90.0,39.38,50.63,1
4962,ml_baseline_90deg,2026-07-09 23:24:46.046311+05:30,90.0,39.73,50.27,2
4963,ml_baseline_90deg,2026-07-09 23:24:46.149097+05:30,90.0,40.08,49.92,2
4964,ml_baseline_90deg,2026-07-09 23:24:46.247498+05:30,90.0,40.43,49.57,2
4965,ml_baseline_90deg,2026-07-09 23:24:46.345864+05:30,90.0,40.96,49.04,2
4966,ml_baseline_90deg,2026-07-09 23:24:46.450632+05:30,90.0,41.31,48.69,2
4967,ml_baseline_90deg,2026-07-09 23:24:46.545942+05:30,90.0,41.84,48.16,2
4968,ml_baseline_90deg,2026-07-09 23:24:46.647269+05:30,90.0,42.19,47.81,2
4969,ml_baseline_90deg,2026-07-09 23:24:46.746771+05:30,90.0,42.71,47.29,2
4970,ml_baseline_90deg,2026-07-09 23:24:46.848914+05:30,90.0,42.89,47.11,1
4971,ml_baseline_90deg,2026-07-09 23:24:46.948917+05:30,90.0,43.24,46.76,2
4972,ml_baseline_90deg,2026-07-09 23:24:47.048219+05:30,90.0,43.77,46.23,2
4973,ml_baseline_90deg,2026-07-09 23:24:47.146021+05:30,90.0,44.12,45.88,2
4974,ml_baseline_90deg,2026-07-09 23:24:47.249438+05:30,90.0,44.65,45.35,2
4975,ml_baseline_90deg,2026-07-09 23:24:47.347130+05:30,90.0,45.0,45.0,2
4976,ml_baseline_90deg,2026-07-09 23:24:47.452450+05:30,90.0,45.35,44.65,2
4977,ml_baseline_90deg,2026-07-09 23:24:47.548611+05:30,90.0,45.88,44.12,2
4978,ml_baseline_90deg,2026-07-09 23:24:47.645954+05:30,90.0,46.23,43.77,2
4979,ml_baseline_90deg,2026-07-09 23:24:47.749129+05:30,90.0,46.58,43.42,1
4980,ml_baseline_90deg,2026-07-09 23:24:47.847115+05:30,90.0,46.93,43.07,2
4981,ml_baseline_90deg,2026-07-09 23:24:47.946910+05:30,90.0,47.29,42.71,2
4982,ml_baseline_90deg,2026-07-09 23:24:48.046720+05:30,90.0,47.64,42.36,2
4983,ml_baseline_90deg,2026-07-09 23:24:48.146747+05:30,90.0,48.16,41.84,2
4984,ml_baseline_90deg,2026-07-09 23:24:48.248134+05:30,90.0,48.52,41.48,2
4985,ml_baseline_90deg,2026-07-09 23:24:48.347330+05:30,90.0,48.87,41.13,2
4986,ml_baseline_90deg,2026-07-09 23:24:48.447516+05:30,90.0,49.39,40.61,2
4987,ml_baseline_90deg,2026-07-09 23:24:48.549121+05:30,90.0,49.75,40.25,2
4988,ml_baseline_90deg,2026-07-09 23:24:48.648181+05:30,90.0,50.1,39.9,1
4989,ml_baseline_90deg,2026-07-09 23:24:48.747186+05:30,90.0,50.45,39.55,2
4990,ml_baseline_90deg,2026-07-09 23:24:48.847552+05:30,90.0,50.8,39.2,2
4991,ml_baseline_90deg,2026-07-09 23:24:48.947739+05:30,90.0,51.15,38.85,2
4992,ml_baseline_90deg,2026-07-09 23:24:49.047887+05:30,90.0,51.68,38.32,2
4993,ml_baseline_90deg,2026-07-09 23:24:49.146570+05:30,90.0,52.03,37.97,2
4994,ml_baseline_90deg,2026-07-09 23:24:49.248809+05:30,90.0,52.38,37.62,2
4995,ml_baseline_90deg,2026-07-09 23:24:49.347140+05:30,90.0,52.91,37.09,2
4996,ml_baseline_90deg,2026-07-09 23:24:49.449818+05:30,90.0,53.26,36.74,2
4997,ml_baseline_90deg,2026-07-09 23:24:49.548817+05:30,90.0,53.61,36.39,1
4998,ml_baseline_90deg,2026-07-09 23:24:49.648015+05:30,90.0,53.96,36.04,2
4999,ml_baseline_90deg,2026-07-09 23:24:49.747352+05:30,90.0,54.32,35.68,2
5000,ml_baseline_90deg,2026-07-09 23:24:49.846905+05:30,90.0,54.67,35.33,2
5001,ml_baseline_90deg,2026-07-09 23:24:49.947728+05:30,90.0,55.2,34.8,2
5002,ml_baseline_90deg,2026-07-09 23:24:50.046002+05:30,90.0,55.55,34.45,2
5003,ml_baseline_90deg,2026-07-09 23:24:50.145840+05:30,90.0,55.9,34.1,2
5004,ml_baseline_90deg,2026-07-09 23:24:50.246349+05:30,90.0,56.43,33.57,2
5005,ml_baseline_90deg,2026-07-09 23:24:50.345998+05:30,90.0,56.78,33.22,2
5006,ml_baseline_90deg,2026-07-09 23:24:50.444858+05:30,90.0,57.13,32.87,1
5007,ml_baseline_90deg,2026-07-09 23:24:50.544912+05:30,90.0,57.48,32.52,2
5008,ml_baseline_90deg,2026-07-09 23:24:50.646624+05:30,90.0,57.83,32.17,2
5009,ml_baseline_90deg,2026-07-09 23:24:50.748061+05:30,90.0,58.18,31.82,2
5010,ml_baseline_90deg,2026-07-09 23:24:50.845853+05:30,90.0,58.71,31.29,2
5011,ml_baseline_90deg,2026-07-09 23:24:50.947810+05:30,90.0,59.06,30.94,2
5012,ml_baseline_90deg,2026-07-09 23:24:51.044960+05:30,90.0,59.41,30.59,2
5013,ml_baseline_90deg,2026-07-09 23:24:51.152093+05:30,90.0,59.94,30.06,2
5014,ml_baseline_90deg,2026-07-09 23:24:51.247519+05:30,90.0,60.29,29.71,2
5015,ml_baseline_90deg,2026-07-09 23:24:51.348290+05:30,90.0,60.64,29.36,1
5016,ml_baseline_90deg,2026-07-09 23:24:51.450175+05:30,90.0,61.0,29.0,2
5017,ml_baseline_90deg,2026-07-09 23:24:51.551740+05:30,90.0,61.35,28.65,2
5018,ml_baseline_90deg,2026-07-09 23:24:51.646477+05:30,90.0,61.88,28.12,2
5019,ml_baseline_90deg,2026-07-09 23:24:51.746851+05:30,90.0,62.23,27.77,2
5020,ml_baseline_90deg,2026-07-09 23:24:51.846711+05:30,90.0,62.58,27.42,2
5021,ml_baseline_90deg,2026-07-09 23:24:51.946448+05:30,90.0,63.11,26.89,2
5022,ml_baseline_90deg,2026-07-09 23:24:52.045672+05:30,90.0,63.46,26.54,2
5023,ml_baseline_90deg,2026-07-09 23:24:52.145846+05:30,90.0,63.98,26.02,2
5024,ml_baseline_90deg,2026-07-09 23:24:52.249652+05:30,90.0,64.34,25.66,1
5025,ml_baseline_90deg,2026-07-09 23:24:52.344996+05:30,90.0,64.69,25.31,2
5026,ml_baseline_90deg,2026-07-09 23:24:52.446114+05:30,90.0,65.04,24.96,2
5027,ml_baseline_90deg,2026-07-09 23:24:52.545311+05:30,90.0,65.39,24.61,2
5028,ml_baseline_90deg,2026-07-09 23:24:52.646543+05:30,90.0,65.92,24.08,2
5029,ml_baseline_90deg,2026-07-09 23:24:52.746844+05:30,90.0,66.27,23.73,2
5030,ml_baseline_90deg,2026-07-09 23:24:52.845382+05:30,90.0,66.8,23.2,2
5031,ml_baseline_90deg,2026-07-09 23:24:52.945300+05:30,90.0,67.15,22.85,2
5032,ml_baseline_90deg,2026-07-09 23:24:53.046187+05:30,90.0,67.68,22.32,2
5033,ml_baseline_90deg,2026-07-09 23:24:53.146257+05:30,90.0,68.03,21.97,1
5034,ml_baseline_90deg,2026-07-09 23:24:53.245326+05:30,90.0,68.38,21.62,2
5035,ml_baseline_90deg,2026-07-09 23:24:53.350794+05:30,90.0,68.73,21.27,2
5036,ml_baseline_90deg,2026-07-09 23:24:53.447291+05:30,90.0,69.26,20.74,2
5037,ml_baseline_90deg,2026-07-09 23:24:53.550922+05:30,90.0,69.61,20.39,2
5038,ml_baseline_90deg,2026-07-09 23:24:53.645664+05:30,90.0,70.14,19.86,2
5039,ml_baseline_90deg,2026-07-09 23:24:53.751244+05:30,90.0,70.49,19.51,2
5040,ml_baseline_90deg,2026-07-09 23:24:53.846715+05:30,90.0,71.02,18.98,2
5041,ml_baseline_90deg,2026-07-09 23:24:53.950815+05:30,90.0,71.37,18.63,2
5042,ml_baseline_90deg,2026-07-09 23:24:54.047054+05:30,90.0,71.72,18.28,1
5043,ml_baseline_90deg,2026-07-09 23:24:54.147281+05:30,90.0,72.07,17.93,2
5044,ml_baseline_90deg,2026-07-09 23:24:54.249067+05:30,90.0,72.6,17.4,2
5045,ml_baseline_90deg,2026-07-09 23:24:54.346278+05:30,90.0,72.95,17.05,2
5046,ml_baseline_90deg,2026-07-09 23:24:54.450673+05:30,90.0,73.48,16.52,2
5047,ml_baseline_90deg,2026-07-09 23:24:54.547495+05:30,90.0,74.0,16.0,2
5048,ml_baseline_90deg,2026-07-09 23:24:54.647750+05:30,90.0,74.36,15.64,2
5049,ml_baseline_90deg,2026-07-09 23:24:54.751322+05:30,90.0,74.88,15.12,2
5050,ml_baseline_90deg,2026-07-09 23:24:54.847386+05:30,90.0,75.23,14.77,2
5051,ml_baseline_90deg,2026-07-09 23:24:54.947420+05:30,90.0,75.59,14.41,1
5052,ml_baseline_90deg,2026-07-09 23:24:55.044374+05:30,90.0,75.94,14.06,2
5053,ml_baseline_90deg,2026-07-09 23:24:55.147760+05:30,90.0,76.46,13.54,2
5054,ml_baseline_90deg,2026-07-09 23:24:55.246343+05:30,90.0,76.99,13.01,2
5055,ml_baseline_90deg,2026-07-09 23:24:55.345675+05:30,90.0,77.34,12.66,2
5056,ml_baseline_90deg,2026-07-09 23:24:55.444613+05:30,90.0,77.87,12.13,2
5057,ml_baseline_90deg,2026-07-09 23:24:55.545870+05:30,90.0,78.4,11.6,2
5058,ml_baseline_90deg,2026-07-09 23:24:55.646511+05:30,90.0,78.75,11.25,2
5059,ml_baseline_90deg,2026-07-09 23:24:55.744787+05:30,90.0,79.28,10.72,2
5060,ml_baseline_90deg,2026-07-09 23:24:55.848293+05:30,90.0,79.63,10.37,1
5061,ml_baseline_90deg,2026-07-09 23:24:55.946977+05:30,90.0,79.98,10.02,2
5062,ml_baseline_90deg,2026-07-09 23:24:56.044163+05:30,90.0,80.51,9.49,2
5063,ml_baseline_90deg,2026-07-09 23:24:56.146414+05:30,90.0,81.04,8.96,2
5064,ml_baseline_90deg,2026-07-09 23:24:56.246998+05:30,90.0,81.39,8.61,2
5065,ml_baseline_90deg,2026-07-09 23:24:56.346003+05:30,90.0,81.91,8.09,2
5066,ml_baseline_90deg,2026-07-09 23:24:56.446263+05:30,90.0,82.27,7.73,2
5067,ml_baseline_90deg,2026-07-09 23:24:56.545510+05:30,90.0,82.79,7.21,2
5068,ml_baseline_90deg,2026-07-09 23:24:56.646094+05:30,90.0,83.32,6.68,2
5069,ml_baseline_90deg,2026-07-09 23:24:56.745330+05:30,90.0,83.67,6.33,1
5070,ml_baseline_90deg,2026-07-09 23:24:56.846820+05:30,90.0,83.85,6.15,2
5071,ml_baseline_90deg,2026-07-09 23:24:56.947275+05:30,90.0,84.37,5.62,2
5072,ml_baseline_90deg,2026-07-09 23:24:57.045221+05:30,90.0,84.9,5.1,2
5073,ml_baseline_90deg,2026-07-09 23:24:57.147870+05:30,90.0,85.25,4.75,1
5074,ml_baseline_90deg,2026-07-09 23:24:57.248972+05:30,90.0,85.61,4.39,1
5075,ml_baseline_90deg,2026-07-09 23:24:57.347003+05:30,90.0,85.78,4.22,1
5076,ml_baseline_90deg,2026-07-09 23:24:57.446041+05:30,90.0,86.13,3.87,1
5077,ml_baseline_90deg,2026-07-09 23:24:57.547884+05:30,0.0,86.31,-86.31,2
5078,ml_baseline_90deg,2026-07-09 23:24:57.646302+05:30,0.0,86.48,-86.48,2
5079,ml_baseline_90deg,2026-07-09 23:24:57.746829+05:30,0.0,86.48,-86.48,2
5080,ml_baseline_90deg,2026-07-09 23:24:57.846545+05:30,0.0,86.48,-86.48,2
5081,ml_baseline_90deg,2026-07-09 23:24:57.945129+05:30,0.0,86.48,-86.48,2
5082,ml_baseline_90deg,2026-07-09 23:24:58.047104+05:30,0.0,86.48,-86.48,2
5083,ml_baseline_90deg,2026-07-09 23:24:58.146437+05:30,0.0,86.48,-86.48,2
5084,ml_baseline_90deg,2026-07-09 23:24:58.246048+05:30,0.0,86.48,-86.48,2
5085,ml_baseline_90deg,2026-07-09 23:24:58.346327+05:30,0.0,86.48,-86.48,1
5086,ml_baseline_90deg,2026-07-09 23:24:58.447261+05:30,0.0,86.48,-86.48,2
5087,ml_baseline_90deg,2026-07-09 23:24:58.546636+05:30,0.0,86.31,-86.31,2
5088,ml_baseline_90deg,2026-07-09 23:24:58.646042+05:30,0.0,86.31,-86.31,2
5089,ml_baseline_90deg,2026-07-09 23:24:58.744558+05:30,0.0,86.13,-86.13,2
5090,ml_baseline_90deg,2026-07-09 23:24:58.844887+05:30,0.0,85.96,-85.96,2
5091,ml_baseline_90deg,2026-07-09 23:24:58.946333+05:30,0.0,85.78,-85.78,2
5092,ml_baseline_90deg,2026-07-09 23:24:59.045100+05:30,0.0,85.61,-85.61,2
5093,ml_baseline_90deg,2026-07-09 23:24:59.145766+05:30,0.0,85.25,-85.25,2
5094,ml_baseline_90deg,2026-07-09 23:24:59.247378+05:30,0.0,84.9,-84.9,1
5095,ml_baseline_90deg,2026-07-09 23:24:59.419402+05:30,0.0,84.55,-84.55,2
5096,ml_baseline_90deg,2026-07-09 23:24:59.450168+05:30,0.0,84.02,-84.02,2
5097,ml_baseline_90deg,2026-07-09 23:24:59.545693+05:30,0.0,83.5,-83.5,2
5098,ml_baseline_90deg,2026-07-09 23:24:59.645320+05:30,0.0,83.14,-83.14,2
5099,ml_baseline_90deg,2026-07-09 23:24:59.743863+05:30,0.0,82.62,-82.62,2
5100,ml_baseline_90deg,2026-07-09 23:24:59.845660+05:30,0.0,82.09,-82.09,2
5101,ml_baseline_90deg,2026-07-09 23:24:59.947964+05:30,0.0,81.56,-81.56,2
5102,ml_baseline_90deg,2026-07-09 23:25:00.044967+05:30,0.0,81.21,-81.21,2
5103,ml_baseline_90deg,2026-07-09 23:25:00.145340+05:30,0.0,80.68,-80.68,1
5104,ml_baseline_90deg,2026-07-09 23:25:00.246815+05:30,0.0,80.33,-80.33,2
5105,ml_baseline_90deg,2026-07-09 23:25:00.348072+05:30,0.0,79.8,-79.8,2
5106,ml_baseline_90deg,2026-07-09 23:25:00.445538+05:30,0.0,79.28,-79.28,2
5107,ml_baseline_90deg,2026-07-09 23:25:00.546580+05:30,0.0,78.75,-78.75,2
5108,ml_baseline_90deg,2026-07-09 23:25:00.645151+05:30,0.0,78.4,-78.4,2
5109,ml_baseline_90deg,2026-07-09 23:25:00.745355+05:30,0.0,77.87,-77.87,2
5110,ml_baseline_90deg,2026-07-09 23:25:00.846728+05:30,0.0,77.34,-77.34,2
5111,ml_baseline_90deg,2026-07-09 23:25:00.945056+05:30,0.0,76.82,-76.82,2
5112,ml_baseline_90deg,2026-07-09 23:25:01.045830+05:30,0.0,76.46,-76.46,1
5113,ml_baseline_90deg,2026-07-09 23:25:01.146351+05:30,0.0,75.94,-75.94,2
5114,ml_baseline_90deg,2026-07-09 23:25:01.247694+05:30,0.0,75.59,-75.59,2
5115,ml_baseline_90deg,2026-07-09 23:25:01.346359+05:30,0.0,75.06,-75.06,2
5116,ml_baseline_90deg,2026-07-09 23:25:01.446418+05:30,0.0,74.53,-74.53,2
5117,ml_baseline_90deg,2026-07-09 23:25:01.545632+05:30,0.0,74.0,-74.0,2
5118,ml_baseline_90deg,2026-07-09 23:25:01.651464+05:30,0.0,73.65,-73.65,2
5119,ml_baseline_90deg,2026-07-09 23:25:01.746701+05:30,0.0,73.12,-73.12,2
5120,ml_baseline_90deg,2026-07-09 23:25:01.846430+05:30,0.0,72.6,-72.6,2
5121,ml_baseline_90deg,2026-07-09 23:25:01.945368+05:30,0.0,72.25,-72.25,1
5122,ml_baseline_90deg,2026-07-09 23:25:02.047056+05:30,0.0,71.89,-71.89,2
5123,ml_baseline_90deg,2026-07-09 23:25:02.146157+05:30,0.0,71.37,-71.37,2
5124,ml_baseline_90deg,2026-07-09 23:25:02.248964+05:30,0.0,70.84,-70.84,2
5125,ml_baseline_90deg,2026-07-09 23:25:02.348860+05:30,0.0,70.49,-70.49,2
5126,ml_baseline_90deg,2026-07-09 23:25:02.445910+05:30,0.0,69.96,-69.96,2
5127,ml_baseline_90deg,2026-07-09 23:25:02.548926+05:30,0.0,69.43,-69.43,2
5128,ml_baseline_90deg,2026-07-09 23:25:02.649297+05:30,0.0,69.08,-69.08,2
5129,ml_baseline_90deg,2026-07-09 23:25:02.746645+05:30,0.0,68.55,-68.55,2
5130,ml_baseline_90deg,2026-07-09 23:25:02.850747+05:30,0.0,68.2,-68.2,1
5131,ml_baseline_90deg,2026-07-09 23:25:02.949110+05:30,0.0,67.68,-67.68,2
5132,ml_baseline_90deg,2026-07-09 23:25:03.045342+05:30,0.0,67.32,-67.32,2
5133,ml_baseline_90deg,2026-07-09 23:25:03.145195+05:30,0.0,66.8,-66.8,2
5134,ml_baseline_90deg,2026-07-09 23:25:03.247111+05:30,0.0,66.45,-66.45,2
5135,ml_baseline_90deg,2026-07-09 23:25:03.346655+05:30,0.0,65.92,-65.92,2
5136,ml_baseline_90deg,2026-07-09 23:25:03.447159+05:30,0.0,65.57,-65.57,2
5137,ml_baseline_90deg,2026-07-09 23:25:03.544821+05:30,0.0,65.04,-65.04,2
5138,ml_baseline_90deg,2026-07-09 23:25:03.646243+05:30,0.0,64.69,-64.69,2
5139,ml_baseline_90deg,2026-07-09 23:25:03.747095+05:30,0.0,64.16,-64.16,1
5140,ml_baseline_90deg,2026-07-09 23:25:03.849759+05:30,0.0,63.81,-63.81,2
5141,ml_baseline_90deg,2026-07-09 23:25:03.950302+05:30,0.0,63.46,-63.46,2
5142,ml_baseline_90deg,2026-07-09 23:25:04.047195+05:30,0.0,62.93,-62.93,2
5143,ml_baseline_90deg,2026-07-09 23:25:04.145587+05:30,0.0,62.4,-62.4,2
5144,ml_baseline_90deg,2026-07-09 23:25:04.249251+05:30,0.0,62.05,-62.05,2
5145,ml_baseline_90deg,2026-07-09 23:25:04.345401+05:30,0.0,61.52,-61.52,2
5146,ml_baseline_90deg,2026-07-09 23:25:04.447955+05:30,0.0,61.17,-61.17,2
5147,ml_baseline_90deg,2026-07-09 23:25:04.547807+05:30,0.0,60.64,-60.64,2
5148,ml_baseline_90deg,2026-07-09 23:25:04.647086+05:30,0.0,60.12,-60.12,1
5149,ml_baseline_90deg,2026-07-09 23:25:04.747524+05:30,0.0,59.77,-59.77,2
5150,ml_baseline_90deg,2026-07-09 23:25:04.848625+05:30,0.0,59.41,-59.41,2
5151,ml_baseline_90deg,2026-07-09 23:25:04.949144+05:30,0.0,58.89,-58.89,2
5152,ml_baseline_90deg,2026-07-09 23:25:05.045526+05:30,0.0,58.54,-58.54,2
5153,ml_baseline_90deg,2026-07-09 23:25:05.149335+05:30,0.0,58.01,-58.01,2
5154,ml_baseline_90deg,2026-07-09 23:25:05.247441+05:30,0.0,57.66,-57.66,2
5155,ml_baseline_90deg,2026-07-09 23:25:05.347047+05:30,0.0,57.13,-57.13,2
5156,ml_baseline_90deg,2026-07-09 23:25:05.448617+05:30,0.0,56.6,-56.6,2
5157,ml_baseline_90deg,2026-07-09 23:25:05.548724+05:30,0.0,56.25,-56.25,1
5158,ml_baseline_90deg,2026-07-09 23:25:05.647573+05:30,0.0,55.9,-55.9,2
5159,ml_baseline_90deg,2026-07-09 23:25:05.749918+05:30,0.0,55.37,-55.37,2
5160,ml_baseline_90deg,2026-07-09 23:25:05.849726+05:30,0.0,55.02,-55.02,2
5161,ml_baseline_90deg,2026-07-09 23:25:05.947454+05:30,0.0,54.49,-54.49,2
5162,ml_baseline_90deg,2026-07-09 23:25:06.048331+05:30,0.0,53.96,-53.96,2
5163,ml_baseline_90deg,2026-07-09 23:25:06.148069+05:30,0.0,53.61,-53.61,2
5164,ml_baseline_90deg,2026-07-09 23:25:06.246972+05:30,0.0,53.09,-53.09,2
5165,ml_baseline_90deg,2026-07-09 23:25:06.348975+05:30,0.0,52.73,-52.73,2
5166,ml_baseline_90deg,2026-07-09 23:25:06.447702+05:30,0.0,52.21,-52.21,1
5167,ml_baseline_90deg,2026-07-09 23:25:06.547577+05:30,0.0,51.86,-51.86,2
5168,ml_baseline_90deg,2026-07-09 23:25:06.646159+05:30,0.0,51.33,-51.33,2
5169,ml_baseline_90deg,2026-07-09 23:25:06.748197+05:30,0.0,50.98,-50.98,2
5170,ml_baseline_90deg,2026-07-09 23:25:06.847523+05:30,0.0,50.45,-50.45,2
5171,ml_baseline_90deg,2026-07-09 23:25:06.945629+05:30,0.0,49.92,-49.92,2
5172,ml_baseline_90deg,2026-07-09 23:25:07.047419+05:30,0.0,49.57,-49.57,2
5173,ml_baseline_90deg,2026-07-09 23:25:07.146366+05:30,0.0,49.04,-49.04,2
5174,ml_baseline_90deg,2026-07-09 23:25:07.246060+05:30,0.0,48.69,-48.69,2
5175,ml_baseline_90deg,2026-07-09 23:25:07.347410+05:30,0.0,48.16,-48.16,1
5176,ml_baseline_90deg,2026-07-09 23:25:07.447292+05:30,0.0,47.81,-47.81,2
5177,ml_baseline_90deg,2026-07-09 23:25:07.548106+05:30,0.0,47.46,-47.46,2
5178,ml_baseline_90deg,2026-07-09 23:25:07.652041+05:30,0.0,46.93,-46.93,2
5179,ml_baseline_90deg,2026-07-09 23:25:07.746157+05:30,0.0,46.41,-46.41,2
5180,ml_baseline_90deg,2026-07-09 23:25:07.849855+05:30,0.0,46.05,-46.05,2
5181,ml_baseline_90deg,2026-07-09 23:25:07.949970+05:30,0.0,45.53,-45.53,2
5182,ml_baseline_90deg,2026-07-09 23:25:08.045285+05:30,0.0,45.0,-45.0,2
5183,ml_baseline_90deg,2026-07-09 23:25:08.147237+05:30,0.0,44.65,-44.65,2
5184,ml_baseline_90deg,2026-07-09 23:25:08.247256+05:30,0.0,44.12,-44.12,1
5185,ml_baseline_90deg,2026-07-09 23:25:08.347365+05:30,0.0,43.77,-43.77,2
5186,ml_baseline_90deg,2026-07-09 23:25:08.446701+05:30,0.0,43.42,-43.42,2
5187,ml_baseline_90deg,2026-07-09 23:25:08.546748+05:30,0.0,42.89,-42.89,2
5188,ml_baseline_90deg,2026-07-09 23:25:08.647383+05:30,0.0,42.36,-42.36,2
5189,ml_baseline_90deg,2026-07-09 23:25:08.747107+05:30,0.0,42.01,-42.01,2
5190,ml_baseline_90deg,2026-07-09 23:25:08.849890+05:30,0.0,41.48,-41.48,2
5191,ml_baseline_90deg,2026-07-09 23:25:08.946545+05:30,0.0,40.96,-40.96,2
5192,ml_baseline_90deg,2026-07-09 23:25:09.045949+05:30,0.0,40.61,-40.61,2
5193,ml_baseline_90deg,2026-07-09 23:25:09.146945+05:30,0.0,40.08,-40.08,1
5194,ml_baseline_90deg,2026-07-09 23:25:09.246898+05:30,0.0,39.73,-39.73,2
5195,ml_baseline_90deg,2026-07-09 23:25:09.345973+05:30,0.0,39.38,-39.38,2
5196,ml_baseline_90deg,2026-07-09 23:25:09.444949+05:30,0.0,38.85,-38.85,2
5197,ml_baseline_90deg,2026-07-09 23:25:09.546440+05:30,0.0,38.5,-38.5,2
5198,ml_baseline_90deg,2026-07-09 23:25:09.646800+05:30,0.0,37.97,-37.97,2
5199,ml_baseline_90deg,2026-07-09 23:25:09.747442+05:30,0.0,37.62,-37.62,2
5200,ml_baseline_90deg,2026-07-09 23:25:09.847570+05:30,0.0,37.09,-37.09,2
5201,ml_baseline_90deg,2026-07-09 23:25:09.950313+05:30,0.0,36.74,-36.74,2
5202,ml_baseline_90deg,2026-07-09 23:25:10.044660+05:30,0.0,36.21,-36.21,1
5203,ml_baseline_90deg,2026-07-09 23:25:10.144953+05:30,0.0,35.86,-35.86,2
5204,ml_baseline_90deg,2026-07-09 23:25:10.247754+05:30,0.0,35.51,-35.51,2
5205,ml_baseline_90deg,2026-07-09 23:25:10.347676+05:30,0.0,34.98,-34.98,2
5206,ml_baseline_90deg,2026-07-09 23:25:10.448925+05:30,0.0,34.63,-34.63,2
5207,ml_baseline_90deg,2026-07-09 23:25:10.548643+05:30,0.0,34.1,-34.1,2
5208,ml_baseline_90deg,2026-07-09 23:25:10.648045+05:30,0.0,33.57,-33.57,2
5209,ml_baseline_90deg,2026-07-09 23:25:10.748550+05:30,0.0,33.22,-33.22,2
5210,ml_baseline_90deg,2026-07-09 23:25:10.849162+05:30,0.0,32.7,-32.7,2
5211,ml_baseline_90deg,2026-07-09 23:25:10.947836+05:30,0.0,32.34,-32.34,1
5212,ml_baseline_90deg,2026-07-09 23:25:11.046003+05:30,0.0,31.82,-31.82,2
5213,ml_baseline_90deg,2026-07-09 23:25:11.146941+05:30,0.0,31.46,-31.46,2
5214,ml_baseline_90deg,2026-07-09 23:25:11.248025+05:30,0.0,30.94,-30.94,2
5215,ml_baseline_90deg,2026-07-09 23:25:11.348404+05:30,0.0,30.59,-30.59,2
5216,ml_baseline_90deg,2026-07-09 23:25:11.448765+05:30,0.0,30.06,-30.06,2
5217,ml_baseline_90deg,2026-07-09 23:25:11.547051+05:30,0.0,29.71,-29.71,2
5218,ml_baseline_90deg,2026-07-09 23:25:11.648176+05:30,0.0,29.18,-29.18,2
5219,ml_baseline_90deg,2026-07-09 23:25:11.746997+05:30,0.0,28.65,-28.65,2
5220,ml_baseline_90deg,2026-07-09 23:25:11.847511+05:30,0.0,28.3,-28.3,1
5221,ml_baseline_90deg,2026-07-09 23:25:11.947156+05:30,0.0,27.77,-27.77,2
5222,ml_baseline_90deg,2026-07-09 23:25:12.045194+05:30,0.0,27.42,-27.42,2
5223,ml_baseline_90deg,2026-07-09 23:25:12.145556+05:30,0.0,26.89,-26.89,2
5224,ml_baseline_90deg,2026-07-09 23:25:12.246537+05:30,0.0,26.54,-26.54,2
5225,ml_baseline_90deg,2026-07-09 23:25:12.347510+05:30,0.0,26.02,-26.02,2
5226,ml_baseline_90deg,2026-07-09 23:25:12.448984+05:30,0.0,25.49,-25.49,2
5227,ml_baseline_90deg,2026-07-09 23:25:12.547098+05:30,0.0,24.96,-24.96,2
5228,ml_baseline_90deg,2026-07-09 23:25:12.648076+05:30,0.0,24.61,-24.61,2
5229,ml_baseline_90deg,2026-07-09 23:25:12.747426+05:30,0.0,24.08,-24.08,1
5230,ml_baseline_90deg,2026-07-09 23:25:12.849453+05:30,0.0,23.73,-23.73,2
5231,ml_baseline_90deg,2026-07-09 23:25:12.950068+05:30,0.0,23.38,-23.38,2
5232,ml_baseline_90deg,2026-07-09 23:25:13.045624+05:30,0.0,22.85,-22.85,2
5233,ml_baseline_90deg,2026-07-09 23:25:13.149236+05:30,0.0,22.5,-22.5,2
5234,ml_baseline_90deg,2026-07-09 23:25:13.244649+05:30,0.0,21.97,-21.97,2
5235,ml_baseline_90deg,2026-07-09 23:25:13.345243+05:30,0.0,21.45,-21.45,2
5236,ml_baseline_90deg,2026-07-09 23:25:13.446785+05:30,0.0,20.92,-20.92,2
5237,ml_baseline_90deg,2026-07-09 23:25:13.549766+05:30,0.0,20.39,-20.39,2
5238,ml_baseline_90deg,2026-07-09 23:25:13.647878+05:30,0.0,20.04,-20.04,1
5239,ml_baseline_90deg,2026-07-09 23:25:13.745919+05:30,0.0,19.69,-19.69,2
5240,ml_baseline_90deg,2026-07-09 23:25:13.847822+05:30,0.0,19.34,-19.34,2
5241,ml_baseline_90deg,2026-07-09 23:25:13.947568+05:30,0.0,18.81,-18.81,2
5242,ml_baseline_90deg,2026-07-09 23:25:14.047893+05:30,0.0,18.46,-18.46,2
5243,ml_baseline_90deg,2026-07-09 23:25:14.144369+05:30,0.0,17.93,-17.93,2
5244,ml_baseline_90deg,2026-07-09 23:25:14.244652+05:30,0.0,17.58,-17.58,2
5245,ml_baseline_90deg,2026-07-09 23:25:14.345320+05:30,0.0,17.05,-17.05,2
5246,ml_baseline_90deg,2026-07-09 23:25:14.445255+05:30,0.0,16.7,-16.7,2
5247,ml_baseline_90deg,2026-07-09 23:25:14.546481+05:30,0.0,16.35,-16.35,1
5248,ml_baseline_90deg,2026-07-09 23:25:14.647083+05:30,0.0,16.0,-16.0,2
5249,ml_baseline_90deg,2026-07-09 23:25:14.747037+05:30,0.0,15.47,-15.47,2
5250,ml_baseline_90deg,2026-07-09 23:25:14.846682+05:30,0.0,15.12,-15.12,2
5251,ml_baseline_90deg,2026-07-09 23:25:14.946250+05:30,0.0,14.59,-14.59,2
5252,ml_baseline_90deg,2026-07-09 23:25:15.045032+05:30,0.0,14.24,-14.24,2
5253,ml_baseline_90deg,2026-07-09 23:25:15.146379+05:30,0.0,13.89,-13.89,2
5254,ml_baseline_90deg,2026-07-09 23:25:15.247642+05:30,0.0,13.54,-13.54,2
5255,ml_baseline_90deg,2026-07-09 23:25:15.347029+05:30,0.0,13.18,-13.18,2
5256,ml_baseline_90deg,2026-07-09 23:25:15.448254+05:30,0.0,12.66,-12.66,1
5257,ml_baseline_90deg,2026-07-09 23:25:15.545671+05:30,0.0,12.3,-12.3,2
5258,ml_baseline_90deg,2026-07-09 23:25:15.646461+05:30,0.0,11.78,-11.78,2
5259,ml_baseline_90deg,2026-07-09 23:25:15.749797+05:30,0.0,11.43,-11.43,2
5260,ml_baseline_90deg,2026-07-09 23:25:15.848310+05:30,0.0,10.9,-10.9,2
5261,ml_baseline_90deg,2026-07-09 23:25:15.948307+05:30,0.0,10.37,-10.37,2
5262,ml_baseline_90deg,2026-07-09 23:25:16.045203+05:30,0.0,10.02,-10.02,2
5263,ml_baseline_90deg,2026-07-09 23:25:16.145564+05:30,0.0,9.49,-9.49,2
5264,ml_baseline_90deg,2026-07-09 23:25:16.244771+05:30,0.0,8.96,-8.96,2
5265,ml_baseline_90deg,2026-07-09 23:25:16.346100+05:30,0.0,8.44,-8.44,1
5266,ml_baseline_90deg,2026-07-09 23:25:16.446029+05:30,0.0,8.09,-8.09,2
5267,ml_baseline_90deg,2026-07-09 23:25:16.545449+05:30,0.0,8.09,-8.09,2
5268,ml_baseline_90deg,2026-07-09 23:25:16.645017+05:30,0.0,7.91,-7.91,2
5269,ml_baseline_90deg,2026-07-09 23:25:16.746977+05:30,0.0,7.91,-7.91,2
5270,ml_baseline_90deg,2026-07-09 23:25:16.845041+05:30,0.0,7.73,-7.73,2
5271,ml_baseline_90deg,2026-07-09 23:25:16.948954+05:30,0.0,7.38,-7.38,2
5272,ml_baseline_90deg,2026-07-09 23:25:17.046128+05:30,0.0,6.86,-6.86,2
5273,ml_baseline_90deg,2026-07-09 23:25:17.144083+05:30,0.0,6.5,-6.5,2
5274,ml_baseline_90deg,2026-07-09 23:25:17.247601+05:30,0.0,5.98,-5.98,1
5275,ml_baseline_90deg,2026-07-09 23:25:17.347203+05:30,0.0,5.98,-5.98,2
5276,ml_baseline_90deg,2026-07-09 23:25:17.448185+05:30,0.0,5.8,-5.8,2
5277,ml_baseline_90deg,2026-07-09 23:25:17.547420+05:30,0.0,5.8,-5.8,2
5278,ml_baseline_90deg,2026-07-09 23:25:17.645404+05:30,0.0,5.8,-5.8,2
5279,ml_baseline_90deg,2026-07-09 23:25:17.745704+05:30,0.0,5.8,-5.8,2
5280,ml_baseline_90deg,2026-07-09 23:25:17.846866+05:30,0.0,5.8,-5.8,2
5281,ml_baseline_90deg,2026-07-09 23:25:17.946991+05:30,0.0,5.8,-5.8,2
5282,ml_baseline_90deg,2026-07-09 23:25:18.044911+05:30,0.0,5.45,-5.45,2
5283,ml_baseline_90deg,2026-07-09 23:25:18.144870+05:30,90.0,4.92,85.08,2
5284,ml_baseline_90deg,2026-07-09 23:25:18.246637+05:30,90.0,4.92,85.08,2
5285,ml_baseline_90deg,2026-07-09 23:25:18.345649+05:30,90.0,4.92,85.08,2
5286,ml_baseline_90deg,2026-07-09 23:25:18.447298+05:30,90.0,4.92,85.08,2
5287,ml_baseline_90deg,2026-07-09 23:25:18.548980+05:30,90.0,4.92,85.08,2
5288,ml_baseline_90deg,2026-07-09 23:25:18.647198+05:30,90.0,4.92,85.08,2
5289,ml_baseline_90deg,2026-07-09 23:25:18.745969+05:30,90.0,4.92,85.08,2
5290,ml_baseline_90deg,2026-07-09 23:25:18.846213+05:30,90.0,4.92,85.08,2
5291,ml_baseline_90deg,2026-07-09 23:25:18.947442+05:30,90.0,4.92,85.08,1
5292,ml_baseline_90deg,2026-07-09 23:25:19.044926+05:30,90.0,4.92,85.08,2
5293,ml_baseline_90deg,2026-07-09 23:25:19.149251+05:30,90.0,5.1,84.9,2
5294,ml_baseline_90deg,2026-07-09 23:25:19.246031+05:30,90.0,5.1,84.9,2
5295,ml_baseline_90deg,2026-07-09 23:25:19.347550+05:30,90.0,5.1,84.9,2
5296,ml_baseline_90deg,2026-07-09 23:25:19.448332+05:30,90.0,5.27,84.73,2
5297,ml_baseline_90deg,2026-07-09 23:25:19.545737+05:30,90.0,5.27,84.73,2
5298,ml_baseline_90deg,2026-07-09 23:25:19.648552+05:30,90.0,5.27,84.73,2
5299,ml_baseline_90deg,2026-07-09 23:25:19.749920+05:30,90.0,5.27,84.73,2
5300,ml_baseline_90deg,2026-07-09 23:25:19.846453+05:30,90.0,5.27,84.73,1
5301,ml_baseline_90deg,2026-07-09 23:25:19.947814+05:30,90.0,5.27,84.73,2
5302,ml_baseline_90deg,2026-07-09 23:25:20.046603+05:30,90.0,5.27,84.73,2
5303,ml_baseline_90deg,2026-07-09 23:25:20.146743+05:30,90.0,5.27,84.73,2
5304,ml_baseline_90deg,2026-07-09 23:25:20.244036+05:30,90.0,5.45,84.55,2
5305,ml_baseline_90deg,2026-07-09 23:25:20.346603+05:30,90.0,5.45,84.55,2
5306,ml_baseline_90deg,2026-07-09 23:25:20.448993+05:30,90.0,5.45,84.55,2
5307,ml_baseline_90deg,2026-07-09 23:25:20.547252+05:30,90.0,5.45,84.55,2
5308,ml_baseline_90deg,2026-07-09 23:25:20.645742+05:30,90.0,5.45,84.55,2
5309,ml_baseline_90deg,2026-07-09 23:25:20.747080+05:30,90.0,5.62,84.37,1
5310,ml_baseline_90deg,2026-07-09 23:25:20.846284+05:30,90.0,5.8,84.2,2
5311,ml_baseline_90deg,2026-07-09 23:25:20.947101+05:30,90.0,6.15,83.85,2
5312,ml_baseline_90deg,2026-07-09 23:25:21.047145+05:30,90.0,6.5,83.5,2
5313,ml_baseline_90deg,2026-07-09 23:25:21.145175+05:30,90.0,7.03,82.97,2
5314,ml_baseline_90deg,2026-07-09 23:25:21.246903+05:30,90.0,7.56,82.44,2
5315,ml_baseline_90deg,2026-07-09 23:25:21.345780+05:30,90.0,8.09,81.91,2
5316,ml_baseline_90deg,2026-07-09 23:25:21.446070+05:30,90.0,8.61,81.39,2
5317,ml_baseline_90deg,2026-07-09 23:25:21.599277+05:30,90.0,9.14,80.86,2
5318,ml_baseline_90deg,2026-07-09 23:25:21.644745+05:30,90.0,9.67,80.33,1
5319,ml_baseline_90deg,2026-07-09 23:25:21.746664+05:30,90.0,9.84,80.16,2
5320,ml_baseline_90deg,2026-07-09 23:25:21.850414+05:30,90.0,10.37,79.63,2
5321,ml_baseline_90deg,2026-07-09 23:25:21.945949+05:30,90.0,10.9,79.1,2
5322,ml_baseline_90deg,2026-07-09 23:25:22.045499+05:30,90.0,11.43,78.57,2
5323,ml_baseline_90deg,2026-07-09 23:25:22.146695+05:30,90.0,11.78,78.22,2
5324,ml_baseline_90deg,2026-07-09 23:25:22.244270+05:30,90.0,12.3,77.7,2
5325,ml_baseline_90deg,2026-07-09 23:25:22.347385+05:30,90.0,12.66,77.34,2
5326,ml_baseline_90deg,2026-07-09 23:25:22.448431+05:30,90.0,13.01,76.99,2
5327,ml_baseline_90deg,2026-07-09 23:25:22.546201+05:30,90.0,13.36,76.64,1
5328,ml_baseline_90deg,2026-07-09 23:25:22.646840+05:30,90.0,13.54,76.46,2
5329,ml_baseline_90deg,2026-07-09 23:25:22.747837+05:30,90.0,13.89,76.11,2
5330,ml_baseline_90deg,2026-07-09 23:25:22.848339+05:30,90.0,14.41,75.59,2
5331,ml_baseline_90deg,2026-07-09 23:25:22.945371+05:30,90.0,14.94,75.06,2
5332,ml_baseline_90deg,2026-07-09 23:25:23.044654+05:30,90.0,15.29,74.71,2
5333,ml_baseline_90deg,2026-07-09 23:25:23.145030+05:30,90.0,15.82,74.18,2
5334,ml_baseline_90deg,2026-07-09 23:25:23.246287+05:30,90.0,16.35,73.65,2
5335,ml_baseline_90deg,2026-07-09 23:25:23.345817+05:30,90.0,16.7,73.3,2
5336,ml_baseline_90deg,2026-07-09 23:25:23.447822+05:30,90.0,17.05,72.95,1
5337,ml_baseline_90deg,2026-07-09 23:25:23.548629+05:30,90.0,17.23,72.77,2
5338,ml_baseline_90deg,2026-07-09 23:25:23.647661+05:30,90.0,17.75,72.25,2
5339,ml_baseline_90deg,2026-07-09 23:25:23.746572+05:30,90.0,18.11,71.89,2
5340,ml_baseline_90deg,2026-07-09 23:25:23.847881+05:30,90.0,18.63,71.37,2
5341,ml_baseline_90deg,2026-07-09 23:25:23.946335+05:30,90.0,18.98,71.02,2
5342,ml_baseline_90deg,2026-07-09 23:25:24.045591+05:30,90.0,19.51,70.49,2
5343,ml_baseline_90deg,2026-07-09 23:25:24.143283+05:30,90.0,19.86,70.14,2
5344,ml_baseline_90deg,2026-07-09 23:25:24.244657+05:30,90.0,20.39,69.61,2
5345,ml_baseline_90deg,2026-07-09 23:25:24.346985+05:30,90.0,20.74,69.26,1
5346,ml_baseline_90deg,2026-07-09 23:25:24.444226+05:30,90.0,21.09,68.91,2
5347,ml_baseline_90deg,2026-07-09 23:25:24.548167+05:30,90.0,21.45,68.55,2
5348,ml_baseline_90deg,2026-07-09 23:25:24.648415+05:30,90.0,21.97,68.03,2
5349,ml_baseline_90deg,2026-07-09 23:25:24.746018+05:30,90.0,22.32,67.68,2
5350,ml_baseline_90deg,2026-07-09 23:25:24.848538+05:30,90.0,22.68,67.32,2
5351,ml_baseline_90deg,2026-07-09 23:25:24.945639+05:30,90.0,23.2,66.8,2
5352,ml_baseline_90deg,2026-07-09 23:25:25.046909+05:30,90.0,23.55,66.45,2
5353,ml_baseline_90deg,2026-07-09 23:25:25.146087+05:30,90.0,24.08,65.92,2
5354,ml_baseline_90deg,2026-07-09 23:25:25.254549+05:30,90.0,24.43,65.57,1
5355,ml_baseline_90deg,2026-07-09 23:25:25.345910+05:30,90.0,24.61,65.39,2
5356,ml_baseline_90deg,2026-07-09 23:25:25.447421+05:30,90.0,25.14,64.86,2
5357,ml_baseline_90deg,2026-07-09 23:25:25.547443+05:30,90.0,25.49,64.51,2
5358,ml_baseline_90deg,2026-07-09 23:25:25.644896+05:30,90.0,26.02,63.98,2
5359,ml_baseline_90deg,2026-07-09 23:25:25.746850+05:30,90.0,26.37,63.63,2
5360,ml_baseline_90deg,2026-07-09 23:25:25.848075+05:30,90.0,26.89,63.11,2
5361,ml_baseline_90deg,2026-07-09 23:25:25.946938+05:30,90.0,27.25,62.75,2
5362,ml_baseline_90deg,2026-07-09 23:25:26.046770+05:30,90.0,27.77,62.23,2
5363,ml_baseline_90deg,2026-07-09 23:25:26.145992+05:30,90.0,28.12,61.88,1
5364,ml_baseline_90deg,2026-07-09 23:25:26.246315+05:30,90.0,28.3,61.7,2
5365,ml_baseline_90deg,2026-07-09 23:25:26.346790+05:30,90.0,28.83,61.17,2
5366,ml_baseline_90deg,2026-07-09 23:25:26.446959+05:30,90.0,29.18,60.82,2
5367,ml_baseline_90deg,2026-07-09 23:25:26.549732+05:30,90.0,29.53,60.47,2
5368,ml_baseline_90deg,2026-07-09 23:25:26.649134+05:30,90.0,30.06,59.94,2
5369,ml_baseline_90deg,2026-07-09 23:25:26.746246+05:30,90.0,30.41,59.59,2
5370,ml_baseline_90deg,2026-07-09 23:25:26.845771+05:30,90.0,30.76,59.24,2
5371,ml_baseline_90deg,2026-07-09 23:25:26.945979+05:30,90.0,31.29,58.71,2
5372,ml_baseline_90deg,2026-07-09 23:25:27.044630+05:30,90.0,31.64,58.36,1
5373,ml_baseline_90deg,2026-07-09 23:25:27.146034+05:30,90.0,31.99,58.01,2
5374,ml_baseline_90deg,2026-07-09 23:25:27.246236+05:30,90.0,32.34,57.66,2
5375,ml_baseline_90deg,2026-07-09 23:25:27.348035+05:30,90.0,32.7,57.3,2
5376,ml_baseline_90deg,2026-07-09 23:25:27.446631+05:30,90.0,33.22,56.78,2
5377,ml_baseline_90deg,2026-07-09 23:25:27.548153+05:30,90.0,33.57,56.43,2
5378,ml_baseline_90deg,2026-07-09 23:25:27.645605+05:30,90.0,33.93,56.07,2
5379,ml_baseline_90deg,2026-07-09 23:25:27.746483+05:30,90.0,34.45,55.55,2
5380,ml_baseline_90deg,2026-07-09 23:25:27.847607+05:30,90.0,34.8,55.2,2
5381,ml_baseline_90deg,2026-07-09 23:25:27.946546+05:30,90.0,35.16,54.84,1
5382,ml_baseline_90deg,2026-07-09 23:25:28.047115+05:30,90.0,35.51,54.49,2
5383,ml_baseline_90deg,2026-07-09 23:25:28.147225+05:30,90.0,35.86,54.14,2
5384,ml_baseline_90deg,2026-07-09 23:25:28.247539+05:30,90.0,36.21,53.79,2
5385,ml_baseline_90deg,2026-07-09 23:25:28.347388+05:30,90.0,36.74,53.26,2
5386,ml_baseline_90deg,2026-07-09 23:25:28.447952+05:30,90.0,37.09,52.91,2
5387,ml_baseline_90deg,2026-07-09 23:25:28.546081+05:30,90.0,37.44,52.56,2
5388,ml_baseline_90deg,2026-07-09 23:25:28.645870+05:30,90.0,37.97,52.03,2
5389,ml_baseline_90deg,2026-07-09 23:25:28.747980+05:30,90.0,38.32,51.68,2
5390,ml_baseline_90deg,2026-07-09 23:25:28.849919+05:30,90.0,38.67,51.33,1
5391,ml_baseline_90deg,2026-07-09 23:25:28.949265+05:30,90.0,39.02,50.98,2
5392,ml_baseline_90deg,2026-07-09 23:25:29.046607+05:30,90.0,39.38,50.63,2
5393,ml_baseline_90deg,2026-07-09 23:25:29.148360+05:30,90.0,39.73,50.27,2
5394,ml_baseline_90deg,2026-07-09 23:25:29.250296+05:30,90.0,40.25,49.75,2
5395,ml_baseline_90deg,2026-07-09 23:25:29.348146+05:30,90.0,40.61,49.39,2
5396,ml_baseline_90deg,2026-07-09 23:25:29.447346+05:30,90.0,41.13,48.87,2
5397,ml_baseline_90deg,2026-07-09 23:25:29.549374+05:30,90.0,41.48,48.52,2
5398,ml_baseline_90deg,2026-07-09 23:25:29.646288+05:30,90.0,42.01,47.99,2
5399,ml_baseline_90deg,2026-07-09 23:25:29.746224+05:30,90.0,42.36,47.64,1
5400,ml_baseline_90deg,2026-07-09 23:25:29.846224+05:30,90.0,42.54,47.46,2
5401,ml_baseline_90deg,2026-07-09 23:25:29.947897+05:30,90.0,43.07,46.93,2
5402,ml_baseline_90deg,2026-07-09 23:25:30.045566+05:30,90.0,43.42,46.58,2
5403,ml_baseline_90deg,2026-07-09 23:25:30.145205+05:30,90.0,43.77,46.23,2
5404,ml_baseline_90deg,2026-07-09 23:25:30.247940+05:30,90.0,44.3,45.7,2
5405,ml_baseline_90deg,2026-07-09 23:25:30.351097+05:30,90.0,44.82,45.18,2
5406,ml_baseline_90deg,2026-07-09 23:25:30.444617+05:30,90.0,45.18,44.82,2
5407,ml_baseline_90deg,2026-07-09 23:25:30.545119+05:30,90.0,45.53,44.47,2
5408,ml_baseline_90deg,2026-07-09 23:25:30.645976+05:30,90.0,45.88,44.12,1
5409,ml_baseline_90deg,2026-07-09 23:25:30.745207+05:30,90.0,46.23,43.77,2
5410,ml_baseline_90deg,2026-07-09 23:25:30.846210+05:30,90.0,46.58,43.42,2
5411,ml_baseline_90deg,2026-07-09 23:25:30.945649+05:30,90.0,46.93,43.07,2
5412,ml_baseline_90deg,2026-07-09 23:25:31.045726+05:30,90.0,47.46,42.54,2
5413,ml_baseline_90deg,2026-07-09 23:25:31.146565+05:30,90.0,47.81,42.19,2
5414,ml_baseline_90deg,2026-07-09 23:25:31.243868+05:30,90.0,48.16,41.84,2
5415,ml_baseline_90deg,2026-07-09 23:25:31.345939+05:30,90.0,48.69,41.31,2
5416,ml_baseline_90deg,2026-07-09 23:25:31.448168+05:30,90.0,49.04,40.96,2
5417,ml_baseline_90deg,2026-07-09 23:25:31.547606+05:30,90.0,49.39,40.61,1
5418,ml_baseline_90deg,2026-07-09 23:25:31.645874+05:30,90.0,49.75,40.25,2
5419,ml_baseline_90deg,2026-07-09 23:25:31.746336+05:30,90.0,50.1,39.9,2
5420,ml_baseline_90deg,2026-07-09 23:25:31.845905+05:30,90.0,50.45,39.55,2
5421,ml_baseline_90deg,2026-07-09 23:25:31.949258+05:30,90.0,50.98,39.02,2
5422,ml_baseline_90deg,2026-07-09 23:25:32.044426+05:30,90.0,51.33,38.67,2
5423,ml_baseline_90deg,2026-07-09 23:25:32.146108+05:30,90.0,51.68,38.32,2
5424,ml_baseline_90deg,2026-07-09 23:25:32.248595+05:30,90.0,52.21,37.79,2
5425,ml_baseline_90deg,2026-07-09 23:25:32.347152+05:30,90.0,52.56,37.44,2
5426,ml_baseline_90deg,2026-07-09 23:25:32.451291+05:30,90.0,52.91,37.09,1
5427,ml_baseline_90deg,2026-07-09 23:25:32.546814+05:30,90.0,53.26,36.74,2
5428,ml_baseline_90deg,2026-07-09 23:25:32.649632+05:30,90.0,53.61,36.39,2
5429,ml_baseline_90deg,2026-07-09 23:25:32.749024+05:30,90.0,54.14,35.86,2
5430,ml_baseline_90deg,2026-07-09 23:25:32.845440+05:30,90.0,54.49,35.51,2
5431,ml_baseline_90deg,2026-07-09 23:25:32.950484+05:30,90.0,54.84,35.16,2
5432,ml_baseline_90deg,2026-07-09 23:25:33.047059+05:30,90.0,55.37,34.63,2
5433,ml_baseline_90deg,2026-07-09 23:25:33.145600+05:30,90.0,55.72,34.28,2
5434,ml_baseline_90deg,2026-07-09 23:25:33.247532+05:30,90.0,56.07,33.93,2
5435,ml_baseline_90deg,2026-07-09 23:25:33.345222+05:30,90.0,56.6,33.4,1
5436,ml_baseline_90deg,2026-07-09 23:25:33.445860+05:30,90.0,56.78,33.22,2
5437,ml_baseline_90deg,2026-07-09 23:25:33.546846+05:30,90.0,57.13,32.87,2
5438,ml_baseline_90deg,2026-07-09 23:25:33.645424+05:30,90.0,57.66,32.34,2
5439,ml_baseline_90deg,2026-07-09 23:25:33.745959+05:30,90.0,58.01,31.99,2
5440,ml_baseline_90deg,2026-07-09 23:25:33.848066+05:30,90.0,58.36,31.64,2
5441,ml_baseline_90deg,2026-07-09 23:25:33.945791+05:30,90.0,58.71,31.29,2
5442,ml_baseline_90deg,2026-07-09 23:25:34.044529+05:30,90.0,59.24,30.76,2
5443,ml_baseline_90deg,2026-07-09 23:25:34.144631+05:30,90.0,59.59,30.41,2
5444,ml_baseline_90deg,2026-07-09 23:25:34.246030+05:30,90.0,59.94,30.06,1
5445,ml_baseline_90deg,2026-07-09 23:25:34.347016+05:30,90.0,60.12,29.88,2
5446,ml_baseline_90deg,2026-07-09 23:25:34.446521+05:30,90.0,60.64,29.36,2
5447,ml_baseline_90deg,2026-07-09 23:25:34.548704+05:30,90.0,61.0,29.0,2
5448,ml_baseline_90deg,2026-07-09 23:25:34.646249+05:30,90.0,61.52,28.48,2
5449,ml_baseline_90deg,2026-07-09 23:25:34.747708+05:30,90.0,61.88,28.12,2
5450,ml_baseline_90deg,2026-07-09 23:25:34.845499+05:30,90.0,62.23,27.77,2
5451,ml_baseline_90deg,2026-07-09 23:25:34.948149+05:30,90.0,62.75,27.25,2
5452,ml_baseline_90deg,2026-07-09 23:25:35.045737+05:30,90.0,63.11,26.89,2
5453,ml_baseline_90deg,2026-07-09 23:25:35.147045+05:30,90.0,63.46,26.54,1
5454,ml_baseline_90deg,2026-07-09 23:25:35.247490+05:30,90.0,63.81,26.19,2
5455,ml_baseline_90deg,2026-07-09 23:25:35.347079+05:30,90.0,64.16,25.84,2
5456,ml_baseline_90deg,2026-07-09 23:25:35.446067+05:30,90.0,64.69,25.31,2
5457,ml_baseline_90deg,2026-07-09 23:25:35.546990+05:30,90.0,65.04,24.96,2
5458,ml_baseline_90deg,2026-07-09 23:25:35.650450+05:30,90.0,65.39,24.61,2
5459,ml_baseline_90deg,2026-07-09 23:25:35.744772+05:30,90.0,65.92,24.08,2
5460,ml_baseline_90deg,2026-07-09 23:25:35.846501+05:30,90.0,66.27,23.73,2
5461,ml_baseline_90deg,2026-07-09 23:25:35.946937+05:30,90.0,66.8,23.2,2
5462,ml_baseline_90deg,2026-07-09 23:25:36.046560+05:30,90.0,67.15,22.85,1
5463,ml_baseline_90deg,2026-07-09 23:25:36.146345+05:30,90.0,67.32,22.68,2
5464,ml_baseline_90deg,2026-07-09 23:25:36.248492+05:30,90.0,67.85,22.15,2
5465,ml_baseline_90deg,2026-07-09 23:25:36.348085+05:30,90.0,68.2,21.8,2
5466,ml_baseline_90deg,2026-07-09 23:25:36.448008+05:30,90.0,68.73,21.27,2
5467,ml_baseline_90deg,2026-07-09 23:25:36.551207+05:30,90.0,69.08,20.92,2
5468,ml_baseline_90deg,2026-07-09 23:25:36.646761+05:30,90.0,69.43,20.57,2
5469,ml_baseline_90deg,2026-07-09 23:25:36.746854+05:30,90.0,69.96,20.04,2
5470,ml_baseline_90deg,2026-07-09 23:25:36.847129+05:30,90.0,70.31,19.69,2
5471,ml_baseline_90deg,2026-07-09 23:25:36.945281+05:30,90.0,70.84,19.16,1
5472,ml_baseline_90deg,2026-07-09 23:25:37.045343+05:30,90.0,71.02,18.98,2
5473,ml_baseline_90deg,2026-07-09 23:25:37.144818+05:30,90.0,71.37,18.63,2
5474,ml_baseline_90deg,2026-07-09 23:25:37.246299+05:30,90.0,71.89,18.11,2
5475,ml_baseline_90deg,2026-07-09 23:25:37.346438+05:30,90.0,72.25,17.75,2
5476,ml_baseline_90deg,2026-07-09 23:25:37.448240+05:30,90.0,72.77,17.23,2
5477,ml_baseline_90deg,2026-07-09 23:25:37.548249+05:30,90.0,73.3,16.7,2
5478,ml_baseline_90deg,2026-07-09 23:25:37.647010+05:30,90.0,73.65,16.35,2
5479,ml_baseline_90deg,2026-07-09 23:25:37.746714+05:30,90.0,74.18,15.82,2
5480,ml_baseline_90deg,2026-07-09 23:25:37.847878+05:30,90.0,74.53,15.47,1
5481,ml_baseline_90deg,2026-07-09 23:25:37.944313+05:30,90.0,74.88,15.12,2
5482,ml_baseline_90deg,2026-07-09 23:25:38.049032+05:30,90.0,75.23,14.77,2
5483,ml_baseline_90deg,2026-07-09 23:25:38.145079+05:30,90.0,75.76,14.24,2
5484,ml_baseline_90deg,2026-07-09 23:25:38.247820+05:30,90.0,76.11,13.89,2
5485,ml_baseline_90deg,2026-07-09 23:25:38.346478+05:30,90.0,76.64,13.36,2
5486,ml_baseline_90deg,2026-07-09 23:25:38.447043+05:30,90.0,76.99,13.01,2
5487,ml_baseline_90deg,2026-07-09 23:25:38.548192+05:30,90.0,77.52,12.48,2
5488,ml_baseline_90deg,2026-07-09 23:25:38.646837+05:30,90.0,78.05,11.95,2
5489,ml_baseline_90deg,2026-07-09 23:25:38.747600+05:30,90.0,78.4,11.6,1
5490,ml_baseline_90deg,2026-07-09 23:25:38.847128+05:30,90.0,78.75,11.25,2
5491,ml_baseline_90deg,2026-07-09 23:25:38.946593+05:30,90.0,79.1,10.9,2
5492,ml_baseline_90deg,2026-07-09 23:25:39.045601+05:30,90.0,79.63,10.37,2
5493,ml_baseline_90deg,2026-07-09 23:25:39.146293+05:30,90.0,80.16,9.84,2
5494,ml_baseline_90deg,2026-07-09 23:25:39.246714+05:30,90.0,80.51,9.49,2
5495,ml_baseline_90deg,2026-07-09 23:25:39.346082+05:30,90.0,81.04,8.96,2
5496,ml_baseline_90deg,2026-07-09 23:25:39.446812+05:30,90.0,81.39,8.61,2
5497,ml_baseline_90deg,2026-07-09 23:25:39.549224+05:30,90.0,81.91,8.09,2
5498,ml_baseline_90deg,2026-07-09 23:25:39.648434+05:30,90.0,82.44,7.56,1
5499,ml_baseline_90deg,2026-07-09 23:25:39.748841+05:30,90.0,82.62,7.38,2
5500,ml_baseline_90deg,2026-07-09 23:25:39.846091+05:30,90.0,83.14,6.86,2
5501,ml_baseline_90deg,2026-07-09 23:25:39.948474+05:30,90.0,83.5,6.5,2
5502,ml_baseline_90deg,2026-07-09 23:25:40.046889+05:30,90.0,84.02,5.98,2
5503,ml_baseline_90deg,2026-07-09 23:25:40.150346+05:30,90.0,84.37,5.62,2
5504,ml_baseline_90deg,2026-07-09 23:25:40.244936+05:30,90.0,84.9,5.1,2
5505,ml_baseline_90deg,2026-07-09 23:25:40.346245+05:30,90.0,85.25,4.75,1
5506,ml_baseline_90deg,2026-07-09 23:25:40.447635+05:30,90.0,85.61,4.39,1
5507,ml_baseline_90deg,2026-07-09 23:25:40.548648+05:30,90.0,85.78,4.22,1
5508,ml_baseline_90deg,2026-07-09 23:25:40.647939+05:30,90.0,85.96,4.04,1
5509,ml_baseline_90deg,2026-07-09 23:25:40.748554+05:30,0.0,86.13,-86.13,2
5510,ml_baseline_90deg,2026-07-09 23:25:40.848156+05:30,0.0,86.13,-86.13,2
5511,ml_baseline_90deg,2026-07-09 23:25:40.946575+05:30,0.0,86.13,-86.13,2
5512,ml_baseline_90deg,2026-07-09 23:25:41.047140+05:30,0.0,86.13,-86.13,2
5513,ml_baseline_90deg,2026-07-09 23:25:41.148262+05:30,0.0,86.13,-86.13,2
5514,ml_baseline_90deg,2026-07-09 23:25:41.249283+05:30,0.0,86.13,-86.13,2
5515,ml_baseline_90deg,2026-07-09 23:25:41.347023+05:30,0.0,86.13,-86.13,2
5516,ml_baseline_90deg,2026-07-09 23:25:41.448001+05:30,0.0,86.13,-86.13,2
5517,ml_baseline_90deg,2026-07-09 23:25:41.547823+05:30,0.0,85.96,-85.96,1
5518,ml_baseline_90deg,2026-07-09 23:25:41.646236+05:30,0.0,85.96,-85.96,2
5519,ml_baseline_90deg,2026-07-09 23:25:41.745700+05:30,0.0,85.96,-85.96,2
5520,ml_baseline_90deg,2026-07-09 23:25:41.846494+05:30,0.0,85.78,-85.78,2
5521,ml_baseline_90deg,2026-07-09 23:25:41.948381+05:30,0.0,85.61,-85.61,2
5522,ml_baseline_90deg,2026-07-09 23:25:42.044866+05:30,0.0,85.43,-85.43,2
5523,ml_baseline_90deg,2026-07-09 23:25:42.150520+05:30,0.0,85.25,-85.25,2
5524,ml_baseline_90deg,2026-07-09 23:25:42.248927+05:30,0.0,85.08,-85.08,2
5525,ml_baseline_90deg,2026-07-09 23:25:42.346423+05:30,0.0,84.73,-84.73,2
5526,ml_baseline_90deg,2026-07-09 23:25:42.444405+05:30,0.0,84.37,-84.37,1
5527,ml_baseline_90deg,2026-07-09 23:25:42.546691+05:30,0.0,83.85,-83.85,2
5528,ml_baseline_90deg,2026-07-09 23:25:42.646726+05:30,0.0,83.5,-83.5,2
5529,ml_baseline_90deg,2026-07-09 23:25:42.745946+05:30,0.0,82.97,-82.97,2
5530,ml_baseline_90deg,2026-07-09 23:25:42.849118+05:30,0.0,82.44,-82.44,2
5531,ml_baseline_90deg,2026-07-09 23:25:42.947847+05:30,0.0,81.91,-81.91,2
5532,ml_baseline_90deg,2026-07-09 23:25:43.046098+05:30,0.0,81.56,-81.56,2
5533,ml_baseline_90deg,2026-07-09 23:25:43.148736+05:30,0.0,81.04,-81.04,2
5534,ml_baseline_90deg,2026-07-09 23:25:43.247759+05:30,0.0,80.51,-80.51,2
5535,ml_baseline_90deg,2026-07-09 23:25:43.347699+05:30,0.0,79.98,-79.98,1
5536,ml_baseline_90deg,2026-07-09 23:25:43.448563+05:30,0.0,79.63,-79.63,2
5537,ml_baseline_90deg,2026-07-09 23:25:43.544883+05:30,0.0,79.1,-79.1,2
5538,ml_baseline_90deg,2026-07-09 23:25:43.646196+05:30,0.0,78.57,-78.57,2
5539,ml_baseline_90deg,2026-07-09 23:25:43.746481+05:30,0.0,78.05,-78.05,2
5540,ml_baseline_90deg,2026-07-09 23:25:43.848053+05:30,0.0,77.7,-77.7,2
5541,ml_baseline_90deg,2026-07-09 23:25:43.949348+05:30,0.0,77.17,-77.17,2
5542,ml_baseline_90deg,2026-07-09 23:25:44.045075+05:30,0.0,76.64,-76.64,2
5543,ml_baseline_90deg,2026-07-09 23:25:44.148792+05:30,0.0,76.11,-76.11,2
5544,ml_baseline_90deg,2026-07-09 23:25:44.248224+05:30,0.0,75.76,-75.76,1
5545,ml_baseline_90deg,2026-07-09 23:25:44.346304+05:30,0.0,75.23,-75.23,2
5546,ml_baseline_90deg,2026-07-09 23:25:44.449179+05:30,0.0,74.88,-74.88,2
5547,ml_baseline_90deg,2026-07-09 23:25:44.549083+05:30,0.0,74.36,-74.36,2
5548,ml_baseline_90deg,2026-07-09 23:25:44.647586+05:30,0.0,73.83,-73.83,2
5549,ml_baseline_90deg,2026-07-09 23:25:44.746926+05:30,0.0,73.48,-73.48,2
5550,ml_baseline_90deg,2026-07-09 23:25:44.846915+05:30,0.0,72.95,-72.95,2
5551,ml_baseline_90deg,2026-07-09 23:25:44.945505+05:30,0.0,72.42,-72.42,2
5552,ml_baseline_90deg,2026-07-09 23:25:45.047302+05:30,0.0,71.89,-71.89,2
5553,ml_baseline_90deg,2026-07-09 23:25:45.143743+05:30,0.0,71.54,-71.54,1
5554,ml_baseline_90deg,2026-07-09 23:25:45.246490+05:30,0.0,71.02,-71.02,2
5555,ml_baseline_90deg,2026-07-09 23:25:45.348884+05:30,0.0,70.66,-70.66,2
5556,ml_baseline_90deg,2026-07-09 23:25:45.448424+05:30,0.0,70.14,-70.14,2
5557,ml_baseline_90deg,2026-07-09 23:25:45.545833+05:30,0.0,69.79,-69.79,2
5558,ml_baseline_90deg,2026-07-09 23:25:45.647100+05:30,0.0,69.26,-69.26,2
5559,ml_baseline_90deg,2026-07-09 23:25:45.747915+05:30,0.0,68.91,-68.91,2
5560,ml_baseline_90deg,2026-07-09 23:25:45.846961+05:30,0.0,68.38,-68.38,2
5561,ml_baseline_90deg,2026-07-09 23:25:45.945646+05:30,0.0,67.85,-67.85,2
5562,ml_baseline_90deg,2026-07-09 23:25:46.045324+05:30,0.0,67.5,-67.5,1
5563,ml_baseline_90deg,2026-07-09 23:25:46.149549+05:30,0.0,66.97,-66.97,2
5564,ml_baseline_90deg,2026-07-09 23:25:46.246916+05:30,0.0,66.62,-66.62,2
5565,ml_baseline_90deg,2026-07-09 23:25:46.346165+05:30,0.0,66.09,-66.09,2
5566,ml_baseline_90deg,2026-07-09 23:25:46.445070+05:30,0.0,65.74,-65.74,2
5567,ml_baseline_90deg,2026-07-09 23:25:46.545674+05:30,0.0,65.21,-65.21,2
5568,ml_baseline_90deg,2026-07-09 23:25:46.646104+05:30,0.0,64.86,-64.86,2
5569,ml_baseline_90deg,2026-07-09 23:25:46.746219+05:30,0.0,64.34,-64.34,2
5570,ml_baseline_90deg,2026-07-09 23:25:46.848196+05:30,0.0,63.81,-63.81,2
5571,ml_baseline_90deg,2026-07-09 23:25:46.945065+05:30,0.0,63.46,-63.46,1
5572,ml_baseline_90deg,2026-07-09 23:25:47.046105+05:30,0.0,62.93,-62.93,2
5573,ml_baseline_90deg,2026-07-09 23:25:47.146137+05:30,0.0,62.58,-62.58,2
5574,ml_baseline_90deg,2026-07-09 23:25:47.245908+05:30,0.0,62.05,-62.05,2
5575,ml_baseline_90deg,2026-07-09 23:25:47.348080+05:30,0.0,61.7,-61.7,2
5576,ml_baseline_90deg,2026-07-09 23:25:47.447289+05:30,0.0,61.17,-61.17,2
5577,ml_baseline_90deg,2026-07-09 23:25:47.547986+05:30,0.0,60.82,-60.82,2
5578,ml_baseline_90deg,2026-07-09 23:25:47.645261+05:30,0.0,60.29,-60.29,2
5579,ml_baseline_90deg,2026-07-09 23:25:47.745719+05:30,0.0,59.77,-59.77,2
5580,ml_baseline_90deg,2026-07-09 23:25:47.845799+05:30,0.0,59.41,-59.41,1
5581,ml_baseline_90deg,2026-07-09 23:25:47.946113+05:30,0.0,59.06,-59.06,2
5582,ml_baseline_90deg,2026-07-09 23:25:48.045385+05:30,0.0,58.54,-58.54,2
5583,ml_baseline_90deg,2026-07-09 23:25:48.145644+05:30,0.0,58.18,-58.18,2
5584,ml_baseline_90deg,2026-07-09 23:25:48.245236+05:30,0.0,57.66,-57.66,2
5585,ml_baseline_90deg,2026-07-09 23:25:48.346552+05:30,0.0,57.13,-57.13,2
5586,ml_baseline_90deg,2026-07-09 23:25:48.446010+05:30,0.0,56.78,-56.78,2
5587,ml_baseline_90deg,2026-07-09 23:25:48.548282+05:30,0.0,56.25,-56.25,2
5588,ml_baseline_90deg,2026-07-09 23:25:48.648462+05:30,0.0,55.9,-55.9,2
5589,ml_baseline_90deg,2026-07-09 23:25:48.748633+05:30,0.0,55.37,-55.37,1
5590,ml_baseline_90deg,2026-07-09 23:25:48.853821+05:30,0.0,55.02,-55.02,2
5591,ml_baseline_90deg,2026-07-09 23:25:48.946381+05:30,0.0,54.49,-54.49,2
5592,ml_baseline_90deg,2026-07-09 23:25:49.044382+05:30,0.0,54.14,-54.14,2
5593,ml_baseline_90deg,2026-07-09 23:25:49.146748+05:30,0.0,53.61,-53.61,2
5594,ml_baseline_90deg,2026-07-09 23:25:49.246593+05:30,0.0,53.09,-53.09,2
5595,ml_baseline_90deg,2026-07-09 23:25:49.344339+05:30,0.0,52.73,-52.73,2
5596,ml_baseline_90deg,2026-07-09 23:25:49.445964+05:30,0.0,52.21,-52.21,2
5597,ml_baseline_90deg,2026-07-09 23:25:49.546026+05:30,0.0,51.68,-51.68,2
5598,ml_baseline_90deg,2026-07-09 23:25:49.647959+05:30,0.0,51.33,-51.33,1
5599,ml_baseline_90deg,2026-07-09 23:25:49.747259+05:30,0.0,50.98,-50.98,2
5600,ml_baseline_90deg,2026-07-09 23:25:49.850472+05:30,0.0,50.45,-50.45,2
5601,ml_baseline_90deg,2026-07-09 23:25:49.946606+05:30,0.0,49.92,-49.92,2
5602,ml_baseline_90deg,2026-07-09 23:25:50.045224+05:30,0.0,49.57,-49.57,2
5603,ml_baseline_90deg,2026-07-09 23:25:50.144824+05:30,0.0,49.04,-49.04,2
5604,ml_baseline_90deg,2026-07-09 23:25:50.248174+05:30,0.0,48.52,-48.52,2
5605,ml_baseline_90deg,2026-07-09 23:25:50.346015+05:30,0.0,48.16,-48.16,2
5606,ml_baseline_90deg,2026-07-09 23:25:50.445705+05:30,0.0,47.64,-47.64,2
5607,ml_baseline_90deg,2026-07-09 23:25:50.546216+05:30,0.0,47.29,-47.29,1
5608,ml_baseline_90deg,2026-07-09 23:25:50.646689+05:30,0.0,46.93,-46.93,2
5609,ml_baseline_90deg,2026-07-09 23:25:50.746508+05:30,0.0,46.41,-46.41,2
5610,ml_baseline_90deg,2026-07-09 23:25:50.845825+05:30,0.0,45.88,-45.88,2
5611,ml_baseline_90deg,2026-07-09 23:25:50.946419+05:30,0.0,45.53,-45.53,2
5612,ml_baseline_90deg,2026-07-09 23:25:51.046167+05:30,0.0,45.0,-45.0,2
5613,ml_baseline_90deg,2026-07-09 23:25:51.146242+05:30,0.0,44.47,-44.47,2
5614,ml_baseline_90deg,2026-07-09 23:25:51.246258+05:30,0.0,44.12,-44.12,2
5615,ml_baseline_90deg,2026-07-09 23:25:51.348173+05:30,0.0,43.59,-43.59,2
5616,ml_baseline_90deg,2026-07-09 23:25:51.447320+05:30,0.0,43.24,-43.24,1
5617,ml_baseline_90deg,2026-07-09 23:25:51.549977+05:30,0.0,42.71,-42.71,2
5618,ml_baseline_90deg,2026-07-09 23:25:51.647611+05:30,0.0,42.36,-42.36,2
5619,ml_baseline_90deg,2026-07-09 23:25:51.749447+05:30,0.0,41.84,-41.84,2
5620,ml_baseline_90deg,2026-07-09 23:25:51.846182+05:30,0.0,41.31,-41.31,2
5621,ml_baseline_90deg,2026-07-09 23:25:51.946185+05:30,0.0,40.96,-40.96,2
5622,ml_baseline_90deg,2026-07-09 23:25:52.047092+05:30,0.0,40.43,-40.43,2
5623,ml_baseline_90deg,2026-07-09 23:25:52.145883+05:30,0.0,39.9,-39.9,2
5624,ml_baseline_90deg,2026-07-09 23:25:52.245786+05:30,0.0,39.55,-39.55,2
5625,ml_baseline_90deg,2026-07-09 23:25:52.345839+05:30,0.0,39.02,-39.02,1
5626,ml_baseline_90deg,2026-07-09 23:25:52.446544+05:30,0.0,38.67,-38.67,2
5627,ml_baseline_90deg,2026-07-09 23:25:52.547868+05:30,0.0,38.14,-38.14,2
5628,ml_baseline_90deg,2026-07-09 23:25:52.645081+05:30,0.0,37.79,-37.79,2
5629,ml_baseline_90deg,2026-07-09 23:25:52.747168+05:30,0.0,37.27,-37.27,2
5630,ml_baseline_90deg,2026-07-09 23:25:52.846443+05:30,0.0,36.91,-36.91,2
5631,ml_baseline_90deg,2026-07-09 23:25:52.946738+05:30,0.0,36.39,-36.39,2
5632,ml_baseline_90deg,2026-07-09 23:25:53.044446+05:30,0.0,36.04,-36.04,2
5633,ml_baseline_90deg,2026-07-09 23:25:53.149177+05:30,0.0,35.51,-35.51,2
5634,ml_baseline_90deg,2026-07-09 23:25:53.246448+05:30,0.0,35.16,-35.16,1
5635,ml_baseline_90deg,2026-07-09 23:25:53.347331+05:30,0.0,34.63,-34.63,2
5636,ml_baseline_90deg,2026-07-09 23:25:53.446632+05:30,0.0,34.28,-34.28,2
5637,ml_baseline_90deg,2026-07-09 23:25:53.547809+05:30,0.0,33.75,-33.75,2
5638,ml_baseline_90deg,2026-07-09 23:25:53.648098+05:30,0.0,33.4,-33.4,2
5639,ml_baseline_90deg,2026-07-09 23:25:53.747655+05:30,0.0,32.87,-32.87,2
5640,ml_baseline_90deg,2026-07-09 23:25:53.848995+05:30,0.0,32.34,-32.34,2
5641,ml_baseline_90deg,2026-07-09 23:25:53.946254+05:30,0.0,31.99,-31.99,2
5642,ml_baseline_90deg,2026-07-09 23:25:54.045999+05:30,0.0,31.46,-31.46,2
5643,ml_baseline_90deg,2026-07-09 23:25:54.147430+05:30,0.0,31.11,-31.11,1
5644,ml_baseline_90deg,2026-07-09 23:25:54.248509+05:30,0.0,30.59,-30.59,2
5645,ml_baseline_90deg,2026-07-09 23:25:54.345261+05:30,0.0,30.23,-30.23,2
5646,ml_baseline_90deg,2026-07-09 23:25:54.445271+05:30,0.0,29.71,-29.71,2
5647,ml_baseline_90deg,2026-07-09 23:25:54.544391+05:30,0.0,29.18,-29.18,2
5648,ml_baseline_90deg,2026-07-09 23:25:54.645630+05:30,0.0,28.65,-28.65,2
5649,ml_baseline_90deg,2026-07-09 23:25:54.746026+05:30,0.0,28.3,-28.3,2
5650,ml_baseline_90deg,2026-07-09 23:25:54.845127+05:30,0.0,27.77,-27.77,2
5651,ml_baseline_90deg,2026-07-09 23:25:54.948076+05:30,0.0,27.42,-27.42,2
5652,ml_baseline_90deg,2026-07-09 23:25:55.045596+05:30,0.0,26.89,-26.89,1
5653,ml_baseline_90deg,2026-07-09 23:25:55.145387+05:30,0.0,26.54,-26.54,2
5654,ml_baseline_90deg,2026-07-09 23:25:55.245741+05:30,0.0,26.02,-26.02,2
5655,ml_baseline_90deg,2026-07-09 23:25:55.347114+05:30,0.0,25.49,-25.49,2
5656,ml_baseline_90deg,2026-07-09 23:25:55.448524+05:30,0.0,25.14,-25.14,2
5657,ml_baseline_90deg,2026-07-09 23:25:55.548320+05:30,0.0,24.61,-24.61,2
5658,ml_baseline_90deg,2026-07-09 23:25:55.645201+05:30,0.0,24.08,-24.08,2
5659,ml_baseline_90deg,2026-07-09 23:25:55.748700+05:30,0.0,23.73,-23.73,2
5660,ml_baseline_90deg,2026-07-09 23:25:55.848784+05:30,0.0,23.2,-23.2,2
5661,ml_baseline_90deg,2026-07-09 23:25:55.946481+05:30,0.0,22.85,-22.85,1
5662,ml_baseline_90deg,2026-07-09 23:25:56.046209+05:30,0.0,22.32,-22.32,2
5663,ml_baseline_90deg,2026-07-09 23:25:56.145374+05:30,0.0,21.97,-21.97,2
5664,ml_baseline_90deg,2026-07-09 23:25:56.244559+05:30,0.0,21.45,-21.45,2
5665,ml_baseline_90deg,2026-07-09 23:25:56.345455+05:30,0.0,20.92,-20.92,2
5666,ml_baseline_90deg,2026-07-09 23:25:56.445297+05:30,0.0,20.39,-20.39,2
5667,ml_baseline_90deg,2026-07-09 23:25:56.543548+05:30,0.0,20.04,-20.04,2
5668,ml_baseline_90deg,2026-07-09 23:25:56.646551+05:30,0.0,19.51,-19.51,2
5669,ml_baseline_90deg,2026-07-09 23:25:56.746245+05:30,0.0,18.98,-18.98,2
5670,ml_baseline_90deg,2026-07-09 23:25:56.846891+05:30,0.0,18.63,-18.63,1
5671,ml_baseline_90deg,2026-07-09 23:25:56.943837+05:30,0.0,18.28,-18.28,2
5672,ml_baseline_90deg,2026-07-09 23:25:57.045047+05:30,0.0,17.75,-17.75,2
5673,ml_baseline_90deg,2026-07-09 23:25:57.147264+05:30,0.0,17.4,-17.4,2
5674,ml_baseline_90deg,2026-07-09 23:25:57.246302+05:30,0.0,16.87,-16.87,2
5675,ml_baseline_90deg,2026-07-09 23:25:57.348400+05:30,0.0,16.52,-16.52,2
5676,ml_baseline_90deg,2026-07-09 23:25:57.447653+05:30,0.0,16.0,-16.0,2
5677,ml_baseline_90deg,2026-07-09 23:25:57.547292+05:30,0.0,15.64,-15.64,2
5678,ml_baseline_90deg,2026-07-09 23:25:57.645300+05:30,0.0,15.12,-15.12,2
5679,ml_baseline_90deg,2026-07-09 23:25:57.748981+05:30,0.0,14.59,-14.59,1
5680,ml_baseline_90deg,2026-07-09 23:25:57.846846+05:30,0.0,14.41,-14.41,2
5681,ml_baseline_90deg,2026-07-09 23:25:57.946556+05:30,0.0,14.06,-14.06,2
5682,ml_baseline_90deg,2026-07-09 23:25:58.047330+05:30,0.0,13.54,-13.54,2
5683,ml_baseline_90deg,2026-07-09 23:25:58.144321+05:30,0.0,13.18,-13.18,2
5684,ml_baseline_90deg,2026-07-09 23:25:58.248489+05:30,0.0,12.66,-12.66,2
5685,ml_baseline_90deg,2026-07-09 23:25:58.347537+05:30,0.0,12.13,-12.13,2
5686,ml_baseline_90deg,2026-07-09 23:25:58.446075+05:30,0.0,11.6,-11.6,2
5687,ml_baseline_90deg,2026-07-09 23:25:58.548031+05:30,0.0,11.25,-11.25,2
5688,ml_baseline_90deg,2026-07-09 23:25:58.645436+05:30,0.0,10.72,-10.72,1
5689,ml_baseline_90deg,2026-07-09 23:25:58.746214+05:30,0.0,10.37,-10.37,2
5690,ml_baseline_90deg,2026-07-09 23:25:58.845866+05:30,0.0,9.84,-9.84,2
5691,ml_baseline_90deg,2026-07-09 23:25:58.947090+05:30,0.0,9.32,-9.32,2
5692,ml_baseline_90deg,2026-07-09 23:25:59.048242+05:30,0.0,8.96,-8.96,2
5693,ml_baseline_90deg,2026-07-09 23:25:59.146778+05:30,0.0,8.44,-8.44,2
5694,ml_baseline_90deg,2026-07-09 23:25:59.246780+05:30,0.0,7.91,-7.91,2
5695,ml_baseline_90deg,2026-07-09 23:25:59.346407+05:30,0.0,7.38,-7.38,2
5696,ml_baseline_90deg,2026-07-09 23:25:59.446038+05:30,0.0,7.03,-7.03,2
5697,ml_baseline_90deg,2026-07-09 23:25:59.546335+05:30,0.0,7.03,-7.03,1
5698,ml_baseline_90deg,2026-07-09 23:25:59.643839+05:30,0.0,7.03,-7.03,2
5699,ml_baseline_90deg,2026-07-09 23:25:59.744852+05:30,0.0,6.86,-6.86,2
5700,ml_baseline_90deg,2026-07-09 23:25:59.845094+05:30,0.0,6.86,-6.86,2
5701,ml_baseline_90deg,2026-07-09 23:25:59.944773+05:30,0.0,6.86,-6.86,2
5702,ml_baseline_90deg,2026-07-09 23:26:00.047900+05:30,0.0,6.68,-6.68,2
5703,ml_baseline_90deg,2026-07-09 23:26:00.144923+05:30,90.0,6.68,83.32,2
5704,ml_baseline_90deg,2026-07-09 23:26:00.245016+05:30,90.0,6.68,83.32,2
5705,ml_baseline_90deg,2026-07-09 23:26:00.343877+05:30,90.0,6.68,83.32,2
5706,ml_baseline_90deg,2026-07-09 23:26:00.446258+05:30,90.0,6.68,83.32,2
5707,ml_baseline_90deg,2026-07-09 23:26:00.546852+05:30,90.0,6.68,83.32,2
5708,ml_baseline_90deg,2026-07-09 23:26:00.646084+05:30,90.0,6.68,83.32,2
5709,ml_baseline_90deg,2026-07-09 23:26:00.744540+05:30,90.0,6.68,83.32,2
5710,ml_baseline_90deg,2026-07-09 23:26:00.847274+05:30,90.0,6.68,83.32,2
5711,ml_baseline_90deg,2026-07-09 23:26:00.944798+05:30,90.0,6.68,83.32,1
5712,ml_baseline_90deg,2026-07-09 23:26:01.045050+05:30,90.0,6.86,83.14,2
5713,ml_baseline_90deg,2026-07-09 23:26:01.145165+05:30,90.0,6.86,83.14,2
5714,ml_baseline_90deg,2026-07-09 23:26:01.247029+05:30,90.0,7.21,82.79,2
5715,ml_baseline_90deg,2026-07-09 23:26:01.345962+05:30,90.0,7.38,82.62,2
5716,ml_baseline_90deg,2026-07-09 23:26:01.447831+05:30,90.0,7.91,82.09,2
5717,ml_baseline_90deg,2026-07-09 23:26:01.544871+05:30,90.0,8.26,81.74,2
5718,ml_baseline_90deg,2026-07-09 23:26:01.644523+05:30,90.0,8.79,81.21,2
5719,ml_baseline_90deg,2026-07-09 23:26:01.750558+05:30,90.0,9.14,80.86,2
5720,ml_baseline_90deg,2026-07-09 23:26:01.846091+05:30,90.0,9.49,80.51,1
5721,ml_baseline_90deg,2026-07-09 23:26:01.946961+05:30,90.0,9.84,80.16,2
5722,ml_baseline_90deg,2026-07-09 23:26:02.047160+05:30,90.0,10.37,79.63,2
5723,ml_baseline_90deg,2026-07-09 23:26:02.144517+05:30,90.0,10.9,79.1,2
5724,ml_baseline_90deg,2026-07-09 23:26:02.244226+05:30,90.0,11.43,78.57,2
5725,ml_baseline_90deg,2026-07-09 23:26:02.346165+05:30,90.0,11.95,78.05,2
5726,ml_baseline_90deg,2026-07-09 23:26:02.446403+05:30,90.0,12.3,77.7,2
5727,ml_baseline_90deg,2026-07-09 23:26:02.547131+05:30,90.0,12.83,77.17,2
5728,ml_baseline_90deg,2026-07-09 23:26:02.646040+05:30,90.0,13.36,76.64,2
5729,ml_baseline_90deg,2026-07-09 23:26:02.743642+05:30,90.0,13.71,76.29,1
5730,ml_baseline_90deg,2026-07-09 23:26:02.848958+05:30,90.0,14.06,75.94,2
5731,ml_baseline_90deg,2026-07-09 23:26:02.945554+05:30,90.0,14.59,75.41,2
5732,ml_baseline_90deg,2026-07-09 23:26:03.045258+05:30,90.0,14.94,75.06,2
5733,ml_baseline_90deg,2026-07-09 23:26:03.145561+05:30,90.0,15.29,74.71,2
5734,ml_baseline_90deg,2026-07-09 23:26:03.246192+05:30,90.0,15.64,74.36,2
5735,ml_baseline_90deg,2026-07-09 23:26:03.345943+05:30,90.0,16.17,73.83,2
5736,ml_baseline_90deg,2026-07-09 23:26:03.448925+05:30,90.0,16.52,73.48,2
5737,ml_baseline_90deg,2026-07-09 23:26:03.546395+05:30,90.0,17.05,72.95,2
5738,ml_baseline_90deg,2026-07-09 23:26:03.646129+05:30,90.0,17.4,72.6,1
5739,ml_baseline_90deg,2026-07-09 23:26:03.746620+05:30,90.0,17.58,72.42,2
5740,ml_baseline_90deg,2026-07-09 23:26:03.845636+05:30,90.0,18.11,71.89,2
5741,ml_baseline_90deg,2026-07-09 23:26:03.945882+05:30,90.0,18.63,71.37,2
5742,ml_baseline_90deg,2026-07-09 23:26:04.045911+05:30,90.0,18.98,71.02,2
5743,ml_baseline_90deg,2026-07-09 23:26:04.145696+05:30,90.0,19.51,70.49,2
5744,ml_baseline_90deg,2026-07-09 23:26:04.246164+05:30,90.0,19.86,70.14,2
5745,ml_baseline_90deg,2026-07-09 23:26:04.346738+05:30,90.0,20.21,69.79,2
5746,ml_baseline_90deg,2026-07-09 23:26:04.446483+05:30,90.0,20.74,69.26,2
5747,ml_baseline_90deg,2026-07-09 23:26:04.546802+05:30,90.0,21.09,68.91,1
5748,ml_baseline_90deg,2026-07-09 23:26:04.645201+05:30,90.0,21.45,68.55,2
5749,ml_baseline_90deg,2026-07-09 23:26:04.745921+05:30,90.0,21.97,68.03,2
5750,ml_baseline_90deg,2026-07-09 23:26:04.847403+05:30,90.0,22.32,67.68,2
5751,ml_baseline_90deg,2026-07-09 23:26:04.946445+05:30,90.0,22.85,67.15,2
5752,ml_baseline_90deg,2026-07-09 23:26:05.044919+05:30,90.0,23.2,66.8,2
5753,ml_baseline_90deg,2026-07-09 23:26:05.145175+05:30,90.0,23.73,66.27,2
5754,ml_baseline_90deg,2026-07-09 23:26:05.245939+05:30,90.0,24.08,65.92,2
5755,ml_baseline_90deg,2026-07-09 23:26:05.346909+05:30,90.0,24.61,65.39,2
5756,ml_baseline_90deg,2026-07-09 23:26:05.448630+05:30,90.0,24.96,65.04,1
5757,ml_baseline_90deg,2026-07-09 23:26:05.547667+05:30,90.0,25.14,64.86,2
5758,ml_baseline_90deg,2026-07-09 23:26:05.647526+05:30,90.0,25.66,64.34,2
5759,ml_baseline_90deg,2026-07-09 23:26:05.748903+05:30,90.0,26.02,63.98,2
5760,ml_baseline_90deg,2026-07-09 23:26:05.846192+05:30,90.0,26.54,63.46,2
5761,ml_baseline_90deg,2026-07-09 23:26:05.945666+05:30,90.0,26.89,63.11,2
5762,ml_baseline_90deg,2026-07-09 23:26:06.045934+05:30,90.0,27.42,62.58,2
5763,ml_baseline_90deg,2026-07-09 23:26:06.144478+05:30,90.0,27.77,62.23,2
5764,ml_baseline_90deg,2026-07-09 23:26:06.246499+05:30,90.0,28.3,61.7,2
5765,ml_baseline_90deg,2026-07-09 23:26:06.345976+05:30,90.0,28.65,61.35,1
5766,ml_baseline_90deg,2026-07-09 23:26:06.444897+05:30,90.0,28.83,61.17,2
5767,ml_baseline_90deg,2026-07-09 23:26:06.547348+05:30,90.0,29.36,60.64,2
5768,ml_baseline_90deg,2026-07-09 23:26:06.647678+05:30,90.0,29.71,60.29,2
5769,ml_baseline_90deg,2026-07-09 23:26:06.744881+05:30,90.0,30.23,59.77,2
5770,ml_baseline_90deg,2026-07-09 23:26:06.847042+05:30,90.0,30.59,59.41,2
5771,ml_baseline_90deg,2026-07-09 23:26:06.944840+05:30,90.0,30.94,59.06,2
5772,ml_baseline_90deg,2026-07-09 23:26:07.046178+05:30,90.0,31.29,58.71,2
5773,ml_baseline_90deg,2026-07-09 23:26:07.145613+05:30,90.0,31.82,58.18,2
5774,ml_baseline_90deg,2026-07-09 23:26:07.244235+05:30,90.0,32.17,57.83,1
5775,ml_baseline_90deg,2026-07-09 23:26:07.345950+05:30,90.0,32.34,57.66,2
5776,ml_baseline_90deg,2026-07-09 23:26:07.446577+05:30,90.0,32.87,57.13,2
5777,ml_baseline_90deg,2026-07-09 23:26:07.546916+05:30,90.0,33.22,56.78,2
5778,ml_baseline_90deg,2026-07-09 23:26:07.646482+05:30,90.0,33.75,56.25,2
5779,ml_baseline_90deg,2026-07-09 23:26:07.747068+05:30,90.0,34.1,55.9,2
5780,ml_baseline_90deg,2026-07-09 23:26:07.845153+05:30,90.0,34.45,55.55,2
5781,ml_baseline_90deg,2026-07-09 23:26:07.946002+05:30,90.0,34.98,55.02,2
5782,ml_baseline_90deg,2026-07-09 23:26:08.043835+05:30,90.0,35.33,54.67,2
5783,ml_baseline_90deg,2026-07-09 23:26:08.146172+05:30,90.0,35.68,54.32,1
5784,ml_baseline_90deg,2026-07-09 23:26:08.246355+05:30,90.0,36.04,53.96,2
5785,ml_baseline_90deg,2026-07-09 23:26:08.348902+05:30,90.0,36.39,53.61,2
5786,ml_baseline_90deg,2026-07-09 23:26:08.446298+05:30,90.0,36.91,53.09,2
5787,ml_baseline_90deg,2026-07-09 23:26:08.548432+05:30,90.0,37.27,52.73,2
5788,ml_baseline_90deg,2026-07-09 23:26:08.645933+05:30,90.0,37.62,52.38,2
5789,ml_baseline_90deg,2026-07-09 23:26:08.748011+05:30,90.0,37.97,52.03,2
5790,ml_baseline_90deg,2026-07-09 23:26:08.846459+05:30,90.0,38.5,51.5,2
5791,ml_baseline_90deg,2026-07-09 23:26:08.945771+05:30,90.0,38.85,51.15,2
5792,ml_baseline_90deg,2026-07-09 23:26:09.045027+05:30,90.0,39.2,50.8,1
5793,ml_baseline_90deg,2026-07-09 23:26:09.144816+05:30,90.0,39.55,50.45,2
5794,ml_baseline_90deg,2026-07-09 23:26:09.247146+05:30,90.0,39.9,50.1,2
5795,ml_baseline_90deg,2026-07-09 23:26:09.344006+05:30,90.0,40.25,49.75,2
5796,ml_baseline_90deg,2026-07-09 23:26:09.447921+05:30,90.0,40.78,49.22,2
5797,ml_baseline_90deg,2026-07-09 23:26:09.547170+05:30,90.0,41.13,48.87,2
5798,ml_baseline_90deg,2026-07-09 23:26:09.646753+05:30,90.0,41.48,48.52,2
5799,ml_baseline_90deg,2026-07-09 23:26:09.746938+05:30,90.0,41.84,48.16,2
5800,ml_baseline_90deg,2026-07-09 23:26:09.846376+05:30,90.0,42.36,47.64,2
5801,ml_baseline_90deg,2026-07-09 23:26:09.946162+05:30,90.0,42.71,47.29,1
5802,ml_baseline_90deg,2026-07-09 23:26:10.047725+05:30,90.0,42.89,47.11,2
5803,ml_baseline_90deg,2026-07-09 23:26:10.146620+05:30,90.0,43.42,46.58,2
5804,ml_baseline_90deg,2026-07-09 23:26:10.246231+05:30,90.0,43.77,46.23,2
5805,ml_baseline_90deg,2026-07-09 23:26:10.347293+05:30,90.0,44.3,45.7,2
5806,ml_baseline_90deg,2026-07-09 23:26:10.445419+05:30,90.0,44.65,45.35,2
5807,ml_baseline_90deg,2026-07-09 23:26:10.547087+05:30,90.0,45.18,44.82,2
5808,ml_baseline_90deg,2026-07-09 23:26:10.646118+05:30,90.0,45.53,44.47,2
5809,ml_baseline_90deg,2026-07-09 23:26:10.745694+05:30,90.0,45.88,44.12,2
5810,ml_baseline_90deg,2026-07-09 23:26:10.847542+05:30,90.0,46.23,43.77,1
5811,ml_baseline_90deg,2026-07-09 23:26:10.945896+05:30,90.0,46.41,43.59,2
5812,ml_baseline_90deg,2026-07-09 23:26:11.045667+05:30,90.0,46.93,43.07,2
5813,ml_baseline_90deg,2026-07-09 23:26:11.143987+05:30,90.0,47.29,42.71,2
5814,ml_baseline_90deg,2026-07-09 23:26:11.245361+05:30,90.0,47.64,42.36,2
5815,ml_baseline_90deg,2026-07-09 23:26:11.345920+05:30,90.0,48.16,41.84,2
5816,ml_baseline_90deg,2026-07-09 23:26:11.444523+05:30,90.0,48.52,41.48,2
5817,ml_baseline_90deg,2026-07-09 23:26:11.544558+05:30,90.0,48.87,41.13,2
5818,ml_baseline_90deg,2026-07-09 23:26:11.644143+05:30,90.0,49.39,40.61,2
5819,ml_baseline_90deg,2026-07-09 23:26:11.745642+05:30,90.0,49.57,40.43,1
5820,ml_baseline_90deg,2026-07-09 23:26:11.845838+05:30,90.0,49.92,40.08,2
5821,ml_baseline_90deg,2026-07-09 23:26:11.946926+05:30,90.0,50.27,39.73,2
5822,ml_baseline_90deg,2026-07-09 23:26:12.045579+05:30,90.0,50.8,39.2,2
5823,ml_baseline_90deg,2026-07-09 23:26:12.143232+05:30,90.0,51.15,38.85,2
5824,ml_baseline_90deg,2026-07-09 23:26:12.246528+05:30,90.0,51.5,38.5,2
5825,ml_baseline_90deg,2026-07-09 23:26:12.348041+05:30,90.0,52.03,37.97,2
5826,ml_baseline_90deg,2026-07-09 23:26:12.446576+05:30,90.0,52.38,37.62,2
5827,ml_baseline_90deg,2026-07-09 23:26:12.547064+05:30,90.0,52.73,37.27,2
5828,ml_baseline_90deg,2026-07-09 23:26:12.645842+05:30,90.0,53.09,36.91,1
5829,ml_baseline_90deg,2026-07-09 23:26:12.745740+05:30,90.0,53.44,36.56,2
5830,ml_baseline_90deg,2026-07-09 23:26:12.845976+05:30,90.0,53.79,36.21,2
5831,ml_baseline_90deg,2026-07-09 23:26:12.946183+05:30,90.0,54.14,35.86,2
5832,ml_baseline_90deg,2026-07-09 23:26:13.045650+05:30,90.0,54.49,35.51,2
5833,ml_baseline_90deg,2026-07-09 23:26:13.147965+05:30,90.0,55.02,34.98,2
5834,ml_baseline_90deg,2026-07-09 23:26:13.245842+05:30,90.0,55.37,34.63,2
5835,ml_baseline_90deg,2026-07-09 23:26:13.345408+05:30,90.0,55.72,34.28,2
5836,ml_baseline_90deg,2026-07-09 23:26:13.446650+05:30,90.0,56.07,33.93,2
5837,ml_baseline_90deg,2026-07-09 23:26:13.546363+05:30,90.0,56.25,33.75,1
5838,ml_baseline_90deg,2026-07-09 23:26:13.648251+05:30,90.0,56.6,33.4,2
5839,ml_baseline_90deg,2026-07-09 23:26:13.746383+05:30,90.0,56.78,33.22,2
5840,ml_baseline_90deg,2026-07-09 23:26:13.846212+05:30,90.0,56.95,33.05,2
5841,ml_baseline_90deg,2026-07-09 23:26:13.947791+05:30,90.0,57.13,32.87,2
5842,ml_baseline_90deg,2026-07-09 23:26:14.045357+05:30,90.0,57.3,32.7,2
5843,ml_baseline_90deg,2026-07-09 23:26:14.146136+05:30,90.0,57.66,32.34,2
5844,ml_baseline_90deg,2026-07-09 23:26:14.248350+05:30,90.0,58.01,31.99,2
5845,ml_baseline_90deg,2026-07-09 23:26:14.345671+05:30,90.0,58.36,31.64,2
5846,ml_baseline_90deg,2026-07-09 23:26:14.447246+05:30,90.0,58.71,31.29,1
5847,ml_baseline_90deg,2026-07-09 23:26:14.546298+05:30,90.0,58.89,31.11,2
5848,ml_baseline_90deg,2026-07-09 23:26:14.648160+05:30,90.0,59.24,30.76,2
5849,ml_baseline_90deg,2026-07-09 23:26:14.745851+05:30,90.0,59.77,30.23,2
5850,ml_baseline_90deg,2026-07-09 23:26:14.845414+05:30,90.0,60.12,29.88,2
5851,ml_baseline_90deg,2026-07-09 23:26:14.946023+05:30,90.0,60.47,29.53,2
5852,ml_baseline_90deg,2026-07-09 23:26:15.045252+05:30,90.0,61.0,29.0,2
5853,ml_baseline_90deg,2026-07-09 23:26:15.144869+05:30,90.0,61.35,28.65,2
5854,ml_baseline_90deg,2026-07-09 23:26:15.246052+05:30,90.0,61.7,28.3,2
5855,ml_baseline_90deg,2026-07-09 23:26:15.347374+05:30,90.0,62.05,27.95,1
5856,ml_baseline_90deg,2026-07-09 23:26:15.446862+05:30,90.0,62.4,27.6,2
5857,ml_baseline_90deg,2026-07-09 23:26:15.544733+05:30,90.0,62.75,27.25,2
5858,ml_baseline_90deg,2026-07-09 23:26:15.646349+05:30,90.0,63.28,26.72,2
5859,ml_baseline_90deg,2026-07-09 23:26:15.746303+05:30,90.0,63.63,26.37,2
5860,ml_baseline_90deg,2026-07-09 23:26:15.845300+05:30,90.0,63.98,26.02,2
5861,ml_baseline_90deg,2026-07-09 23:26:15.944226+05:30,90.0,64.51,25.49,2
5862,ml_baseline_90deg,2026-07-09 23:26:16.045188+05:30,90.0,64.86,25.14,2
5863,ml_baseline_90deg,2026-07-09 23:26:16.145891+05:30,90.0,65.39,24.61,2
5864,ml_baseline_90deg,2026-07-09 23:26:16.246796+05:30,90.0,65.57,24.43,1
5865,ml_baseline_90deg,2026-07-09 23:26:16.345689+05:30,90.0,65.92,24.08,2
5866,ml_baseline_90deg,2026-07-09 23:26:16.448939+05:30,90.0,66.45,23.55,2
5867,ml_baseline_90deg,2026-07-09 23:26:16.546746+05:30,90.0,66.8,23.2,2
5868,ml_baseline_90deg,2026-07-09 23:26:16.646489+05:30,90.0,67.15,22.85,2
5869,ml_baseline_90deg,2026-07-09 23:26:16.745744+05:30,90.0,67.68,22.32,2
5870,ml_baseline_90deg,2026-07-09 23:26:16.849019+05:30,90.0,68.03,21.97,2
5871,ml_baseline_90deg,2026-07-09 23:26:16.944121+05:30,90.0,68.55,21.45,2
5872,ml_baseline_90deg,2026-07-09 23:26:17.045511+05:30,90.0,68.91,21.09,2
5873,ml_baseline_90deg,2026-07-09 23:26:17.146464+05:30,90.0,69.26,20.74,1
5874,ml_baseline_90deg,2026-07-09 23:26:17.245498+05:30,90.0,69.61,20.39,2
5875,ml_baseline_90deg,2026-07-09 23:26:17.346957+05:30,90.0,69.96,20.04,2
5876,ml_baseline_90deg,2026-07-09 23:26:17.451211+05:30,90.0,70.31,19.69,2
5877,ml_baseline_90deg,2026-07-09 23:26:17.547396+05:30,90.0,70.84,19.16,2
5878,ml_baseline_90deg,2026-07-09 23:26:17.646766+05:30,90.0,71.19,18.81,2
5879,ml_baseline_90deg,2026-07-09 23:26:17.747499+05:30,90.0,71.72,18.28,2
5880,ml_baseline_90deg,2026-07-09 23:26:17.848508+05:30,90.0,72.07,17.93,2
5881,ml_baseline_90deg,2026-07-09 23:26:17.945567+05:30,90.0,72.6,17.4,2
5882,ml_baseline_90deg,2026-07-09 23:26:18.044683+05:30,90.0,72.95,17.05,1
5883,ml_baseline_90deg,2026-07-09 23:26:18.145092+05:30,90.0,73.12,16.87,2
5884,ml_baseline_90deg,2026-07-09 23:26:18.245844+05:30,90.0,73.65,16.35,2
5885,ml_baseline_90deg,2026-07-09 23:26:18.345544+05:30,90.0,74.0,16.0,2
5886,ml_baseline_90deg,2026-07-09 23:26:18.445622+05:30,90.0,74.53,15.47,2
5887,ml_baseline_90deg,2026-07-09 23:26:18.545719+05:30,90.0,74.88,15.12,2
5888,ml_baseline_90deg,2026-07-09 23:26:18.645696+05:30,90.0,75.41,14.59,2
5889,ml_baseline_90deg,2026-07-09 23:26:18.747786+05:30,90.0,75.76,14.24,2
5890,ml_baseline_90deg,2026-07-09 23:26:18.848195+05:30,90.0,76.29,13.71,2
5891,ml_baseline_90deg,2026-07-09 23:26:18.946177+05:30,90.0,76.64,13.36,1
5892,ml_baseline_90deg,2026-07-09 23:26:19.047223+05:30,90.0,76.99,13.01,2
5893,ml_baseline_90deg,2026-07-09 23:26:19.146197+05:30,90.0,77.34,12.66,2
5894,ml_baseline_90deg,2026-07-09 23:26:19.245047+05:30,90.0,77.87,12.13,2
5895,ml_baseline_90deg,2026-07-09 23:26:19.344557+05:30,90.0,78.4,11.6,2
5896,ml_baseline_90deg,2026-07-09 23:26:19.446205+05:30,90.0,78.75,11.25,2
5897,ml_baseline_90deg,2026-07-09 23:26:19.544597+05:30,90.0,79.28,10.72,2
5898,ml_baseline_90deg,2026-07-09 23:26:19.646049+05:30,90.0,79.63,10.37,2
5899,ml_baseline_90deg,2026-07-09 23:26:19.745471+05:30,90.0,80.16,9.84,2
5900,ml_baseline_90deg,2026-07-09 23:26:19.848284+05:30,90.0,80.51,9.49,1
5901,ml_baseline_90deg,2026-07-09 23:26:19.944072+05:30,90.0,80.86,9.14,2
5902,ml_baseline_90deg,2026-07-09 23:26:20.045305+05:30,90.0,81.39,8.61,2
5903,ml_baseline_90deg,2026-07-09 23:26:20.145574+05:30,90.0,81.74,8.26,2
5904,ml_baseline_90deg,2026-07-09 23:26:20.245696+05:30,90.0,82.27,7.73,2
5905,ml_baseline_90deg,2026-07-09 23:26:20.344644+05:30,90.0,82.62,7.38,2
5906,ml_baseline_90deg,2026-07-09 23:26:20.445446+05:30,90.0,82.97,7.03,2
5907,ml_baseline_90deg,2026-07-09 23:26:20.551993+05:30,90.0,82.97,7.03,2
5908,ml_baseline_90deg,2026-07-09 23:26:20.647404+05:30,90.0,83.14,6.86,2
5909,ml_baseline_90deg,2026-07-09 23:26:20.746634+05:30,90.0,83.14,6.86,1
5910,ml_baseline_90deg,2026-07-09 23:26:20.849231+05:30,90.0,83.14,6.86,2
5911,ml_baseline_90deg,2026-07-09 23:26:20.945857+05:30,90.0,83.14,6.86,2
5912,ml_baseline_90deg,2026-07-09 23:26:21.045079+05:30,90.0,83.14,6.86,2
5913,ml_baseline_90deg,2026-07-09 23:26:21.146123+05:30,90.0,83.14,6.86,2
5914,ml_baseline_90deg,2026-07-09 23:26:21.245618+05:30,90.0,83.32,6.68,2
5915,ml_baseline_90deg,2026-07-09 23:26:21.346560+05:30,90.0,83.32,6.68,2
5916,ml_baseline_90deg,2026-07-09 23:26:21.444954+05:30,90.0,83.32,6.68,2
5917,ml_baseline_90deg,2026-07-09 23:26:21.545779+05:30,90.0,83.5,6.5,2
5918,ml_baseline_90deg,2026-07-09 23:26:21.646522+05:30,0.0,83.67,-83.67,2
5919,ml_baseline_90deg,2026-07-09 23:26:21.746812+05:30,0.0,83.67,-83.67,2
5920,ml_baseline_90deg,2026-07-09 23:26:21.846412+05:30,0.0,83.67,-83.67,2
5921,ml_baseline_90deg,2026-07-09 23:26:21.948412+05:30,0.0,83.67,-83.67,2
5922,ml_baseline_90deg,2026-07-09 23:26:22.046612+05:30,0.0,83.67,-83.67,2
5923,ml_baseline_90deg,2026-07-09 23:26:22.147562+05:30,0.0,83.67,-83.67,2
5924,ml_baseline_90deg,2026-07-09 23:26:22.245181+05:30,0.0,83.67,-83.67,2
5925,ml_baseline_90deg,2026-07-09 23:26:22.344859+05:30,0.0,83.67,-83.67,2
5926,ml_baseline_90deg,2026-07-09 23:26:22.446646+05:30,0.0,83.67,-83.67,1
5927,ml_baseline_90deg,2026-07-09 23:26:22.548764+05:30,0.0,83.67,-83.67,2
5928,ml_baseline_90deg,2026-07-09 23:26:22.647060+05:30,0.0,83.67,-83.67,2
5929,ml_baseline_90deg,2026-07-09 23:26:22.746065+05:30,0.0,83.5,-83.5,2
5930,ml_baseline_90deg,2026-07-09 23:26:22.847660+05:30,0.0,83.32,-83.32,2
5931,ml_baseline_90deg,2026-07-09 23:26:22.946413+05:30,0.0,83.32,-83.32,2
5932,ml_baseline_90deg,2026-07-09 23:26:23.044925+05:30,0.0,83.14,-83.14,2
5933,ml_baseline_90deg,2026-07-09 23:26:23.144228+05:30,0.0,82.97,-82.97,2
5934,ml_baseline_90deg,2026-07-09 23:26:23.247116+05:30,0.0,82.62,-82.62,2
5935,ml_baseline_90deg,2026-07-09 23:26:23.346260+05:30,0.0,82.44,-82.44,1
5936,ml_baseline_90deg,2026-07-09 23:26:23.445971+05:30,0.0,82.09,-82.09,2
5937,ml_baseline_90deg,2026-07-09 23:26:23.548826+05:30,0.0,81.56,-81.56,2
5938,ml_baseline_90deg,2026-07-09 23:26:23.650381+05:30,0.0,81.04,-81.04,2
5939,ml_baseline_90deg,2026-07-09 23:26:23.745226+05:30,0.0,80.68,-80.68,2
5940,ml_baseline_90deg,2026-07-09 23:26:23.847418+05:30,0.0,80.16,-80.16,2
5941,ml_baseline_90deg,2026-07-09 23:26:23.946203+05:30,0.0,79.63,-79.63,2
5942,ml_baseline_90deg,2026-07-09 23:26:24.045014+05:30,0.0,79.1,-79.1,2
5943,ml_baseline_90deg,2026-07-09 23:26:24.145548+05:30,0.0,78.57,-78.57,2
5944,ml_baseline_90deg,2026-07-09 23:26:24.246270+05:30,0.0,78.22,-78.22,1
5945,ml_baseline_90deg,2026-07-09 23:26:24.345753+05:30,0.0,77.7,-77.7,2
5946,ml_baseline_90deg,2026-07-09 23:26:24.444222+05:30,0.0,77.34,-77.34,2
5947,ml_baseline_90deg,2026-07-09 23:26:24.547090+05:30,0.0,76.82,-76.82,2
5948,ml_baseline_90deg,2026-07-09 23:26:24.645275+05:30,0.0,76.29,-76.29,2
5949,ml_baseline_90deg,2026-07-09 23:26:24.745489+05:30,0.0,75.94,-75.94,2
5950,ml_baseline_90deg,2026-07-09 23:26:24.846518+05:30,0.0,75.41,-75.41,2
5951,ml_baseline_90deg,2026-07-09 23:26:24.946202+05:30,0.0,74.88,-74.88,2
5952,ml_baseline_90deg,2026-07-09 23:26:25.045777+05:30,0.0,74.36,-74.36,2
5953,ml_baseline_90deg,2026-07-09 23:26:25.145674+05:30,0.0,74.0,-74.0,1
5954,ml_baseline_90deg,2026-07-09 23:26:25.246942+05:30,0.0,73.48,-73.48,2
5955,ml_baseline_90deg,2026-07-09 23:26:25.347346+05:30,0.0,72.95,-72.95,2
5956,ml_baseline_90deg,2026-07-09 23:26:25.447572+05:30,0.0,72.6,-72.6,2
5957,ml_baseline_90deg,2026-07-09 23:26:25.545828+05:30,0.0,72.07,-72.07,2
5958,ml_baseline_90deg,2026-07-09 23:26:25.645874+05:30,0.0,71.54,-71.54,2
5959,ml_baseline_90deg,2026-07-09 23:26:25.746442+05:30,0.0,71.19,-71.19,2
5960,ml_baseline_90deg,2026-07-09 23:26:25.846695+05:30,0.0,70.66,-70.66,2
5961,ml_baseline_90deg,2026-07-09 23:26:25.950666+05:30,0.0,70.14,-70.14,2
5962,ml_baseline_90deg,2026-07-09 23:26:26.045001+05:30,0.0,69.79,-69.79,1
5963,ml_baseline_90deg,2026-07-09 23:26:26.147448+05:30,0.0,69.26,-69.26,2
5964,ml_baseline_90deg,2026-07-09 23:26:26.245291+05:30,0.0,68.91,-68.91,2
5965,ml_baseline_90deg,2026-07-09 23:26:26.345764+05:30,0.0,68.38,-68.38,2
5966,ml_baseline_90deg,2026-07-09 23:26:26.447792+05:30,0.0,67.85,-67.85,2
5967,ml_baseline_90deg,2026-07-09 23:26:26.556422+05:30,0.0,67.5,-67.5,2
5968,ml_baseline_90deg,2026-07-09 23:26:26.647155+05:30,0.0,66.97,-66.97,2
5969,ml_baseline_90deg,2026-07-09 23:26:26.746073+05:30,0.0,66.45,-66.45,2
5970,ml_baseline_90deg,2026-07-09 23:26:26.848036+05:30,0.0,65.92,-65.92,2
5971,ml_baseline_90deg,2026-07-09 23:26:26.946497+05:30,0.0,65.57,-65.57,1
5972,ml_baseline_90deg,2026-07-09 23:26:27.046949+05:30,0.0,65.21,-65.21,2
5973,ml_baseline_90deg,2026-07-09 23:26:27.146878+05:30,0.0,64.69,-64.69,2
5974,ml_baseline_90deg,2026-07-09 23:26:27.247230+05:30,0.0,64.16,-64.16,2
5975,ml_baseline_90deg,2026-07-09 23:26:27.345233+05:30,0.0,63.81,-63.81,2
5976,ml_baseline_90deg,2026-07-09 23:26:27.448041+05:30,0.0,63.28,-63.28,2
5977,ml_baseline_90deg,2026-07-09 23:26:27.546363+05:30,0.0,62.93,-62.93,2
5978,ml_baseline_90deg,2026-07-09 23:26:27.645185+05:30,0.0,62.4,-62.4,2
5979,ml_baseline_90deg,2026-07-09 23:26:27.747351+05:30,0.0,61.88,-61.88,2
5980,ml_baseline_90deg,2026-07-09 23:26:27.846099+05:30,0.0,61.52,-61.52,1
5981,ml_baseline_90deg,2026-07-09 23:26:27.945426+05:30,0.0,61.0,-61.0,2
5982,ml_baseline_90deg,2026-07-09 23:26:28.045298+05:30,0.0,60.64,-60.64,2
5983,ml_baseline_90deg,2026-07-09 23:26:28.146399+05:30,0.0,60.12,-60.12,2
5984,ml_baseline_90deg,2026-07-09 23:26:28.246617+05:30,0.0,59.77,-59.77,2
5985,ml_baseline_90deg,2026-07-09 23:26:28.346402+05:30,0.0,59.24,-59.24,2
5986,ml_baseline_90deg,2026-07-09 23:26:28.446151+05:30,0.0,58.89,-58.89,2
5987,ml_baseline_90deg,2026-07-09 23:26:28.554499+05:30,0.0,58.36,-58.36,2
5988,ml_baseline_90deg,2026-07-09 23:26:28.647879+05:30,0.0,58.01,-58.01,2
5989,ml_baseline_90deg,2026-07-09 23:26:28.746891+05:30,0.0,57.48,-57.48,1
5990,ml_baseline_90deg,2026-07-09 23:26:28.845408+05:30,0.0,57.13,-57.13,2
5991,ml_baseline_90deg,2026-07-09 23:26:28.946580+05:30,0.0,56.6,-56.6,2
5992,ml_baseline_90deg,2026-07-09 23:26:29.045619+05:30,0.0,56.25,-56.25,2
5993,ml_baseline_90deg,2026-07-09 23:26:29.150043+05:30,0.0,55.72,-55.72,2
5994,ml_baseline_90deg,2026-07-09 23:26:29.246442+05:30,0.0,55.37,-55.37,2
5995,ml_baseline_90deg,2026-07-09 23:26:29.343810+05:30,0.0,54.84,-54.84,2
5996,ml_baseline_90deg,2026-07-09 23:26:29.446970+05:30,0.0,54.49,-54.49,2
5997,ml_baseline_90deg,2026-07-09 23:26:29.547585+05:30,0.0,53.96,-53.96,2
5998,ml_baseline_90deg,2026-07-09 23:26:29.646010+05:30,0.0,53.44,-53.44,1
5999,ml_baseline_90deg,2026-07-09 23:26:29.746985+05:30,0.0,53.09,-53.09,2
6000,ml_baseline_90deg,2026-07-09 23:26:29.847379+05:30,0.0,52.56,-52.56,2
6001,ml_baseline_90deg,2026-07-09 23:26:29.945775+05:30,0.0,52.21,-52.21,2
6002,ml_baseline_90deg,2026-07-09 23:26:30.046562+05:30,0.0,51.68,-51.68,2
6003,ml_baseline_90deg,2026-07-09 23:26:30.146239+05:30,0.0,51.33,-51.33,2
6004,ml_baseline_90deg,2026-07-09 23:26:30.246332+05:30,0.0,50.8,-50.8,2
6005,ml_baseline_90deg,2026-07-09 23:26:30.346896+05:30,0.0,50.27,-50.27,2
6006,ml_baseline_90deg,2026-07-09 23:26:30.444367+05:30,0.0,49.92,-49.92,2
6007,ml_baseline_90deg,2026-07-09 23:26:30.547935+05:30,0.0,49.39,-49.39,1
6008,ml_baseline_90deg,2026-07-09 23:26:30.647790+05:30,0.0,49.04,-49.04,2
6009,ml_baseline_90deg,2026-07-09 23:26:30.745224+05:30,0.0,48.52,-48.52,2
6010,ml_baseline_90deg,2026-07-09 23:26:30.848802+05:30,0.0,48.16,-48.16,2
6011,ml_baseline_90deg,2026-07-09 23:26:30.945544+05:30,0.0,47.64,-47.64,2
6012,ml_baseline_90deg,2026-07-09 23:26:31.046423+05:30,0.0,47.29,-47.29,2
6013,ml_baseline_90deg,2026-07-09 23:26:31.144827+05:30,0.0,46.76,-46.76,2
6014,ml_baseline_90deg,2026-07-09 23:26:31.245408+05:30,0.0,46.41,-46.41,2
6015,ml_baseline_90deg,2026-07-09 23:26:31.345612+05:30,0.0,45.88,-45.88,2
6016,ml_baseline_90deg,2026-07-09 23:26:31.446049+05:30,0.0,45.53,-45.53,1
6017,ml_baseline_90deg,2026-07-09 23:26:31.545712+05:30,0.0,45.0,-45.0,2
6018,ml_baseline_90deg,2026-07-09 23:26:31.648281+05:30,0.0,44.47,-44.47,2
6019,ml_baseline_90deg,2026-07-09 23:26:31.747317+05:30,0.0,44.12,-44.12,2
6020,ml_baseline_90deg,2026-07-09 23:26:31.846354+05:30,0.0,43.59,-43.59,2
6021,ml_baseline_90deg,2026-07-09 23:26:31.947083+05:30,0.0,43.07,-43.07,2
6022,ml_baseline_90deg,2026-07-09 23:26:32.047441+05:30,0.0,42.71,-42.71,2
6023,ml_baseline_90deg,2026-07-09 23:26:32.146972+05:30,0.0,42.36,-42.36,2
6024,ml_baseline_90deg,2026-07-09 23:26:32.245825+05:30,0.0,41.84,-41.84,2
6025,ml_baseline_90deg,2026-07-09 23:26:32.347887+05:30,0.0,41.48,-41.48,1
6026,ml_baseline_90deg,2026-07-09 23:26:32.445896+05:30,0.0,41.13,-41.13,2
6027,ml_baseline_90deg,2026-07-09 23:26:32.544861+05:30,0.0,40.78,-40.78,2
6028,ml_baseline_90deg,2026-07-09 23:26:32.648812+05:30,0.0,40.43,-40.43,2
6029,ml_baseline_90deg,2026-07-09 23:26:32.745486+05:30,0.0,39.9,-39.9,2
6030,ml_baseline_90deg,2026-07-09 23:26:32.845731+05:30,0.0,39.55,-39.55,2
6031,ml_baseline_90deg,2026-07-09 23:26:32.945690+05:30,0.0,39.2,-39.2,2
6032,ml_baseline_90deg,2026-07-09 23:26:33.048349+05:30,0.0,38.67,-38.67,2
6033,ml_baseline_90deg,2026-07-09 23:26:33.147145+05:30,0.0,38.32,-38.32,2
6034,ml_baseline_90deg,2026-07-09 23:26:33.245993+05:30,0.0,37.97,-37.97,1
6035,ml_baseline_90deg,2026-07-09 23:26:33.347347+05:30,0.0,37.44,-37.44,2
6036,ml_baseline_90deg,2026-07-09 23:26:33.446320+05:30,0.0,37.09,-37.09,2
6037,ml_baseline_90deg,2026-07-09 23:26:33.545252+05:30,0.0,36.56,-36.56,2
6038,ml_baseline_90deg,2026-07-09 23:26:33.644882+05:30,0.0,36.21,-36.21,2
6039,ml_baseline_90deg,2026-07-09 23:26:33.745536+05:30,0.0,35.68,-35.68,2
6040,ml_baseline_90deg,2026-07-09 23:26:33.845695+05:30,0.0,35.33,-35.33,2
6041,ml_baseline_90deg,2026-07-09 23:26:33.946138+05:30,0.0,34.8,-34.8,2
6042,ml_baseline_90deg,2026-07-09 23:26:34.048504+05:30,0.0,34.28,-34.28,2
6043,ml_baseline_90deg,2026-07-09 23:26:34.146774+05:30,0.0,33.93,-33.93,1
6044,ml_baseline_90deg,2026-07-09 23:26:34.247242+05:30,0.0,33.57,-33.57,2
6045,ml_baseline_90deg,2026-07-09 23:26:34.346335+05:30,0.0,33.05,-33.05,2
6046,ml_baseline_90deg,2026-07-09 23:26:34.448962+05:30,0.0,32.7,-32.7,2
6047,ml_baseline_90deg,2026-07-09 23:26:34.543993+05:30,0.0,32.17,-32.17,2
6048,ml_baseline_90deg,2026-07-09 23:26:34.647066+05:30,0.0,31.64,-31.64,2
6049,ml_baseline_90deg,2026-07-09 23:26:34.745203+05:30,0.0,31.29,-31.29,2
6050,ml_baseline_90deg,2026-07-09 23:26:34.847430+05:30,0.0,30.94,-30.94,2
6051,ml_baseline_90deg,2026-07-09 23:26:34.946441+05:30,0.0,30.41,-30.41,2
6052,ml_baseline_90deg,2026-07-09 23:26:35.047585+05:30,0.0,30.06,-30.06,1
6053,ml_baseline_90deg,2026-07-09 23:26:35.145837+05:30,0.0,29.53,-29.53,2
6054,ml_baseline_90deg,2026-07-09 23:26:35.248113+05:30,0.0,29.18,-29.18,2
6055,ml_baseline_90deg,2026-07-09 23:26:35.347119+05:30,0.0,28.65,-28.65,2
6056,ml_baseline_90deg,2026-07-09 23:26:35.446770+05:30,0.0,28.3,-28.3,2
6057,ml_baseline_90deg,2026-07-09 23:26:35.546284+05:30,0.0,27.77,-27.77,2
6058,ml_baseline_90deg,2026-07-09 23:26:35.646483+05:30,0.0,27.42,-27.42,2
6059,ml_baseline_90deg,2026-07-09 23:26:35.746688+05:30,0.0,26.89,-26.89,2
6060,ml_baseline_90deg,2026-07-09 23:26:35.846833+05:30,0.0,26.54,-26.54,2
6061,ml_baseline_90deg,2026-07-09 23:26:35.946536+05:30,0.0,26.19,-26.19,1
6062,ml_baseline_90deg,2026-07-09 23:26:36.045852+05:30,0.0,25.84,-25.84,2
6063,ml_baseline_90deg,2026-07-09 23:26:36.143535+05:30,0.0,25.31,-25.31,2
6064,ml_baseline_90deg,2026-07-09 23:26:36.246240+05:30,0.0,24.79,-24.79,2
6065,ml_baseline_90deg,2026-07-09 23:26:36.346044+05:30,0.0,24.43,-24.43,2
6066,ml_baseline_90deg,2026-07-09 23:26:36.445949+05:30,0.0,23.91,-23.91,2
6067,ml_baseline_90deg,2026-07-09 23:26:36.548536+05:30,0.0,23.55,-23.55,2
6068,ml_baseline_90deg,2026-07-09 23:26:36.647793+05:30,0.0,23.03,-23.03,2
6069,ml_baseline_90deg,2026-07-09 23:26:36.747557+05:30,0.0,22.5,-22.5,2
6070,ml_baseline_90deg,2026-07-09 23:26:36.845753+05:30,0.0,21.97,-21.97,1
6071,ml_baseline_90deg,2026-07-09 23:26:36.947527+05:30,0.0,21.62,-21.62,2
6072,ml_baseline_90deg,2026-07-09 23:26:37.046361+05:30,0.0,21.27,-21.27,2
6073,ml_baseline_90deg,2026-07-09 23:26:37.143627+05:30,0.0,20.74,-20.74,2
6074,ml_baseline_90deg,2026-07-09 23:26:37.245734+05:30,0.0,20.39,-20.39,2
6075,ml_baseline_90deg,2026-07-09 23:26:37.346175+05:30,0.0,19.86,-19.86,2
6076,ml_baseline_90deg,2026-07-09 23:26:37.445448+05:30,0.0,19.16,-19.16,2
6077,ml_baseline_90deg,2026-07-09 23:26:37.546525+05:30,0.0,18.63,-18.63,2
6078,ml_baseline_90deg,2026-07-09 23:26:37.646327+05:30,0.0,18.28,-18.28,2
6079,ml_baseline_90deg,2026-07-09 23:26:37.747534+05:30,0.0,17.75,-17.75,1
6080,ml_baseline_90deg,2026-07-09 23:26:37.847856+05:30,0.0,17.4,-17.4,2
6081,ml_baseline_90deg,2026-07-09 23:26:37.945976+05:30,0.0,16.87,-16.87,2
6082,ml_baseline_90deg,2026-07-09 23:26:38.047226+05:30,0.0,16.35,-16.35,2
6083,ml_baseline_90deg,2026-07-09 23:26:38.146668+05:30,0.0,16.0,-16.0,2
6084,ml_baseline_90deg,2026-07-09 23:26:38.244335+05:30,0.0,15.47,-15.47,2
6085,ml_baseline_90deg,2026-07-09 23:26:38.345853+05:30,0.0,15.29,-15.29,2
6086,ml_baseline_90deg,2026-07-09 23:26:38.445733+05:30,0.0,15.12,-15.12,2
6087,ml_baseline_90deg,2026-07-09 23:26:38.544611+05:30,0.0,14.77,-14.77,2
6088,ml_baseline_90deg,2026-07-09 23:26:38.646472+05:30,0.0,14.24,-14.24,1
6089,ml_baseline_90deg,2026-07-09 23:26:38.745343+05:30,0.0,14.06,-14.06,2
6090,ml_baseline_90deg,2026-07-09 23:26:38.846471+05:30,0.0,13.54,-13.54,2
6091,ml_baseline_90deg,2026-07-09 23:26:38.945682+05:30,0.0,13.01,-13.01,2
6092,ml_baseline_90deg,2026-07-09 23:26:39.047672+05:30,0.0,12.3,-12.3,2
6093,ml_baseline_90deg,2026-07-09 23:26:39.145704+05:30,0.0,11.78,-11.78,2
6094,ml_baseline_90deg,2026-07-09 23:26:39.246604+05:30,0.0,11.43,-11.43,2
6095,ml_baseline_90deg,2026-07-09 23:26:39.345133+05:30,0.0,11.07,-11.07,2
6096,ml_baseline_90deg,2026-07-09 23:26:39.445996+05:30,0.0,10.55,-10.55,2
6097,ml_baseline_90deg,2026-07-09 23:26:39.546557+05:30,0.0,10.2,-10.2,1
6098,ml_baseline_90deg,2026-07-09 23:26:39.646175+05:30,0.0,9.84,-9.84,2
6099,ml_baseline_90deg,2026-07-09 23:26:39.747210+05:30,0.0,9.49,-9.49,2
6100,ml_baseline_90deg,2026-07-09 23:26:39.846376+05:30,0.0,9.14,-9.14,2
6101,ml_baseline_90deg,2026-07-09 23:26:39.945594+05:30,0.0,8.79,-8.79,2
6102,ml_baseline_90deg,2026-07-09 23:26:40.049979+05:30,0.0,8.79,-8.79,2
6103,ml_baseline_90deg,2026-07-09 23:26:40.145939+05:30,0.0,8.61,-8.61,2
6104,ml_baseline_90deg,2026-07-09 23:26:40.246023+05:30,0.0,8.61,-8.61,2
6105,ml_baseline_90deg,2026-07-09 23:26:40.347448+05:30,0.0,8.26,-8.26,2
6106,ml_baseline_90deg,2026-07-09 23:26:40.445155+05:30,0.0,7.91,-7.91,1
6107,ml_baseline_90deg,2026-07-09 23:26:40.544440+05:30,0.0,7.56,-7.56,2
6108,ml_baseline_90deg,2026-07-09 23:26:40.647338+05:30,0.0,6.86,-6.86,2
6109,ml_baseline_90deg,2026-07-09 23:26:40.744797+05:30,0.0,6.33,-6.33,2
6110,ml_baseline_90deg,2026-07-09 23:26:40.849670+05:30,0.0,5.8,-5.8,2
6111,ml_baseline_90deg,2026-07-09 23:26:40.948920+05:30,0.0,5.27,-5.27,2
6112,ml_baseline_90deg,2026-07-09 23:26:41.047923+05:30,0.0,5.27,-5.27,2
6113,ml_baseline_90deg,2026-07-09 23:26:41.146373+05:30,90.0,5.27,84.73,2
6114,ml_baseline_90deg,2026-07-09 23:26:41.245103+05:30,90.0,5.27,84.73,2
6115,ml_baseline_90deg,2026-07-09 23:26:41.345906+05:30,90.0,5.27,84.73,2
6116,ml_baseline_90deg,2026-07-09 23:26:41.446509+05:30,90.0,5.27,84.73,2
6117,ml_baseline_90deg,2026-07-09 23:26:41.545753+05:30,90.0,5.27,84.73,2
6118,ml_baseline_90deg,2026-07-09 23:26:41.646267+05:30,90.0,5.27,84.73,2
6119,ml_baseline_90deg,2026-07-09 23:26:41.745728+05:30,90.0,5.27,84.73,2
6120,ml_baseline_90deg,2026-07-09 23:26:41.846252+05:30,90.0,5.27,84.73,2
6121,ml_baseline_90deg,2026-07-09 23:26:41.945818+05:30,90.0,5.27,84.73,1
6122,ml_baseline_90deg,2026-07-09 23:26:42.045285+05:30,90.0,5.27,84.73,2
6123,ml_baseline_90deg,2026-07-09 23:26:42.146610+05:30,90.0,5.27,84.73,2
6124,ml_baseline_90deg,2026-07-09 23:26:42.246622+05:30,90.0,5.45,84.55,2
6125,ml_baseline_90deg,2026-07-09 23:26:42.347559+05:30,90.0,5.45,84.55,2
6126,ml_baseline_90deg,2026-07-09 23:26:42.445487+05:30,90.0,5.62,84.37,2
6127,ml_baseline_90deg,2026-07-09 23:26:42.544323+05:30,90.0,5.8,84.2,2
6128,ml_baseline_90deg,2026-07-09 23:26:42.647672+05:30,90.0,5.98,84.02,2
6129,ml_baseline_90deg,2026-07-09 23:26:42.747046+05:30,90.0,5.98,84.02,2
6130,ml_baseline_90deg,2026-07-09 23:26:42.844813+05:30,90.0,5.98,84.02,1
6131,ml_baseline_90deg,2026-07-09 23:26:42.945080+05:30,90.0,6.15,83.85,2
6132,ml_baseline_90deg,2026-07-09 23:26:43.045833+05:30,90.0,6.5,83.5,2
6133,ml_baseline_90deg,2026-07-09 23:26:43.145841+05:30,90.0,6.86,83.14,2
6134,ml_baseline_90deg,2026-07-09 23:26:43.246010+05:30,90.0,7.21,82.79,2
6135,ml_baseline_90deg,2026-07-09 23:26:43.345680+05:30,90.0,7.73,82.27,2
6136,ml_baseline_90deg,2026-07-09 23:26:43.445676+05:30,90.0,8.09,81.91,2
6137,ml_baseline_90deg,2026-07-09 23:26:43.546558+05:30,90.0,8.61,81.39,2
6138,ml_baseline_90deg,2026-07-09 23:26:43.646104+05:30,90.0,9.14,80.86,2
6139,ml_baseline_90deg,2026-07-09 23:26:43.745848+05:30,90.0,9.49,80.51,1
6140,ml_baseline_90deg,2026-07-09 23:26:43.847016+05:30,90.0,9.84,80.16,2
6141,ml_baseline_90deg,2026-07-09 23:26:43.945484+05:30,90.0,10.37,79.63,2
6142,ml_baseline_90deg,2026-07-09 23:26:44.044767+05:30,90.0,10.9,79.1,2
6143,ml_baseline_90deg,2026-07-09 23:26:44.146410+05:30,90.0,11.25,78.75,2
6144,ml_baseline_90deg,2026-07-09 23:26:44.245278+05:30,90.0,11.78,78.22,2
6145,ml_baseline_90deg,2026-07-09 23:26:44.347440+05:30,90.0,12.13,77.87,2
6146,ml_baseline_90deg,2026-07-09 23:26:44.444875+05:30,90.0,12.66,77.34,2
6147,ml_baseline_90deg,2026-07-09 23:26:44.545615+05:30,90.0,13.01,76.99,2
6148,ml_baseline_90deg,2026-07-09 23:26:44.645749+05:30,90.0,13.36,76.64,1
6149,ml_baseline_90deg,2026-07-09 23:26:44.746703+05:30,90.0,13.71,76.29,2
6150,ml_baseline_90deg,2026-07-09 23:26:44.846603+05:30,90.0,14.06,75.94,2
6151,ml_baseline_90deg,2026-07-09 23:26:44.946244+05:30,90.0,14.59,75.41,2
6152,ml_baseline_90deg,2026-07-09 23:26:45.045577+05:30,90.0,14.94,75.06,2
6153,ml_baseline_90deg,2026-07-09 23:26:45.147826+05:30,90.0,15.47,74.53,2
6154,ml_baseline_90deg,2026-07-09 23:26:45.250571+05:30,90.0,15.82,74.18,2
6155,ml_baseline_90deg,2026-07-09 23:26:45.347153+05:30,90.0,16.17,73.83,2
6156,ml_baseline_90deg,2026-07-09 23:26:45.445892+05:30,90.0,16.7,73.3,2
6157,ml_baseline_90deg,2026-07-09 23:26:45.549949+05:30,90.0,17.05,72.95,1
6158,ml_baseline_90deg,2026-07-09 23:26:45.645667+05:30,90.0,17.23,72.77,2
6159,ml_baseline_90deg,2026-07-09 23:26:45.745831+05:30,90.0,17.75,72.25,2
6160,ml_baseline_90deg,2026-07-09 23:26:45.848811+05:30,90.0,18.11,71.89,2
6161,ml_baseline_90deg,2026-07-09 23:26:45.945722+05:30,90.0,18.63,71.37,2
6162,ml_baseline_90deg,2026-07-09 23:26:46.046352+05:30,90.0,18.98,71.02,2
6163,ml_baseline_90deg,2026-07-09 23:26:46.145040+05:30,90.0,19.51,70.49,2
6164,ml_baseline_90deg,2026-07-09 23:26:46.245542+05:30,90.0,20.04,69.96,2
6165,ml_baseline_90deg,2026-07-09 23:26:46.345642+05:30,90.0,20.39,69.61,2
6166,ml_baseline_90deg,2026-07-09 23:26:46.449435+05:30,90.0,20.74,69.26,1
6167,ml_baseline_90deg,2026-07-09 23:26:46.547000+05:30,90.0,21.09,68.91,2
6168,ml_baseline_90deg,2026-07-09 23:26:46.645171+05:30,90.0,21.45,68.55,2
6169,ml_baseline_90deg,2026-07-09 23:26:46.747030+05:30,90.0,21.97,68.03,2
6170,ml_baseline_90deg,2026-07-09 23:26:46.845692+05:30,90.0,22.32,67.68,2
6171,ml_baseline_90deg,2026-07-09 23:26:46.946031+05:30,90.0,22.85,67.15,2
6172,ml_baseline_90deg,2026-07-09 23:26:47.045455+05:30,90.0,23.2,66.8,2
6173,ml_baseline_90deg,2026-07-09 23:26:47.147233+05:30,90.0,23.73,66.27,2
6174,ml_baseline_90deg,2026-07-09 23:26:47.246075+05:30,90.0,24.08,65.92,2
6175,ml_baseline_90deg,2026-07-09 23:26:47.345231+05:30,90.0,24.61,65.39,1
6176,ml_baseline_90deg,2026-07-09 23:26:47.446544+05:30,90.0,24.79,65.21,2
6177,ml_baseline_90deg,2026-07-09 23:26:47.546816+05:30,90.0,25.14,64.86,2
6178,ml_baseline_90deg,2026-07-09 23:26:47.645582+05:30,90.0,25.66,64.34,2
6179,ml_baseline_90deg,2026-07-09 23:26:47.746353+05:30,90.0,26.02,63.98,2
6180,ml_baseline_90deg,2026-07-09 23:26:47.845700+05:30,90.0,26.37,63.63,2
6181,ml_baseline_90deg,2026-07-09 23:26:47.949348+05:30,90.0,26.89,63.11,2
6182,ml_baseline_90deg,2026-07-09 23:26:48.046113+05:30,90.0,27.25,62.75,2
6183,ml_baseline_90deg,2026-07-09 23:26:48.149270+05:30,90.0,27.6,62.4,2
6184,ml_baseline_90deg,2026-07-09 23:26:48.247544+05:30,90.0,28.12,61.88,1
6185,ml_baseline_90deg,2026-07-09 23:26:48.345511+05:30,90.0,28.3,61.7,2
6186,ml_baseline_90deg,2026-07-09 23:26:48.447075+05:30,90.0,28.65,61.35,2
6187,ml_baseline_90deg,2026-07-09 23:26:48.548558+05:30,90.0,29.18,60.82,2
6188,ml_baseline_90deg,2026-07-09 23:26:48.645340+05:30,90.0,29.53,60.47,2
6189,ml_baseline_90deg,2026-07-09 23:26:48.745156+05:30,90.0,30.06,59.94,2
6190,ml_baseline_90deg,2026-07-09 23:26:48.847297+05:30,90.0,30.41,59.59,2
6191,ml_baseline_90deg,2026-07-09 23:26:48.945788+05:30,90.0,30.94,59.06,2
6192,ml_baseline_90deg,2026-07-09 23:26:49.045861+05:30,90.0,31.29,58.71,2
6193,ml_baseline_90deg,2026-07-09 23:26:49.145271+05:30,90.0,31.64,58.36,1
6194,ml_baseline_90deg,2026-07-09 23:26:49.245612+05:30,90.0,31.99,58.01,2
6195,ml_baseline_90deg,2026-07-09 23:26:49.347049+05:30,90.0,32.34,57.66,2
6196,ml_baseline_90deg,2026-07-09 23:26:49.444872+05:30,90.0,32.87,57.13,2
6197,ml_baseline_90deg,2026-07-09 23:26:49.545000+05:30,90.0,33.22,56.78,2
6198,ml_baseline_90deg,2026-07-09 23:26:49.645622+05:30,90.0,33.57,56.43,2
6199,ml_baseline_90deg,2026-07-09 23:26:49.745793+05:30,90.0,34.1,55.9,2
6200,ml_baseline_90deg,2026-07-09 23:26:49.847791+05:30,90.0,34.45,55.55,2
6201,ml_baseline_90deg,2026-07-09 23:26:49.946271+05:30,90.0,34.98,55.02,2
6202,ml_baseline_90deg,2026-07-09 23:26:50.047091+05:30,90.0,35.33,54.67,1
6203,ml_baseline_90deg,2026-07-09 23:26:50.147705+05:30,90.0,35.51,54.49,2
6204,ml_baseline_90deg,2026-07-09 23:26:50.245379+05:30,90.0,36.04,53.96,2
6205,ml_baseline_90deg,2026-07-09 23:26:50.351508+05:30,90.0,36.39,53.61,2
6206,ml_baseline_90deg,2026-07-09 23:26:50.445203+05:30,90.0,36.74,53.26,2
6207,ml_baseline_90deg,2026-07-09 23:26:50.545676+05:30,90.0,37.27,52.73,2
6208,ml_baseline_90deg,2026-07-09 23:26:50.645312+05:30,90.0,37.62,52.38,2
6209,ml_baseline_90deg,2026-07-09 23:26:50.746493+05:30,90.0,38.14,51.86,2
6210,ml_baseline_90deg,2026-07-09 23:26:50.845864+05:30,90.0,38.5,51.5,2
6211,ml_baseline_90deg,2026-07-09 23:26:50.945492+05:30,90.0,38.85,51.15,1
6212,ml_baseline_90deg,2026-07-09 23:26:51.044685+05:30,90.0,39.02,50.98,2
6213,ml_baseline_90deg,2026-07-09 23:26:51.145378+05:30,90.0,39.55,50.45,2
6214,ml_baseline_90deg,2026-07-09 23:26:51.245537+05:30,90.0,39.9,50.1,2
6215,ml_baseline_90deg,2026-07-09 23:26:51.346497+05:30,90.0,40.43,49.57,2
6216,ml_baseline_90deg,2026-07-09 23:26:51.445117+05:30,90.0,40.78,49.22,2
6217,ml_baseline_90deg,2026-07-09 23:26:51.545899+05:30,90.0,41.31,48.69,2
6218,ml_baseline_90deg,2026-07-09 23:26:51.651865+05:30,90.0,41.66,48.34,2
6219,ml_baseline_90deg,2026-07-09 23:26:51.746693+05:30,90.0,42.19,47.81,2
6220,ml_baseline_90deg,2026-07-09 23:26:51.847565+05:30,90.0,42.54,47.46,1
6221,ml_baseline_90deg,2026-07-09 23:26:51.945220+05:30,90.0,42.71,47.29,2
6222,ml_baseline_90deg,2026-07-09 23:26:52.046943+05:30,90.0,43.07,46.93,2
6223,ml_baseline_90deg,2026-07-09 23:26:52.146857+05:30,90.0,43.59,46.41,2
6224,ml_baseline_90deg,2026-07-09 23:26:52.247681+05:30,90.0,43.95,46.05,2
6225,ml_baseline_90deg,2026-07-09 23:26:52.346159+05:30,90.0,44.47,45.53,2
6226,ml_baseline_90deg,2026-07-09 23:26:52.446018+05:30,90.0,44.82,45.18,2
6227,ml_baseline_90deg,2026-07-09 23:26:52.547157+05:30,90.0,45.35,44.65,2
6228,ml_baseline_90deg,2026-07-09 23:26:52.646517+05:30,90.0,45.7,44.3,2
6229,ml_baseline_90deg,2026-07-09 23:26:52.746610+05:30,90.0,46.05,43.95,1
6230,ml_baseline_90deg,2026-07-09 23:26:52.845477+05:30,90.0,46.23,43.77,2
6231,ml_baseline_90deg,2026-07-09 23:26:52.947228+05:30,90.0,46.76,43.24,2
6232,ml_baseline_90deg,2026-07-09 23:26:53.044207+05:30,90.0,47.11,42.89,2
6233,ml_baseline_90deg,2026-07-09 23:26:53.144456+05:30,90.0,47.64,42.36,2
6234,ml_baseline_90deg,2026-07-09 23:26:53.249307+05:30,90.0,47.99,42.01,2
6235,ml_baseline_90deg,2026-07-09 23:26:53.347947+05:30,90.0,48.34,41.66,2
6236,ml_baseline_90deg,2026-07-09 23:26:53.446824+05:30,90.0,48.87,41.13,2
6237,ml_baseline_90deg,2026-07-09 23:26:53.544674+05:30,90.0,49.22,40.78,2
6238,ml_baseline_90deg,2026-07-09 23:26:53.644801+05:30,90.0,49.57,40.43,1
6239,ml_baseline_90deg,2026-07-09 23:26:53.746945+05:30,90.0,49.92,40.08,2
6240,ml_baseline_90deg,2026-07-09 23:26:53.846388+05:30,90.0,50.27,39.73,2
6241,ml_baseline_90deg,2026-07-09 23:26:53.945093+05:30,90.0,50.63,39.38,2
6242,ml_baseline_90deg,2026-07-09 23:26:54.045588+05:30,90.0,51.15,38.85,2
6243,ml_baseline_90deg,2026-07-09 23:26:54.145621+05:30,90.0,51.5,38.5,2
6244,ml_baseline_90deg,2026-07-09 23:26:54.246799+05:30,90.0,51.86,38.14,2
6245,ml_baseline_90deg,2026-07-09 23:26:54.346894+05:30,90.0,52.38,37.62,2
6246,ml_baseline_90deg,2026-07-09 23:26:54.451880+05:30,90.0,52.73,37.27,2
6247,ml_baseline_90deg,2026-07-09 23:26:54.547735+05:30,90.0,53.09,36.91,1
6248,ml_baseline_90deg,2026-07-09 23:26:54.646753+05:30,90.0,53.44,36.56,2
6249,ml_baseline_90deg,2026-07-09 23:26:54.748404+05:30,90.0,53.79,36.21,2
6250,ml_baseline_90deg,2026-07-09 23:26:54.846166+05:30,90.0,54.32,35.68,2
6251,ml_baseline_90deg,2026-07-09 23:26:54.946254+05:30,90.0,54.67,35.33,2
6252,ml_baseline_90deg,2026-07-09 23:26:55.049569+05:30,90.0,55.02,34.98,2
6253,ml_baseline_90deg,2026-07-09 23:26:55.145259+05:30,90.0,55.37,34.63,2
6254,ml_baseline_90deg,2026-07-09 23:26:55.246236+05:30,90.0,55.9,34.1,2
6255,ml_baseline_90deg,2026-07-09 23:26:55.346264+05:30,90.0,56.25,33.75,2
6256,ml_baseline_90deg,2026-07-09 23:26:55.445368+05:30,90.0,56.6,33.4,1
6257,ml_baseline_90deg,2026-07-09 23:26:55.545187+05:30,90.0,56.78,33.22,2
6258,ml_baseline_90deg,2026-07-09 23:26:55.647390+05:30,90.0,57.13,32.87,2
6259,ml_baseline_90deg,2026-07-09 23:26:55.748667+05:30,90.0,57.66,32.34,2
6260,ml_baseline_90deg,2026-07-09 23:26:55.845981+05:30,90.0,58.01,31.99,2
6261,ml_baseline_90deg,2026-07-09 23:26:55.944883+05:30,90.0,58.36,31.64,2
6262,ml_baseline_90deg,2026-07-09 23:26:56.045369+05:30,90.0,58.89,31.11,2
6263,ml_baseline_90deg,2026-07-09 23:26:56.145605+05:30,90.0,59.24,30.76,2
6264,ml_baseline_90deg,2026-07-09 23:26:56.245403+05:30,90.0,59.59,30.41,2
6265,ml_baseline_90deg,2026-07-09 23:26:56.345870+05:30,90.0,59.94,30.06,1
6266,ml_baseline_90deg,2026-07-09 23:26:56.447364+05:30,90.0,60.29,29.71,2
6267,ml_baseline_90deg,2026-07-09 23:26:56.545558+05:30,90.0,60.64,29.36,2
6268,ml_baseline_90deg,2026-07-09 23:26:56.646575+05:30,90.0,61.17,28.83,2
6269,ml_baseline_90deg,2026-07-09 23:26:56.746260+05:30,90.0,61.52,28.48,2
6270,ml_baseline_90deg,2026-07-09 23:26:56.850638+05:30,90.0,61.88,28.12,2
6271,ml_baseline_90deg,2026-07-09 23:26:56.944949+05:30,90.0,62.4,27.6,2
6272,ml_baseline_90deg,2026-07-09 23:26:57.045514+05:30,90.0,62.75,27.25,2
6273,ml_baseline_90deg,2026-07-09 23:26:57.146125+05:30,90.0,63.11,26.89,2
6274,ml_baseline_90deg,2026-07-09 23:26:57.246982+05:30,90.0,63.63,26.37,1
6275,ml_baseline_90deg,2026-07-09 23:26:57.346074+05:30,90.0,63.81,26.19,2
6276,ml_baseline_90deg,2026-07-09 23:26:57.448128+05:30,90.0,64.34,25.66,2
6277,ml_baseline_90deg,2026-07-09 23:26:57.548000+05:30,90.0,64.69,25.31,2
6278,ml_baseline_90deg,2026-07-09 23:26:57.646509+05:30,90.0,65.04,24.96,2
6279,ml_baseline_90deg,2026-07-09 23:26:57.748010+05:30,90.0,65.57,24.43,2
6280,ml_baseline_90deg,2026-07-09 23:26:57.845898+05:30,90.0,65.92,24.08,2
6281,ml_baseline_90deg,2026-07-09 23:26:57.946353+05:30,90.0,66.45,23.55,2
6282,ml_baseline_90deg,2026-07-09 23:26:58.049296+05:30,90.0,66.8,23.2,2
6283,ml_baseline_90deg,2026-07-09 23:26:58.145646+05:30,90.0,67.32,22.68,1
6284,ml_baseline_90deg,2026-07-09 23:26:58.245794+05:30,90.0,67.5,22.5,2
6285,ml_baseline_90deg,2026-07-09 23:26:58.344833+05:30,90.0,68.03,21.97,2
6286,ml_baseline_90deg,2026-07-09 23:26:58.446273+05:30,90.0,68.38,21.62,2
6287,ml_baseline_90deg,2026-07-09 23:26:58.545633+05:30,90.0,68.91,21.09,2
6288,ml_baseline_90deg,2026-07-09 23:26:58.647229+05:30,90.0,69.26,20.74,2
6289,ml_baseline_90deg,2026-07-09 23:26:58.747973+05:30,90.0,69.79,20.21,2
6290,ml_baseline_90deg,2026-07-09 23:26:58.845902+05:30,90.0,70.14,19.86,2
6291,ml_baseline_90deg,2026-07-09 23:26:58.945833+05:30,90.0,70.49,19.51,2
6292,ml_baseline_90deg,2026-07-09 23:26:59.045233+05:30,90.0,71.02,18.98,1
6293,ml_baseline_90deg,2026-07-09 23:26:59.145880+05:30,90.0,71.19,18.81,2
6294,ml_baseline_90deg,2026-07-09 23:26:59.246914+05:30,90.0,71.72,18.28,2
6295,ml_baseline_90deg,2026-07-09 23:26:59.345762+05:30,90.0,72.07,17.93,2
6296,ml_baseline_90deg,2026-07-09 23:26:59.446598+05:30,90.0,72.6,17.4,2
6297,ml_baseline_90deg,2026-07-09 23:26:59.546105+05:30,90.0,72.95,17.05,2
6298,ml_baseline_90deg,2026-07-09 23:26:59.645306+05:30,90.0,73.48,16.52,2
6299,ml_baseline_90deg,2026-07-09 23:26:59.746294+05:30,90.0,74.0,16.0,2
6300,ml_baseline_90deg,2026-07-09 23:26:59.845861+05:30,90.0,74.36,15.64,2
6301,ml_baseline_90deg,2026-07-09 23:26:59.945484+05:30,90.0,74.88,15.12,1
6302,ml_baseline_90deg,2026-07-09 23:27:00.047468+05:30,90.0,75.23,14.77,2
6303,ml_baseline_90deg,2026-07-09 23:27:00.144332+05:30,90.0,75.59,14.41,2
6304,ml_baseline_90deg,2026-07-09 23:27:00.245921+05:30,90.0,75.94,14.06,2
6305,ml_baseline_90deg,2026-07-09 23:27:00.345797+05:30,90.0,76.46,13.54,2
6306,ml_baseline_90deg,2026-07-09 23:27:00.445289+05:30,90.0,76.99,13.01,2
6307,ml_baseline_90deg,2026-07-09 23:27:00.544509+05:30,90.0,77.34,12.66,2
6308,ml_baseline_90deg,2026-07-09 23:27:00.645903+05:30,90.0,77.87,12.13,2
6309,ml_baseline_90deg,2026-07-09 23:27:00.745169+05:30,90.0,78.4,11.6,2
6310,ml_baseline_90deg,2026-07-09 23:27:00.846176+05:30,90.0,78.75,11.25,1
6311,ml_baseline_90deg,2026-07-09 23:27:00.945730+05:30,90.0,79.1,10.9,2
6312,ml_baseline_90deg,2026-07-09 23:27:01.045459+05:30,90.0,79.63,10.37,2
6313,ml_baseline_90deg,2026-07-09 23:27:01.145357+05:30,90.0,79.98,10.02,2
6314,ml_baseline_90deg,2026-07-09 23:27:01.245987+05:30,90.0,80.51,9.49,2
6315,ml_baseline_90deg,2026-07-09 23:27:01.345564+05:30,90.0,81.04,8.96,2
6316,ml_baseline_90deg,2026-07-09 23:27:01.445762+05:30,90.0,81.56,8.44,2
6317,ml_baseline_90deg,2026-07-09 23:27:01.545984+05:30,90.0,81.91,8.09,2
6318,ml_baseline_90deg,2026-07-09 23:27:01.644335+05:30,90.0,82.44,7.56,2
6319,ml_baseline_90deg,2026-07-09 23:27:01.744800+05:30,90.0,82.97,7.03,1
6320,ml_baseline_90deg,2026-07-09 23:27:01.845767+05:30,90.0,83.14,6.86,2
6321,ml_baseline_90deg,2026-07-09 23:27:01.946800+05:30,90.0,83.67,6.33,2
6322,ml_baseline_90deg,2026-07-09 23:27:02.045327+05:30,90.0,84.2,5.8,2
6323,ml_baseline_90deg,2026-07-09 23:27:02.144453+05:30,90.0,84.73,5.27,2
6324,ml_baseline_90deg,2026-07-09 23:27:02.247956+05:30,90.0,85.08,4.92,1
6325,ml_baseline_90deg,2026-07-09 23:27:02.345730+05:30,90.0,85.43,4.57,1
6326,ml_baseline_90deg,2026-07-09 23:27:02.445026+05:30,90.0,85.78,4.22,2
6327,ml_baseline_90deg,2026-07-09 23:27:02.546648+05:30,90.0,85.96,4.04,1
6328,ml_baseline_90deg,2026-07-09 23:27:02.646617+05:30,0.0,86.31,-86.31,2
6329,ml_baseline_90deg,2026-07-09 23:27:02.745708+05:30,0.0,86.31,-86.31,2
6330,ml_baseline_90deg,2026-07-09 23:27:02.846377+05:30,0.0,86.31,-86.31,2
6331,ml_baseline_90deg,2026-07-09 23:27:02.946712+05:30,0.0,86.31,-86.31,2
6332,ml_baseline_90deg,2026-07-09 23:27:03.046684+05:30,0.0,86.31,-86.31,2
6333,ml_baseline_90deg,2026-07-09 23:27:03.144644+05:30,0.0,86.31,-86.31,2
6334,ml_baseline_90deg,2026-07-09 23:27:03.245102+05:30,0.0,86.31,-86.31,2
6335,ml_baseline_90deg,2026-07-09 23:27:03.345696+05:30,0.0,86.31,-86.31,2
6336,ml_baseline_90deg,2026-07-09 23:27:03.445457+05:30,0.0,86.31,-86.31,1
6337,ml_baseline_90deg,2026-07-09 23:27:03.545540+05:30,0.0,86.13,-86.13,2
6338,ml_baseline_90deg,2026-07-09 23:27:03.646299+05:30,0.0,86.13,-86.13,2
6339,ml_baseline_90deg,2026-07-09 23:27:03.746628+05:30,0.0,86.13,-86.13,2
6340,ml_baseline_90deg,2026-07-09 23:27:03.846306+05:30,0.0,85.96,-85.96,2
6341,ml_baseline_90deg,2026-07-09 23:27:03.946245+05:30,0.0,85.78,-85.78,2
6342,ml_baseline_90deg,2026-07-09 23:27:04.046541+05:30,0.0,85.61,-85.61,2
6343,ml_baseline_90deg,2026-07-09 23:27:04.148550+05:30,0.0,85.25,-85.25,2
6344,ml_baseline_90deg,2026-07-09 23:27:04.246615+05:30,0.0,84.9,-84.9,2
6345,ml_baseline_90deg,2026-07-09 23:27:04.347148+05:30,0.0,84.55,-84.55,1
6346,ml_baseline_90deg,2026-07-09 23:27:04.445692+05:30,0.0,84.2,-84.2,2
6347,ml_baseline_90deg,2026-07-09 23:27:04.545930+05:30,0.0,83.67,-83.67,2
6348,ml_baseline_90deg,2026-07-09 23:27:04.646724+05:30,0.0,83.14,-83.14,2
6349,ml_baseline_90deg,2026-07-09 23:27:04.748200+05:30,0.0,82.79,-82.79,2
6350,ml_baseline_90deg,2026-07-09 23:27:04.845146+05:30,0.0,82.27,-82.27,2
6351,ml_baseline_90deg,2026-07-09 23:27:04.948082+05:30,0.0,81.74,-81.74,2
6352,ml_baseline_90deg,2026-07-09 23:27:05.045872+05:30,0.0,81.21,-81.21,2
6353,ml_baseline_90deg,2026-07-09 23:27:05.147314+05:30,0.0,80.68,-80.68,2
6354,ml_baseline_90deg,2026-07-09 23:27:05.248593+05:30,0.0,80.16,-80.16,1
6355,ml_baseline_90deg,2026-07-09 23:27:05.345859+05:30,0.0,79.8,-79.8,2
6356,ml_baseline_90deg,2026-07-09 23:27:05.446016+05:30,0.0,79.45,-79.45,2
6357,ml_baseline_90deg,2026-07-09 23:27:05.546582+05:30,0.0,78.93,-78.93,2
6358,ml_baseline_90deg,2026-07-09 23:27:05.646164+05:30,0.0,78.4,-78.4,2
6359,ml_baseline_90deg,2026-07-09 23:27:05.746372+05:30,0.0,77.87,-77.87,2
6360,ml_baseline_90deg,2026-07-09 23:27:05.845403+05:30,0.0,77.52,-77.52,2
6361,ml_baseline_90deg,2026-07-09 23:27:05.945913+05:30,0.0,76.99,-76.99,2
6362,ml_baseline_90deg,2026-07-09 23:27:06.045613+05:30,0.0,76.46,-76.46,2
6363,ml_baseline_90deg,2026-07-09 23:27:06.146661+05:30,0.0,75.94,-75.94,1
6364,ml_baseline_90deg,2026-07-09 23:27:06.247466+05:30,0.0,75.59,-75.59,2
6365,ml_baseline_90deg,2026-07-09 23:27:06.352647+05:30,0.0,75.06,-75.06,2
6366,ml_baseline_90deg,2026-07-09 23:27:06.446518+05:30,0.0,74.53,-74.53,2
6367,ml_baseline_90deg,2026-07-09 23:27:06.545557+05:30,0.0,74.18,-74.18,2
6368,ml_baseline_90deg,2026-07-09 23:27:06.645682+05:30,0.0,73.65,-73.65,2
6369,ml_baseline_90deg,2026-07-09 23:27:06.745884+05:30,0.0,73.12,-73.12,2
6370,ml_baseline_90deg,2026-07-09 23:27:06.844715+05:30,0.0,72.6,-72.6,2
6371,ml_baseline_90deg,2026-07-09 23:27:06.948886+05:30,0.0,72.25,-72.25,2
6372,ml_baseline_90deg,2026-07-09 23:27:07.044952+05:30,0.0,71.72,-71.72,1
6373,ml_baseline_90deg,2026-07-09 23:27:07.148097+05:30,0.0,71.37,-71.37,2
6374,ml_baseline_90deg,2026-07-09 23:27:07.246587+05:30,0.0,70.84,-70.84,2
6375,ml_baseline_90deg,2026-07-09 23:27:07.346190+05:30,0.0,70.49,-70.49,2
6376,ml_baseline_90deg,2026-07-09 23:27:07.447753+05:30,0.0,69.96,-69.96,2
6377,ml_baseline_90deg,2026-07-09 23:27:07.545343+05:30,0.0,69.61,-69.61,2
6378,ml_baseline_90deg,2026-07-09 23:27:07.647690+05:30,0.0,69.08,-69.08,2
6379,ml_baseline_90deg,2026-07-09 23:27:07.745699+05:30,0.0,68.55,-68.55,2
6380,ml_baseline_90deg,2026-07-09 23:27:07.848579+05:30,0.0,68.2,-68.2,2
6381,ml_baseline_90deg,2026-07-09 23:27:07.947705+05:30,0.0,67.68,-67.68,1
6382,ml_baseline_90deg,2026-07-09 23:27:08.045896+05:30,0.0,67.32,-67.32,2
6383,ml_baseline_90deg,2026-07-09 23:27:08.150371+05:30,0.0,66.8,-66.8,2
6384,ml_baseline_90deg,2026-07-09 23:27:08.246168+05:30,0.0,66.45,-66.45,2
6385,ml_baseline_90deg,2026-07-09 23:27:08.345619+05:30,0.0,65.92,-65.92,2
6386,ml_baseline_90deg,2026-07-09 23:27:08.447896+05:30,0.0,65.57,-65.57,2
6387,ml_baseline_90deg,2026-07-09 23:27:08.549064+05:30,0.0,65.04,-65.04,2
6388,ml_baseline_90deg,2026-07-09 23:27:08.646975+05:30,0.0,64.51,-64.51,2
6389,ml_baseline_90deg,2026-07-09 23:27:08.750237+05:30,0.0,64.16,-64.16,2
6390,ml_baseline_90deg,2026-07-09 23:27:08.846406+05:30,0.0,63.63,-63.63,1
6391,ml_baseline_90deg,2026-07-09 23:27:08.945906+05:30,0.0,63.28,-63.28,2
6392,ml_baseline_90deg,2026-07-09 23:27:09.044824+05:30,0.0,62.75,-62.75,2
6393,ml_baseline_90deg,2026-07-09 23:27:09.145231+05:30,0.0,62.4,-62.4,2
6394,ml_baseline_90deg,2026-07-09 23:27:09.245391+05:30,0.0,61.88,-61.88,2
6395,ml_baseline_90deg,2026-07-09 23:27:09.346069+05:30,0.0,61.52,-61.52,2
6396,ml_baseline_90deg,2026-07-09 23:27:09.444420+05:30,0.0,61.0,-61.0,2
6397,ml_baseline_90deg,2026-07-09 23:27:09.546962+05:30,0.0,60.64,-60.64,2
6398,ml_baseline_90deg,2026-07-09 23:27:09.646013+05:30,0.0,60.12,-60.12,2
6399,ml_baseline_90deg,2026-07-09 23:27:09.745724+05:30,0.0,59.59,-59.59,1
6400,ml_baseline_90deg,2026-07-09 23:27:09.847794+05:30,0.0,59.24,-59.24,2
6401,ml_baseline_90deg,2026-07-09 23:27:09.947945+05:30,0.0,58.89,-58.89,2
6402,ml_baseline_90deg,2026-07-09 23:27:10.046505+05:30,0.0,58.36,-58.36,2
6403,ml_baseline_90deg,2026-07-09 23:27:10.146215+05:30,0.0,57.83,-57.83,2
6404,ml_baseline_90deg,2026-07-09 23:27:10.245925+05:30,0.0,57.48,-57.48,2
6405,ml_baseline_90deg,2026-07-09 23:27:10.346108+05:30,0.0,56.95,-56.95,2
6406,ml_baseline_90deg,2026-07-09 23:27:10.445267+05:30,0.0,56.6,-56.6,2
6407,ml_baseline_90deg,2026-07-09 23:27:10.548308+05:30,0.0,56.07,-56.07,2
6408,ml_baseline_90deg,2026-07-09 23:27:10.644523+05:30,0.0,55.55,-55.55,1
6409,ml_baseline_90deg,2026-07-09 23:27:10.746193+05:30,0.0,55.2,-55.2,2
6410,ml_baseline_90deg,2026-07-09 23:27:10.845967+05:30,0.0,54.84,-54.84,2
6411,ml_baseline_90deg,2026-07-09 23:27:10.947186+05:30,0.0,54.32,-54.32,2
6412,ml_baseline_90deg,2026-07-09 23:27:11.045466+05:30,0.0,53.79,-53.79,2
6413,ml_baseline_90deg,2026-07-09 23:27:11.144939+05:30,0.0,53.44,-53.44,2
6414,ml_baseline_90deg,2026-07-09 23:27:11.245074+05:30,0.0,52.91,-52.91,2
6415,ml_baseline_90deg,2026-07-09 23:27:11.345131+05:30,0.0,52.38,-52.38,2
6416,ml_baseline_90deg,2026-07-09 23:27:11.445400+05:30,0.0,52.03,-52.03,2
6417,ml_baseline_90deg,2026-07-09 23:27:11.545784+05:30,0.0,51.5,-51.5,1
6418,ml_baseline_90deg,2026-07-09 23:27:11.648044+05:30,0.0,51.15,-51.15,2
6419,ml_baseline_90deg,2026-07-09 23:27:11.745405+05:30,0.0,50.63,-50.63,2
6420,ml_baseline_90deg,2026-07-09 23:27:11.845089+05:30,0.0,50.27,-50.27,2
6421,ml_baseline_90deg,2026-07-09 23:27:11.945728+05:30,0.0,49.75,-49.75,2
6422,ml_baseline_90deg,2026-07-09 23:27:12.047154+05:30,0.0,49.39,-49.39,2
6423,ml_baseline_90deg,2026-07-09 23:27:12.145145+05:30,0.0,48.87,-48.87,2
6424,ml_baseline_90deg,2026-07-09 23:27:12.246631+05:30,0.0,48.34,-48.34,2
6425,ml_baseline_90deg,2026-07-09 23:27:12.345824+05:30,0.0,47.99,-47.99,2
6426,ml_baseline_90deg,2026-07-09 23:27:12.447708+05:30,0.0,47.46,-47.46,1
6427,ml_baseline_90deg,2026-07-09 23:27:12.545611+05:30,0.0,47.11,-47.11,2
6428,ml_baseline_90deg,2026-07-09 23:27:12.645902+05:30,0.0,46.58,-46.58,2
6429,ml_baseline_90deg,2026-07-09 23:27:12.748535+05:30,0.0,46.23,-46.23,2
6430,ml_baseline_90deg,2026-07-09 23:27:12.850245+05:30,0.0,45.7,-45.7,2
6431,ml_baseline_90deg,2026-07-09 23:27:12.945712+05:30,0.0,45.18,-45.18,2
6432,ml_baseline_90deg,2026-07-09 23:27:13.045856+05:30,0.0,44.82,-44.82,2
6433,ml_baseline_90deg,2026-07-09 23:27:13.145812+05:30,0.0,44.3,-44.3,2
6434,ml_baseline_90deg,2026-07-09 23:27:13.245166+05:30,0.0,43.95,-43.95,2
6435,ml_baseline_90deg,2026-07-09 23:27:13.347912+05:30,0.0,43.42,-43.42,1
6436,ml_baseline_90deg,2026-07-09 23:27:13.446218+05:30,0.0,43.07,-43.07,2
6437,ml_baseline_90deg,2026-07-09 23:27:13.547557+05:30,0.0,42.54,-42.54,2
6438,ml_baseline_90deg,2026-07-09 23:27:13.648423+05:30,0.0,42.19,-42.19,2
6439,ml_baseline_90deg,2026-07-09 23:27:13.746647+05:30,0.0,41.66,-41.66,2
6440,ml_baseline_90deg,2026-07-09 23:27:13.846934+05:30,0.0,41.13,-41.13,2
6441,ml_baseline_90deg,2026-07-09 23:27:13.945539+05:30,0.0,40.78,-40.78,2
6442,ml_baseline_90deg,2026-07-09 23:27:14.045308+05:30,0.0,40.25,-40.25,2
6443,ml_baseline_90deg,2026-07-09 23:27:14.147314+05:30,0.0,39.9,-39.9,2
6444,ml_baseline_90deg,2026-07-09 23:27:14.246412+05:30,0.0,39.38,-39.38,1
6445,ml_baseline_90deg,2026-07-09 23:27:14.346708+05:30,0.0,39.02,-39.02,2
6446,ml_baseline_90deg,2026-07-09 23:27:14.447415+05:30,0.0,38.5,-38.5,2
6447,ml_baseline_90deg,2026-07-09 23:27:14.545574+05:30,0.0,38.14,-38.14,2
6448,ml_baseline_90deg,2026-07-09 23:27:14.645802+05:30,0.0,37.62,-37.62,2
6449,ml_baseline_90deg,2026-07-09 23:27:14.746169+05:30,0.0,37.27,-37.27,2
6450,ml_baseline_90deg,2026-07-09 23:27:14.845919+05:30,0.0,36.74,-36.74,2
6451,ml_baseline_90deg,2026-07-09 23:27:14.945512+05:30,0.0,36.39,-36.39,2
6452,ml_baseline_90deg,2026-07-09 23:27:15.045800+05:30,0.0,35.86,-35.86,2
6453,ml_baseline_90deg,2026-07-09 23:27:15.146660+05:30,0.0,35.33,-35.33,1
6454,ml_baseline_90deg,2026-07-09 23:27:15.247566+05:30,0.0,34.98,-34.98,2
6455,ml_baseline_90deg,2026-07-09 23:27:15.345569+05:30,0.0,34.45,-34.45,2
6456,ml_baseline_90deg,2026-07-09 23:27:15.445739+05:30,0.0,34.1,-34.1,2
6457,ml_baseline_90deg,2026-07-09 23:27:15.545449+05:30,0.0,33.57,-33.57,2
6458,ml_baseline_90deg,2026-07-09 23:27:15.645971+05:30,0.0,33.05,-33.05,2
6459,ml_baseline_90deg,2026-07-09 23:27:15.748370+05:30,0.0,32.7,-32.7,2
6460,ml_baseline_90deg,2026-07-09 23:27:15.846052+05:30,0.0,32.17,-32.17,2
6461,ml_baseline_90deg,2026-07-09 23:27:15.947507+05:30,0.0,31.82,-31.82,2
6462,ml_baseline_90deg,2026-07-09 23:27:16.044622+05:30,0.0,31.29,-31.29,1
6463,ml_baseline_90deg,2026-07-09 23:27:16.144971+05:30,0.0,30.94,-30.94,2
6464,ml_baseline_90deg,2026-07-09 23:27:16.244917+05:30,0.0,30.41,-30.41,2
6465,ml_baseline_90deg,2026-07-09 23:27:16.344950+05:30,0.0,29.88,-29.88,2
6466,ml_baseline_90deg,2026-07-09 23:27:16.445068+05:30,0.0,29.53,-29.53,2
6467,ml_baseline_90deg,2026-07-09 23:27:16.545029+05:30,0.0,29.0,-29.0,2
6468,ml_baseline_90deg,2026-07-09 23:27:16.645919+05:30,0.0,28.65,-28.65,2
6469,ml_baseline_90deg,2026-07-09 23:27:16.746845+05:30,0.0,28.12,-28.12,2
6470,ml_baseline_90deg,2026-07-09 23:27:16.844486+05:30,0.0,27.6,-27.6,2
6471,ml_baseline_90deg,2026-07-09 23:27:16.946517+05:30,0.0,27.25,-27.25,1
6472,ml_baseline_90deg,2026-07-09 23:27:17.044944+05:30,0.0,26.72,-26.72,2
6473,ml_baseline_90deg,2026-07-09 23:27:17.145166+05:30,0.0,26.37,-26.37,2
6474,ml_baseline_90deg,2026-07-09 23:27:17.247036+05:30,0.0,25.84,-25.84,2
6475,ml_baseline_90deg,2026-07-09 23:27:17.346101+05:30,0.0,25.31,-25.31,2
6476,ml_baseline_90deg,2026-07-09 23:27:17.445638+05:30,0.0,24.96,-24.96,2
6477,ml_baseline_90deg,2026-07-09 23:27:17.546569+05:30,0.0,24.43,-24.43,2
6478,ml_baseline_90deg,2026-07-09 23:27:17.645738+05:30,0.0,24.08,-24.08,2
6479,ml_baseline_90deg,2026-07-09 23:27:17.745673+05:30,0.0,23.55,-23.55,2
6480,ml_baseline_90deg,2026-07-09 23:27:17.846175+05:30,0.0,23.2,-23.2,1
6481,ml_baseline_90deg,2026-07-09 23:27:17.947198+05:30,0.0,22.68,-22.68,2
6482,ml_baseline_90deg,2026-07-09 23:27:18.045317+05:30,0.0,22.32,-22.32,2
6483,ml_baseline_90deg,2026-07-09 23:27:18.145249+05:30,0.0,21.8,-21.8,2
6484,ml_baseline_90deg,2026-07-09 23:27:18.246131+05:30,0.0,21.45,-21.45,2
6485,ml_baseline_90deg,2026-07-09 23:27:18.346987+05:30,0.0,20.92,-20.92,2
6486,ml_baseline_90deg,2026-07-09 23:27:18.444872+05:30,0.0,20.39,-20.39,2
6487,ml_baseline_90deg,2026-07-09 23:27:18.546039+05:30,0.0,20.04,-20.04,2
6488,ml_baseline_90deg,2026-07-09 23:27:18.647873+05:30,0.0,19.51,-19.51,2
6489,ml_baseline_90deg,2026-07-09 23:27:18.746556+05:30,0.0,18.98,-18.98,1
6490,ml_baseline_90deg,2026-07-09 23:27:18.847821+05:30,0.0,18.63,-18.63,2
6491,ml_baseline_90deg,2026-07-09 23:27:18.948681+05:30,0.0,18.28,-18.28,2
6492,ml_baseline_90deg,2026-07-09 23:27:19.046295+05:30,0.0,17.75,-17.75,2
6493,ml_baseline_90deg,2026-07-09 23:27:19.146634+05:30,0.0,17.23,-17.23,2
6494,ml_baseline_90deg,2026-07-09 23:27:19.244713+05:30,0.0,16.7,-16.7,2
6495,ml_baseline_90deg,2026-07-09 23:27:19.344988+05:30,0.0,16.35,-16.35,2
6496,ml_baseline_90deg,2026-07-09 23:27:19.446094+05:30,0.0,15.82,-15.82,2
6497,ml_baseline_90deg,2026-07-09 23:27:19.543648+05:30,0.0,15.64,-15.64,2
6498,ml_baseline_90deg,2026-07-09 23:27:19.646667+05:30,0.0,15.29,-15.29,1
6499,ml_baseline_90deg,2026-07-09 23:27:19.747146+05:30,0.0,14.94,-14.94,2
6500,ml_baseline_90deg,2026-07-09 23:27:19.846176+05:30,0.0,14.59,-14.59,2
6501,ml_baseline_90deg,2026-07-09 23:27:19.947190+05:30,0.0,14.06,-14.06,2
6502,ml_baseline_90deg,2026-07-09 23:27:20.046838+05:30,0.0,13.54,-13.54,2
6503,ml_baseline_90deg,2026-07-09 23:27:20.145227+05:30,0.0,13.18,-13.18,2
6504,ml_baseline_90deg,2026-07-09 23:27:20.245739+05:30,0.0,12.66,-12.66,2
6505,ml_baseline_90deg,2026-07-09 23:27:20.347661+05:30,0.0,12.3,-12.3,2
6506,ml_baseline_90deg,2026-07-09 23:27:20.445449+05:30,0.0,11.78,-11.78,2
6507,ml_baseline_90deg,2026-07-09 23:27:20.545609+05:30,0.0,11.25,-11.25,1
6508,ml_baseline_90deg,2026-07-09 23:27:20.646336+05:30,0.0,11.07,-11.07,2
6509,ml_baseline_90deg,2026-07-09 23:27:20.746004+05:30,0.0,10.72,-10.72,2
6510,ml_baseline_90deg,2026-07-09 23:27:20.846678+05:30,0.0,10.2,-10.2,2
6511,ml_baseline_90deg,2026-07-09 23:27:20.946517+05:30,0.0,9.67,-9.67,2
6512,ml_baseline_90deg,2026-07-09 23:27:21.045568+05:30,0.0,9.14,-9.14,2
6513,ml_baseline_90deg,2026-07-09 23:27:21.145511+05:30,0.0,8.79,-8.79,2
6514,ml_baseline_90deg,2026-07-09 23:27:21.245745+05:30,0.0,8.26,-8.26,2
6515,ml_baseline_90deg,2026-07-09 23:27:21.344331+05:30,0.0,7.73,-7.73,2
6516,ml_baseline_90deg,2026-07-09 23:27:21.447406+05:30,0.0,7.21,-7.21,1
6517,ml_baseline_90deg,2026-07-09 23:27:21.552459+05:30,0.0,6.86,-6.86,2
6518,ml_baseline_90deg,2026-07-09 23:27:21.647359+05:30,0.0,6.33,-6.33,2
6519,ml_baseline_90deg,2026-07-09 23:27:21.746074+05:30,0.0,5.8,-5.8,2
6520,ml_baseline_90deg,2026-07-09 23:27:21.846162+05:30,0.0,5.62,-5.62,2
6521,ml_baseline_90deg,2026-07-09 23:27:21.946117+05:30,0.0,5.62,-5.62,2
6522,ml_baseline_90deg,2026-07-09 23:27:22.047249+05:30,90.0,5.62,84.37,2
6523,ml_baseline_90deg,2026-07-09 23:27:22.145754+05:30,90.0,5.62,84.37,2
6524,ml_baseline_90deg,2026-07-09 23:27:22.245325+05:30,90.0,5.62,84.37,2
6525,ml_baseline_90deg,2026-07-09 23:27:22.344872+05:30,90.0,5.62,84.37,2
6526,ml_baseline_90deg,2026-07-09 23:27:22.443924+05:30,90.0,5.62,84.37,2
6527,ml_baseline_90deg,2026-07-09 23:27:22.544507+05:30,90.0,5.62,84.37,2
6528,ml_baseline_90deg,2026-07-09 23:27:22.647342+05:30,90.0,5.62,84.37,2
6529,ml_baseline_90deg,2026-07-09 23:27:22.745328+05:30,90.0,5.62,84.37,2
6530,ml_baseline_90deg,2026-07-09 23:27:22.845511+05:30,90.0,5.62,84.37,1
6531,ml_baseline_90deg,2026-07-09 23:27:22.945445+05:30,90.0,5.62,84.37,2
6532,ml_baseline_90deg,2026-07-09 23:27:23.047020+05:30,90.0,5.8,84.2,2
6533,ml_baseline_90deg,2026-07-09 23:27:23.147123+05:30,90.0,5.8,84.2,2
6534,ml_baseline_90deg,2026-07-09 23:27:23.246708+05:30,90.0,5.8,84.2,2
6535,ml_baseline_90deg,2026-07-09 23:27:23.347012+05:30,90.0,5.98,84.02,2
6536,ml_baseline_90deg,2026-07-09 23:27:23.448642+05:30,90.0,6.15,83.85,2
6537,ml_baseline_90deg,2026-07-09 23:27:23.547326+05:30,90.0,6.33,83.67,2
6538,ml_baseline_90deg,2026-07-09 23:27:23.645504+05:30,90.0,6.5,83.5,2
6539,ml_baseline_90deg,2026-07-09 23:27:23.745498+05:30,90.0,6.5,83.5,1
6540,ml_baseline_90deg,2026-07-09 23:27:23.846823+05:30,90.0,6.5,83.5,2
6541,ml_baseline_90deg,2026-07-09 23:27:23.945689+05:30,90.0,6.68,83.32,2
6542,ml_baseline_90deg,2026-07-09 23:27:24.044617+05:30,90.0,6.68,83.32,2
6543,ml_baseline_90deg,2026-07-09 23:27:24.144873+05:30,90.0,6.86,83.14,2
6544,ml_baseline_90deg,2026-07-09 23:27:24.247339+05:30,90.0,7.21,82.79,2
6545,ml_baseline_90deg,2026-07-09 23:27:24.346214+05:30,90.0,7.56,82.44,2
6546,ml_baseline_90deg,2026-07-09 23:27:24.446029+05:30,90.0,7.91,82.09,2
6547,ml_baseline_90deg,2026-07-09 23:27:24.545600+05:30,90.0,8.44,81.56,2
6548,ml_baseline_90deg,2026-07-09 23:27:24.646260+05:30,90.0,8.96,81.04,1
6549,ml_baseline_90deg,2026-07-09 23:27:24.745698+05:30,90.0,9.32,80.68,2
6550,ml_baseline_90deg,2026-07-09 23:27:24.848154+05:30,90.0,9.67,80.33,2
6551,ml_baseline_90deg,2026-07-09 23:27:24.948158+05:30,90.0,10.2,79.8,2
6552,ml_baseline_90deg,2026-07-09 23:27:25.047591+05:30,90.0,10.72,79.28,2
6553,ml_baseline_90deg,2026-07-09 23:27:25.146887+05:30,90.0,11.07,78.93,2
6554,ml_baseline_90deg,2026-07-09 23:27:25.246959+05:30,90.0,11.6,78.4,2
6555,ml_baseline_90deg,2026-07-09 23:27:25.345581+05:30,90.0,12.13,77.87,2
6556,ml_baseline_90deg,2026-07-09 23:27:25.445849+05:30,90.0,12.48,77.52,2
6557,ml_baseline_90deg,2026-07-09 23:27:25.546757+05:30,90.0,13.01,76.99,1
6558,ml_baseline_90deg,2026-07-09 23:27:25.647084+05:30,90.0,13.18,76.82,2
6559,ml_baseline_90deg,2026-07-09 23:27:25.748987+05:30,90.0,13.54,76.46,2
6560,ml_baseline_90deg,2026-07-09 23:27:25.846733+05:30,90.0,14.06,75.94,2
6561,ml_baseline_90deg,2026-07-09 23:27:25.948394+05:30,90.0,14.41,75.59,2
6562,ml_baseline_90deg,2026-07-09 23:27:26.047208+05:30,90.0,14.77,75.23,2
6563,ml_baseline_90deg,2026-07-09 23:27:26.145374+05:30,90.0,15.29,74.71,2
6564,ml_baseline_90deg,2026-07-09 23:27:26.244702+05:30,90.0,15.64,74.36,2
6565,ml_baseline_90deg,2026-07-09 23:27:26.346559+05:30,90.0,16.17,73.83,2
6566,ml_baseline_90deg,2026-07-09 23:27:26.448480+05:30,90.0,16.52,73.48,1
6567,ml_baseline_90deg,2026-07-09 23:27:26.547169+05:30,90.0,16.87,73.12,2
6568,ml_baseline_90deg,2026-07-09 23:27:26.645586+05:30,90.0,17.23,72.77,2
6569,ml_baseline_90deg,2026-07-09 23:27:26.747241+05:30,90.0,17.58,72.42,2
6570,ml_baseline_90deg,2026-07-09 23:27:26.846370+05:30,90.0,18.11,71.89,2
6571,ml_baseline_90deg,2026-07-09 23:27:26.946714+05:30,90.0,18.63,71.37,2
6572,ml_baseline_90deg,2026-07-09 23:27:27.045485+05:30,90.0,18.98,71.02,2
6573,ml_baseline_90deg,2026-07-09 23:27:27.146657+05:30,90.0,19.51,70.49,2
6574,ml_baseline_90deg,2026-07-09 23:27:27.246609+05:30,90.0,19.86,70.14,2
6575,ml_baseline_90deg,2026-07-09 23:27:27.349445+05:30,90.0,20.39,69.61,1
6576,ml_baseline_90deg,2026-07-09 23:27:27.445371+05:30,90.0,20.74,69.26,2
6577,ml_baseline_90deg,2026-07-09 23:27:27.548034+05:30,90.0,21.09,68.91,2
6578,ml_baseline_90deg,2026-07-09 23:27:27.646025+05:30,90.0,21.45,68.55,2
6579,ml_baseline_90deg,2026-07-09 23:27:27.747145+05:30,90.0,21.97,68.03,2
6580,ml_baseline_90deg,2026-07-09 23:27:27.848191+05:30,90.0,22.32,67.68,2
6581,ml_baseline_90deg,2026-07-09 23:27:27.947340+05:30,90.0,22.85,67.15,2
6582,ml_baseline_90deg,2026-07-09 23:27:28.044029+05:30,90.0,23.2,66.8,2
6583,ml_baseline_90deg,2026-07-09 23:27:28.146755+05:30,90.0,23.73,66.27,2
6584,ml_baseline_90deg,2026-07-09 23:27:28.246434+05:30,90.0,24.08,65.92,1
6585,ml_baseline_90deg,2026-07-09 23:27:28.347593+05:30,90.0,24.43,65.57,2
6586,ml_baseline_90deg,2026-07-09 23:27:28.449508+05:30,90.0,24.79,65.21,2
6587,ml_baseline_90deg,2026-07-09 23:27:28.544876+05:30,90.0,25.31,64.69,2
6588,ml_baseline_90deg,2026-07-09 23:27:28.648665+05:30,90.0,25.66,64.34,2
6589,ml_baseline_90deg,2026-07-09 23:27:28.748430+05:30,90.0,26.02,63.98,2
6590,ml_baseline_90deg,2026-07-09 23:27:28.845933+05:30,90.0,26.54,63.46,2
6591,ml_baseline_90deg,2026-07-09 23:27:28.953491+05:30,90.0,26.89,63.11,2
6592,ml_baseline_90deg,2026-07-09 23:27:29.044722+05:30,90.0,27.42,62.58,2
6593,ml_baseline_90deg,2026-07-09 23:27:29.149950+05:30,90.0,27.77,62.23,1
6594,ml_baseline_90deg,2026-07-09 23:27:29.247917+05:30,90.0,27.95,62.05,2
6595,ml_baseline_90deg,2026-07-09 23:27:29.349979+05:30,90.0,28.48,61.52,2
6596,ml_baseline_90deg,2026-07-09 23:27:29.447084+05:30,90.0,28.83,61.17,2
6597,ml_baseline_90deg,2026-07-09 23:27:29.552056+05:30,90.0,29.36,60.64,2
6598,ml_baseline_90deg,2026-07-09 23:27:29.645313+05:30,90.0,29.71,60.29,2
6599,ml_baseline_90deg,2026-07-09 23:27:29.745905+05:30,90.0,30.06,59.94,2
6600,ml_baseline_90deg,2026-07-09 23:27:29.850820+05:30,90.0,30.59,59.41,2
6601,ml_baseline_90deg,2026-07-09 23:27:29.947273+05:30,90.0,30.94,59.06,2
6602,ml_baseline_90deg,2026-07-09 23:27:30.047543+05:30,90.0,31.46,58.54,1
6603,ml_baseline_90deg,2026-07-09 23:27:30.149726+05:30,90.0,31.64,58.36,2
6604,ml_baseline_90deg,2026-07-09 23:27:30.245943+05:30,90.0,31.99,58.01,2
6605,ml_baseline_90deg,2026-07-09 23:27:30.346003+05:30,90.0,32.52,57.48,2
6606,ml_baseline_90deg,2026-07-09 23:27:30.450136+05:30,90.0,32.87,57.13,2
6607,ml_baseline_90deg,2026-07-09 23:27:30.546944+05:30,90.0,33.22,56.78,2
6608,ml_baseline_90deg,2026-07-09 23:27:30.647185+05:30,90.0,33.75,56.25,2
6609,ml_baseline_90deg,2026-07-09 23:27:30.746128+05:30,90.0,34.1,55.9,2
6610,ml_baseline_90deg,2026-07-09 23:27:30.847793+05:30,90.0,34.63,55.37,2
6611,ml_baseline_90deg,2026-07-09 23:27:30.946414+05:30,90.0,34.98,55.02,1
6612,ml_baseline_90deg,2026-07-09 23:27:31.045661+05:30,90.0,35.33,54.67,2
6613,ml_baseline_90deg,2026-07-09 23:27:31.148943+05:30,90.0,35.68,54.32,2
6614,ml_baseline_90deg,2026-07-09 23:27:31.244097+05:30,90.0,36.04,53.96,2
6615,ml_baseline_90deg,2026-07-09 23:27:31.346954+05:30,90.0,36.56,53.44,2
6616,ml_baseline_90deg,2026-07-09 23:27:31.446302+05:30,90.0,36.91,53.09,2
6617,ml_baseline_90deg,2026-07-09 23:27:31.547848+05:30,90.0,37.27,52.73,2
6618,ml_baseline_90deg,2026-07-09 23:27:31.649262+05:30,90.0,37.79,52.21,2
6619,ml_baseline_90deg,2026-07-09 23:27:31.746217+05:30,90.0,38.14,51.86,2
6620,ml_baseline_90deg,2026-07-09 23:27:31.845199+05:30,90.0,38.5,51.5,1
6621,ml_baseline_90deg,2026-07-09 23:27:31.945638+05:30,90.0,38.85,51.15,2
6622,ml_baseline_90deg,2026-07-09 23:27:32.048929+05:30,90.0,39.2,50.8,2
6623,ml_baseline_90deg,2026-07-09 23:27:32.147650+05:30,90.0,39.55,50.45,2
6624,ml_baseline_90deg,2026-07-09 23:27:32.249247+05:30,90.0,40.08,49.92,2
6625,ml_baseline_90deg,2026-07-09 23:27:32.346211+05:30,90.0,40.43,49.57,2
6626,ml_baseline_90deg,2026-07-09 23:27:32.445812+05:30,90.0,40.96,49.04,2
6627,ml_baseline_90deg,2026-07-09 23:27:32.543875+05:30,90.0,41.31,48.69,2
6628,ml_baseline_90deg,2026-07-09 23:27:32.644389+05:30,90.0,41.84,48.16,2
6629,ml_baseline_90deg,2026-07-09 23:27:32.747471+05:30,90.0,42.19,47.81,1
6630,ml_baseline_90deg,2026-07-09 23:27:32.847574+05:30,90.0,42.54,47.46,2
6631,ml_baseline_90deg,2026-07-09 23:27:32.950435+05:30,90.0,42.89,47.11,2
6632,ml_baseline_90deg,2026-07-09 23:27:33.046349+05:30,90.0,43.24,46.76,2
6633,ml_baseline_90deg,2026-07-09 23:27:33.149033+05:30,90.0,43.77,46.23,2
6634,ml_baseline_90deg,2026-07-09 23:27:33.247145+05:30,90.0,44.12,45.88,2
6635,ml_baseline_90deg,2026-07-09 23:27:33.345937+05:30,90.0,44.65,45.35,2
6636,ml_baseline_90deg,2026-07-09 23:27:33.445975+05:30,90.0,45.0,45.0,2
6637,ml_baseline_90deg,2026-07-09 23:27:33.547077+05:30,90.0,45.53,44.47,2
6638,ml_baseline_90deg,2026-07-09 23:27:33.647498+05:30,90.0,45.88,44.12,1
6639,ml_baseline_90deg,2026-07-09 23:27:33.745304+05:30,90.0,46.23,43.77,2
6640,ml_baseline_90deg,2026-07-09 23:27:33.846553+05:30,90.0,46.58,43.42,2
6641,ml_baseline_90deg,2026-07-09 23:27:33.945899+05:30,90.0,46.93,43.07,2
6642,ml_baseline_90deg,2026-07-09 23:27:34.046145+05:30,90.0,47.29,42.71,2
6643,ml_baseline_90deg,2026-07-09 23:27:34.148103+05:30,90.0,47.81,42.19,2
6644,ml_baseline_90deg,2026-07-09 23:27:34.246643+05:30,90.0,48.16,41.84,2
6645,ml_baseline_90deg,2026-07-09 23:27:34.348090+05:30,90.0,48.52,41.48,2
6646,ml_baseline_90deg,2026-07-09 23:27:34.448607+05:30,90.0,49.04,40.96,2
6647,ml_baseline_90deg,2026-07-09 23:27:34.547078+05:30,90.0,49.39,40.61,1
6648,ml_baseline_90deg,2026-07-09 23:27:34.646527+05:30,90.0,49.75,40.25,2
6649,ml_baseline_90deg,2026-07-09 23:27:34.746793+05:30,90.0,50.1,39.9,2
6650,ml_baseline_90deg,2026-07-09 23:27:34.847828+05:30,90.0,50.45,39.55,2
6651,ml_baseline_90deg,2026-07-09 23:27:34.947686+05:30,90.0,50.98,39.02,2
6652,ml_baseline_90deg,2026-07-09 23:27:35.047046+05:30,90.0,51.33,38.67,2
6653,ml_baseline_90deg,2026-07-09 23:27:35.146425+05:30,90.0,51.68,38.32,2
6654,ml_baseline_90deg,2026-07-09 23:27:35.247469+05:30,90.0,52.21,37.79,2
6655,ml_baseline_90deg,2026-07-09 23:27:35.346329+05:30,90.0,52.56,37.44,2
6656,ml_baseline_90deg,2026-07-09 23:27:35.446074+05:30,90.0,52.91,37.09,1
6657,ml_baseline_90deg,2026-07-09 23:27:35.545714+05:30,90.0,53.26,36.74,2
6658,ml_baseline_90deg,2026-07-09 23:27:35.646857+05:30,90.0,53.61,36.39,2
6659,ml_baseline_90deg,2026-07-09 23:27:35.746943+05:30,90.0,54.14,35.86,2
6660,ml_baseline_90deg,2026-07-09 23:27:35.849155+05:30,90.0,54.49,35.51,2
6661,ml_baseline_90deg,2026-07-09 23:27:35.946001+05:30,90.0,54.84,35.16,2
6662,ml_baseline_90deg,2026-07-09 23:27:36.046880+05:30,90.0,55.37,34.63,2
6663,ml_baseline_90deg,2026-07-09 23:27:36.144715+05:30,90.0,55.72,34.28,2
6664,ml_baseline_90deg,2026-07-09 23:27:36.246704+05:30,90.0,56.07,33.93,2
6665,ml_baseline_90deg,2026-07-09 23:27:36.343160+05:30,90.0,56.6,33.4,1
6666,ml_baseline_90deg,2026-07-09 23:27:36.445361+05:30,90.0,56.78,33.22,2
6667,ml_baseline_90deg,2026-07-09 23:27:36.546367+05:30,90.0,57.13,32.87,2
6668,ml_baseline_90deg,2026-07-09 23:27:36.646120+05:30,90.0,57.66,32.34,2
6669,ml_baseline_90deg,2026-07-09 23:27:36.746498+05:30,90.0,58.01,31.99,2
6670,ml_baseline_90deg,2026-07-09 23:27:36.844804+05:30,90.0,58.36,31.64,2
6671,ml_baseline_90deg,2026-07-09 23:27:36.945898+05:30,90.0,58.89,31.11,2
6672,ml_baseline_90deg,2026-07-09 23:27:37.046536+05:30,90.0,59.24,30.76,2
6673,ml_baseline_90deg,2026-07-09 23:27:37.145575+05:30,90.0,59.59,30.41,2
6674,ml_baseline_90deg,2026-07-09 23:27:37.248056+05:30,90.0,60.12,29.88,1
6675,ml_baseline_90deg,2026-07-09 23:27:37.347275+05:30,90.0,60.29,29.71,2
6676,ml_baseline_90deg,2026-07-09 23:27:37.445786+05:30,90.0,60.64,29.36,2
6677,ml_baseline_90deg,2026-07-09 23:27:37.546785+05:30,90.0,61.17,28.83,2
6678,ml_baseline_90deg,2026-07-09 23:27:37.648828+05:30,90.0,61.52,28.48,2
6679,ml_baseline_90deg,2026-07-09 23:27:37.747948+05:30,90.0,62.05,27.95,2
6680,ml_baseline_90deg,2026-07-09 23:27:37.846688+05:30,90.0,62.4,27.6,2
6681,ml_baseline_90deg,2026-07-09 23:27:37.947545+05:30,90.0,62.75,27.25,2
6682,ml_baseline_90deg,2026-07-09 23:27:38.044945+05:30,90.0,63.28,26.72,2
6683,ml_baseline_90deg,2026-07-09 23:27:38.152111+05:30,90.0,63.63,26.37,1
6684,ml_baseline_90deg,2026-07-09 23:27:38.245895+05:30,90.0,63.98,26.02,2
6685,ml_baseline_90deg,2026-07-09 23:27:38.348439+05:30,90.0,64.34,25.66,2
6686,ml_baseline_90deg,2026-07-09 23:27:38.449941+05:30,90.0,64.69,25.31,2
6687,ml_baseline_90deg,2026-07-09 23:27:38.545472+05:30,90.0,65.21,24.79,2
6688,ml_baseline_90deg,2026-07-09 23:27:38.646757+05:30,90.0,65.57,24.43,2
6689,ml_baseline_90deg,2026-07-09 23:27:38.749702+05:30,90.0,66.09,23.91,2
6690,ml_baseline_90deg,2026-07-09 23:27:38.850054+05:30,90.0,66.45,23.55,2
6691,ml_baseline_90deg,2026-07-09 23:27:38.947820+05:30,90.0,66.8,23.2,2
6692,ml_baseline_90deg,2026-07-09 23:27:39.047138+05:30,90.0,67.32,22.68,1
6693,ml_baseline_90deg,2026-07-09 23:27:39.148399+05:30,90.0,67.68,22.32,2
6694,ml_baseline_90deg,2026-07-09 23:27:39.247064+05:30,90.0,68.03,21.97,2
6695,ml_baseline_90deg,2026-07-09 23:27:39.346949+05:30,90.0,68.38,21.62,2
6696,ml_baseline_90deg,2026-07-09 23:27:39.446315+05:30,90.0,68.91,21.09,2
6697,ml_baseline_90deg,2026-07-09 23:27:39.544874+05:30,90.0,69.26,20.74,2
6698,ml_baseline_90deg,2026-07-09 23:27:39.645304+05:30,90.0,69.79,20.21,2
6699,ml_baseline_90deg,2026-07-09 23:27:39.747812+05:30,90.0,70.14,19.86,2
6700,ml_baseline_90deg,2026-07-09 23:27:39.846473+05:30,90.0,70.66,19.34,2
6701,ml_baseline_90deg,2026-07-09 23:27:39.947007+05:30,90.0,71.02,18.98,1
6702,ml_baseline_90deg,2026-07-09 23:27:40.044327+05:30,90.0,71.37,18.63,2
6703,ml_baseline_90deg,2026-07-09 23:27:40.146783+05:30,90.0,71.72,18.28,2
6704,ml_baseline_90deg,2026-07-09 23:27:40.246798+05:30,90.0,72.25,17.75,2
6705,ml_baseline_90deg,2026-07-09 23:27:40.347280+05:30,90.0,72.6,17.4,2
6706,ml_baseline_90deg,2026-07-09 23:27:40.448114+05:30,90.0,73.12,16.87,2
6707,ml_baseline_90deg,2026-07-09 23:27:40.545752+05:30,90.0,73.48,16.52,2
6708,ml_baseline_90deg,2026-07-09 23:27:40.648382+05:30,90.0,74.0,16.0,2
6709,ml_baseline_90deg,2026-07-09 23:27:40.746248+05:30,90.0,74.53,15.47,2
6710,ml_baseline_90deg,2026-07-09 23:27:40.844606+05:30,90.0,74.88,15.12,1
6711,ml_baseline_90deg,2026-07-09 23:27:40.945417+05:30,90.0,75.23,14.77,2
6712,ml_baseline_90deg,2026-07-09 23:27:41.048540+05:30,90.0,75.59,14.41,2
6713,ml_baseline_90deg,2026-07-09 23:27:41.150277+05:30,90.0,76.11,13.89,2
6714,ml_baseline_90deg,2026-07-09 23:27:41.247631+05:30,90.0,76.64,13.36,2
6715,ml_baseline_90deg,2026-07-09 23:27:41.348120+05:30,90.0,76.99,13.01,2
6716,ml_baseline_90deg,2026-07-09 23:27:41.447580+05:30,90.0,77.52,12.48,2
6717,ml_baseline_90deg,2026-07-09 23:27:41.546786+05:30,90.0,78.05,11.95,2
6718,ml_baseline_90deg,2026-07-09 23:27:41.648176+05:30,90.0,78.4,11.6,2
6719,ml_baseline_90deg,2026-07-09 23:27:41.747034+05:30,90.0,78.93,11.07,1
6720,ml_baseline_90deg,2026-07-09 23:27:41.846138+05:30,90.0,79.28,10.72,2
6721,ml_baseline_90deg,2026-07-09 23:27:41.945633+05:30,90.0,79.63,10.37,2
6722,ml_baseline_90deg,2026-07-09 23:27:42.046678+05:30,90.0,80.16,9.84,2
6723,ml_baseline_90deg,2026-07-09 23:27:42.146113+05:30,90.0,80.68,9.32,2
6724,ml_baseline_90deg,2026-07-09 23:27:42.248219+05:30,90.0,81.21,8.79,2
6725,ml_baseline_90deg,2026-07-09 23:27:42.347925+05:30,90.0,81.56,8.44,2
6726,ml_baseline_90deg,2026-07-09 23:27:42.448003+05:30,90.0,82.09,7.91,2
6727,ml_baseline_90deg,2026-07-09 23:27:42.548934+05:30,90.0,82.62,7.38,2
6728,ml_baseline_90deg,2026-07-09 23:27:42.647232+05:30,90.0,82.97,7.03,1
6729,ml_baseline_90deg,2026-07-09 23:27:42.748364+05:30,90.0,83.32,6.68,2
6730,ml_baseline_90deg,2026-07-09 23:27:42.847068+05:30,90.0,83.85,6.15,2
6731,ml_baseline_90deg,2026-07-09 23:27:42.947858+05:30,90.0,84.37,5.62,2
6732,ml_baseline_90deg,2026-07-09 23:27:43.046043+05:30,90.0,84.73,5.27,2
6733,ml_baseline_90deg,2026-07-09 23:27:43.150403+05:30,90.0,85.25,4.75,1
6734,ml_baseline_90deg,2026-07-09 23:27:43.246905+05:30,90.0,85.61,4.39,1
6735,ml_baseline_90deg,2026-07-09 23:27:43.349325+05:30,90.0,85.78,4.22,1
6736,ml_baseline_90deg,2026-07-09 23:27:43.454399+05:30,90.0,86.13,3.87,2
6737,ml_baseline_90deg,2026-07-09 23:27:43.547048+05:30,0.0,86.13,-86.13,2
6738,ml_baseline_90deg,2026-07-09 23:27:43.648436+05:30,0.0,86.13,-86.13,2
6739,ml_baseline_90deg,2026-07-09 23:27:43.745373+05:30,0.0,86.31,-86.31,2
6740,ml_baseline_90deg,2026-07-09 23:27:43.845727+05:30,0.0,86.31,-86.31,2
6741,ml_baseline_90deg,2026-07-09 23:27:43.946032+05:30,0.0,86.31,-86.31,2
6742,ml_baseline_90deg,2026-07-09 23:27:44.045476+05:30,0.0,86.31,-86.31,2
6743,ml_baseline_90deg,2026-07-09 23:27:44.147918+05:30,0.0,86.31,-86.31,2
6744,ml_baseline_90deg,2026-07-09 23:27:44.247125+05:30,0.0,86.31,-86.31,2
6745,ml_baseline_90deg,2026-07-09 23:27:44.349788+05:30,0.0,86.31,-86.31,1
6746,ml_baseline_90deg,2026-07-09 23:27:44.447830+05:30,0.0,86.31,-86.31,2
6747,ml_baseline_90deg,2026-07-09 23:27:44.547121+05:30,0.0,86.13,-86.13,2
6748,ml_baseline_90deg,2026-07-09 23:27:44.647909+05:30,0.0,85.96,-85.96,2
6749,ml_baseline_90deg,2026-07-09 23:27:44.746119+05:30,0.0,85.96,-85.96,2
6750,ml_baseline_90deg,2026-07-09 23:27:44.846148+05:30,0.0,85.78,-85.78,2
6751,ml_baseline_90deg,2026-07-09 23:27:44.946467+05:30,0.0,85.43,-85.43,2
6752,ml_baseline_90deg,2026-07-09 23:27:45.044640+05:30,0.0,85.25,-85.25,2
6753,ml_baseline_90deg,2026-07-09 23:27:45.147532+05:30,0.0,84.9,-84.9,2
6754,ml_baseline_90deg,2026-07-09 23:27:45.246607+05:30,0.0,84.37,-84.37,1
6755,ml_baseline_90deg,2026-07-09 23:27:45.347481+05:30,0.0,84.02,-84.02,2
6756,ml_baseline_90deg,2026-07-09 23:27:45.447496+05:30,0.0,83.67,-83.67,2
6757,ml_baseline_90deg,2026-07-09 23:27:45.552637+05:30,0.0,83.14,-83.14,2
6758,ml_baseline_90deg,2026-07-09 23:27:45.645932+05:30,0.0,82.62,-82.62,2
6759,ml_baseline_90deg,2026-07-09 23:27:45.747368+05:30,0.0,82.27,-82.27,2
6760,ml_baseline_90deg,2026-07-09 23:27:45.847191+05:30,0.0,81.74,-81.74,2
6761,ml_baseline_90deg,2026-07-09 23:27:45.944746+05:30,0.0,81.21,-81.21,2
6762,ml_baseline_90deg,2026-07-09 23:27:46.046871+05:30,0.0,80.68,-80.68,2
6763,ml_baseline_90deg,2026-07-09 23:27:46.146305+05:30,0.0,80.33,-80.33,1
6764,ml_baseline_90deg,2026-07-09 23:27:46.247426+05:30,0.0,79.98,-79.98,2
6765,ml_baseline_90deg,2026-07-09 23:27:46.347379+05:30,0.0,79.45,-79.45,2
6766,ml_baseline_90deg,2026-07-09 23:27:46.448568+05:30,0.0,78.93,-78.93,2
6767,ml_baseline_90deg,2026-07-09 23:27:46.546721+05:30,0.0,78.4,-78.4,2
6768,ml_baseline_90deg,2026-07-09 23:27:46.646691+05:30,0.0,77.87,-77.87,2
6769,ml_baseline_90deg,2026-07-09 23:27:46.747995+05:30,0.0,77.34,-77.34,2
6770,ml_baseline_90deg,2026-07-09 23:27:46.846526+05:30,0.0,76.82,-76.82,2
6771,ml_baseline_90deg,2026-07-09 23:27:46.946642+05:30,0.0,76.29,-76.29,2
6772,ml_baseline_90deg,2026-07-09 23:27:47.046345+05:30,0.0,75.94,-75.94,1
6773,ml_baseline_90deg,2026-07-09 23:27:47.147845+05:30,0.0,75.41,-75.41,2
6774,ml_baseline_90deg,2026-07-09 23:27:47.247200+05:30,0.0,75.06,-75.06,2
6775,ml_baseline_90deg,2026-07-09 23:27:47.345785+05:30,0.0,74.53,-74.53,2
6776,ml_baseline_90deg,2026-07-09 23:27:47.445385+05:30,0.0,74.0,-74.0,2
6777,ml_baseline_90deg,2026-07-09 23:27:47.548296+05:30,0.0,73.65,-73.65,2
6778,ml_baseline_90deg,2026-07-09 23:27:47.646360+05:30,0.0,73.12,-73.12,2
6779,ml_baseline_90deg,2026-07-09 23:27:47.747821+05:30,0.0,72.6,-72.6,2
6780,ml_baseline_90deg,2026-07-09 23:27:47.845794+05:30,0.0,72.07,-72.07,2
6781,ml_baseline_90deg,2026-07-09 23:27:47.945916+05:30,0.0,71.72,-71.72,1
6782,ml_baseline_90deg,2026-07-09 23:27:48.045490+05:30,0.0,71.37,-71.37,2
6783,ml_baseline_90deg,2026-07-09 23:27:48.144785+05:30,0.0,70.84,-70.84,2
6784,ml_baseline_90deg,2026-07-09 23:27:48.246323+05:30,0.0,70.31,-70.31,2
6785,ml_baseline_90deg,2026-07-09 23:27:48.348486+05:30,0.0,69.96,-69.96,2
6786,ml_baseline_90deg,2026-07-09 23:27:48.450187+05:30,0.0,69.43,-69.43,2
6787,ml_baseline_90deg,2026-07-09 23:27:48.547343+05:30,0.0,69.08,-69.08,2
6788,ml_baseline_90deg,2026-07-09 23:27:48.646717+05:30,0.0,68.55,-68.55,2
6789,ml_baseline_90deg,2026-07-09 23:27:48.746911+05:30,0.0,68.03,-68.03,2
6790,ml_baseline_90deg,2026-07-09 23:27:48.847023+05:30,0.0,67.68,-67.68,1
6791,ml_baseline_90deg,2026-07-09 23:27:48.947682+05:30,0.0,67.32,-67.32,2
6792,ml_baseline_90deg,2026-07-09 23:27:49.046065+05:30,0.0,66.8,-66.8,2
6793,ml_baseline_90deg,2026-07-09 23:27:49.147137+05:30,0.0,66.45,-66.45,2
6794,ml_baseline_90deg,2026-07-09 23:27:49.247241+05:30,0.0,65.92,-65.92,2
6795,ml_baseline_90deg,2026-07-09 23:27:49.346542+05:30,0.0,65.39,-65.39,2
6796,ml_baseline_90deg,2026-07-09 23:27:49.446687+05:30,0.0,65.04,-65.04,2
6797,ml_baseline_90deg,2026-07-09 23:27:49.545543+05:30,0.0,64.51,-64.51,2
6798,ml_baseline_90deg,2026-07-09 23:27:49.648053+05:30,0.0,63.98,-63.98,2
6799,ml_baseline_90deg,2026-07-09 23:27:49.745916+05:30,0.0,63.63,-63.63,1
6800,ml_baseline_90deg,2026-07-09 23:27:49.846265+05:30,0.0,63.28,-63.28,2
6801,ml_baseline_90deg,2026-07-09 23:27:49.945441+05:30,0.0,62.75,-62.75,2
6802,ml_baseline_90deg,2026-07-09 23:27:50.046061+05:30,0.0,62.4,-62.4,2
6803,ml_baseline_90deg,2026-07-09 23:27:50.148079+05:30,0.0,61.88,-61.88,2
6804,ml_baseline_90deg,2026-07-09 23:27:50.247318+05:30,0.0,61.52,-61.52,2
6805,ml_baseline_90deg,2026-07-09 23:27:50.347507+05:30,0.0,61.0,-61.0,2
6806,ml_baseline_90deg,2026-07-09 23:27:50.446660+05:30,0.0,60.64,-60.64,2
6807,ml_baseline_90deg,2026-07-09 23:27:50.545267+05:30,0.0,60.12,-60.12,2
6808,ml_baseline_90deg,2026-07-09 23:27:50.647892+05:30,0.0,59.59,-59.59,1
6809,ml_baseline_90deg,2026-07-09 23:27:50.746858+05:30,0.0,59.24,-59.24,2
6810,ml_baseline_90deg,2026-07-09 23:27:50.844753+05:30,0.0,58.89,-58.89,2
6811,ml_baseline_90deg,2026-07-09 23:27:50.946990+05:30,0.0,58.36,-58.36,2
6812,ml_baseline_90deg,2026-07-09 23:27:51.045918+05:30,0.0,58.01,-58.01,2
6813,ml_baseline_90deg,2026-07-09 23:27:51.146944+05:30,0.0,57.48,-57.48,2
6814,ml_baseline_90deg,2026-07-09 23:27:51.247462+05:30,0.0,57.13,-57.13,2
6815,ml_baseline_90deg,2026-07-09 23:27:51.347231+05:30,0.0,56.6,-56.6,2
6816,ml_baseline_90deg,2026-07-09 23:27:51.447067+05:30,0.0,56.07,-56.07,2
6817,ml_baseline_90deg,2026-07-09 23:27:51.546825+05:30,0.0,55.72,-55.72,1
6818,ml_baseline_90deg,2026-07-09 23:27:51.646402+05:30,0.0,55.37,-55.37,2
6819,ml_baseline_90deg,2026-07-09 23:27:51.747188+05:30,0.0,54.84,-54.84,2
6820,ml_baseline_90deg,2026-07-09 23:27:51.849975+05:30,0.0,54.49,-54.49,2
6821,ml_baseline_90deg,2026-07-09 23:27:51.946206+05:30,0.0,53.96,-53.96,2
6822,ml_baseline_90deg,2026-07-09 23:27:52.045411+05:30,0.0,53.61,-53.61,2
6823,ml_baseline_90deg,2026-07-09 23:27:52.146735+05:30,0.0,53.09,-53.09,2
6824,ml_baseline_90deg,2026-07-09 23:27:52.248176+05:30,0.0,52.56,-52.56,2
6825,ml_baseline_90deg,2026-07-09 23:27:52.345259+05:30,0.0,52.21,-52.21,2
6826,ml_baseline_90deg,2026-07-09 23:27:52.448055+05:30,0.0,51.68,-51.68,1
6827,ml_baseline_90deg,2026-07-09 23:27:52.547181+05:30,0.0,51.33,-51.33,2
6828,ml_baseline_90deg,2026-07-09 23:27:52.651463+05:30,0.0,50.8,-50.8,2
6829,ml_baseline_90deg,2026-07-09 23:27:52.748686+05:30,0.0,50.45,-50.45,2
6830,ml_baseline_90deg,2026-07-09 23:27:52.848222+05:30,0.0,49.92,-49.92,2
6831,ml_baseline_90deg,2026-07-09 23:27:52.946772+05:30,0.0,49.57,-49.57,2
6832,ml_baseline_90deg,2026-07-09 23:27:53.046260+05:30,0.0,49.04,-49.04,2
6833,ml_baseline_90deg,2026-07-09 23:27:53.147124+05:30,0.0,48.52,-48.52,2
6834,ml_baseline_90deg,2026-07-09 23:27:53.247760+05:30,0.0,48.16,-48.16,2
6835,ml_baseline_90deg,2026-07-09 23:27:53.347646+05:30,0.0,47.64,-47.64,1
6836,ml_baseline_90deg,2026-07-09 23:27:53.447093+05:30,0.0,47.29,-47.29,2
6837,ml_baseline_90deg,2026-07-09 23:27:53.546135+05:30,0.0,46.76,-46.76,2
6838,ml_baseline_90deg,2026-07-09 23:27:53.646493+05:30,0.0,46.41,-46.41,2
6839,ml_baseline_90deg,2026-07-09 23:27:53.750791+05:30,0.0,45.88,-45.88,2
6840,ml_baseline_90deg,2026-07-09 23:27:53.848974+05:30,0.0,45.53,-45.53,2
6841,ml_baseline_90deg,2026-07-09 23:27:53.946189+05:30,0.0,45.0,-45.0,2
6842,ml_baseline_90deg,2026-07-09 23:27:54.048613+05:30,0.0,44.47,-44.47,2
6843,ml_baseline_90deg,2026-07-09 23:27:54.147013+05:30,0.0,44.12,-44.12,2
6844,ml_baseline_90deg,2026-07-09 23:27:54.246153+05:30,0.0,43.59,-43.59,1
6845,ml_baseline_90deg,2026-07-09 23:27:54.346740+05:30,0.0,43.24,-43.24,2
6846,ml_baseline_90deg,2026-07-09 23:27:54.447023+05:30,0.0,42.71,-42.71,2
6847,ml_baseline_90deg,2026-07-09 23:27:54.545746+05:30,0.0,42.36,-42.36,2
6848,ml_baseline_90deg,2026-07-09 23:27:54.646732+05:30,0.0,41.84,-41.84,2
6849,ml_baseline_90deg,2026-07-09 23:27:54.747002+05:30,0.0,41.31,-41.31,2
6850,ml_baseline_90deg,2026-07-09 23:27:54.845889+05:30,0.0,40.96,-40.96,2
6851,ml_baseline_90deg,2026-07-09 23:27:54.947269+05:30,0.0,40.43,-40.43,2
6852,ml_baseline_90deg,2026-07-09 23:27:55.046079+05:30,0.0,40.08,-40.08,2
6853,ml_baseline_90deg,2026-07-09 23:27:55.147577+05:30,0.0,39.73,-39.73,1
6854,ml_baseline_90deg,2026-07-09 23:27:55.246465+05:30,0.0,39.2,-39.2,2
6855,ml_baseline_90deg,2026-07-09 23:27:55.346041+05:30,0.0,38.85,-38.85,2
6856,ml_baseline_90deg,2026-07-09 23:27:55.447073+05:30,0.0,38.32,-38.32,2
6857,ml_baseline_90deg,2026-07-09 23:27:55.545756+05:30,0.0,37.97,-37.97,2
6858,ml_baseline_90deg,2026-07-09 23:27:55.646435+05:30,0.0,37.62,-37.62,2
6859,ml_baseline_90deg,2026-07-09 23:27:55.749492+05:30,0.0,37.09,-37.09,2
6860,ml_baseline_90deg,2026-07-09 23:27:55.847694+05:30,0.0,36.56,-36.56,2
6861,ml_baseline_90deg,2026-07-09 23:27:55.949152+05:30,0.0,36.21,-36.21,2
6862,ml_baseline_90deg,2026-07-09 23:27:56.045549+05:30,0.0,35.68,-35.68,1
6863,ml_baseline_90deg,2026-07-09 23:27:56.147232+05:30,0.0,35.33,-35.33,2
6864,ml_baseline_90deg,2026-07-09 23:27:56.248380+05:30,0.0,34.98,-34.98,2
6865,ml_baseline_90deg,2026-07-09 23:27:56.347365+05:30,0.0,34.45,-34.45,2
6866,ml_baseline_90deg,2026-07-09 23:27:56.445502+05:30,0.0,34.1,-34.1,2
6867,ml_baseline_90deg,2026-07-09 23:27:56.547205+05:30,0.0,33.57,-33.57,2
6868,ml_baseline_90deg,2026-07-09 23:27:56.647074+05:30,0.0,33.05,-33.05,2
6869,ml_baseline_90deg,2026-07-09 23:27:56.746348+05:30,0.0,32.52,-32.52,2
6870,ml_baseline_90deg,2026-07-09 23:27:56.847437+05:30,0.0,32.17,-32.17,2
6871,ml_baseline_90deg,2026-07-09 23:27:56.947728+05:30,0.0,31.64,-31.64,1
6872,ml_baseline_90deg,2026-07-09 23:27:57.046247+05:30,0.0,31.29,-31.29,2
6873,ml_baseline_90deg,2026-07-09 23:27:57.148255+05:30,0.0,30.94,-30.94,2
6874,ml_baseline_90deg,2026-07-09 23:27:57.248030+05:30,0.0,30.41,-30.41,2
6875,ml_baseline_90deg,2026-07-09 23:27:57.348861+05:30,0.0,29.88,-29.88,2
6876,ml_baseline_90deg,2026-07-09 23:27:57.445945+05:30,0.0,29.53,-29.53,2
6877,ml_baseline_90deg,2026-07-09 23:27:57.547262+05:30,0.0,29.0,-29.0,2
6878,ml_baseline_90deg,2026-07-09 23:27:57.646409+05:30,0.0,28.65,-28.65,2
6879,ml_baseline_90deg,2026-07-09 23:27:57.749063+05:30,0.0,28.12,-28.12,2
6880,ml_baseline_90deg,2026-07-09 23:27:57.849208+05:30,0.0,27.77,-27.77,1
6881,ml_baseline_90deg,2026-07-09 23:27:57.948736+05:30,0.0,27.42,-27.42,2
6882,ml_baseline_90deg,2026-07-09 23:27:58.046184+05:30,0.0,27.07,-27.07,2
6883,ml_baseline_90deg,2026-07-09 23:27:58.148056+05:30,0.0,26.72,-26.72,2
6884,ml_baseline_90deg,2026-07-09 23:27:58.245062+05:30,0.0,26.37,-26.37,2
6885,ml_baseline_90deg,2026-07-09 23:27:58.347418+05:30,0.0,26.02,-26.02,2
6886,ml_baseline_90deg,2026-07-09 23:27:58.449584+05:30,0.0,25.49,-25.49,2
6887,ml_baseline_90deg,2026-07-09 23:27:58.547686+05:30,0.0,25.14,-25.14,2
6888,ml_baseline_90deg,2026-07-09 23:27:58.653320+05:30,0.0,24.79,-24.79,2
6889,ml_baseline_90deg,2026-07-09 23:27:58.745153+05:30,0.0,24.43,-24.43,1
6890,ml_baseline_90deg,2026-07-09 23:27:58.846180+05:30,0.0,24.08,-24.08,2
6891,ml_baseline_90deg,2026-07-09 23:27:58.949173+05:30,0.0,23.73,-23.73,2
6892,ml_baseline_90deg,2026-07-09 23:27:59.045414+05:30,0.0,23.2,-23.2,2
6893,ml_baseline_90deg,2026-07-09 23:27:59.148836+05:30,0.0,22.85,-22.85,2
6894,ml_baseline_90deg,2026-07-09 23:27:59.249468+05:30,0.0,22.32,-22.32,2
6895,ml_baseline_90deg,2026-07-09 23:27:59.346568+05:30,0.0,22.15,-22.15,2
6896,ml_baseline_90deg,2026-07-09 23:27:59.446501+05:30,0.0,21.8,-21.8,2
6897,ml_baseline_90deg,2026-07-09 23:27:59.546581+05:30,0.0,21.27,-21.27,2
6898,ml_baseline_90deg,2026-07-09 23:27:59.647574+05:30,0.0,20.74,-20.74,1
6899,ml_baseline_90deg,2026-07-09 23:27:59.746604+05:30,0.0,20.39,-20.39,2
6900,ml_baseline_90deg,2026-07-09 23:27:59.845779+05:30,0.0,20.21,-20.21,2
6901,ml_baseline_90deg,2026-07-09 23:27:59.947157+05:30,0.0,19.69,-19.69,2
6902,ml_baseline_90deg,2026-07-09 23:28:00.046232+05:30,0.0,19.16,-19.16,2
6903,ml_baseline_90deg,2026-07-09 23:28:00.146618+05:30,0.0,18.81,-18.81,2
6904,ml_baseline_90deg,2026-07-09 23:28:00.245299+05:30,0.0,18.11,-18.11,2
6905,ml_baseline_90deg,2026-07-09 23:28:00.347996+05:30,0.0,17.58,-17.58,2
6906,ml_baseline_90deg,2026-07-09 23:28:00.447044+05:30,0.0,17.05,-17.05,2
6907,ml_baseline_90deg,2026-07-09 23:28:00.545929+05:30,0.0,16.52,-16.52,1
6908,ml_baseline_90deg,2026-07-09 23:28:00.648615+05:30,0.0,16.17,-16.17,2
6909,ml_baseline_90deg,2026-07-09 23:28:00.747216+05:30,0.0,15.64,-15.64,2
6910,ml_baseline_90deg,2026-07-09 23:28:00.848143+05:30,0.0,15.29,-15.29,2
6911,ml_baseline_90deg,2026-07-09 23:28:00.945697+05:30,0.0,14.77,-14.77,2
6912,ml_baseline_90deg,2026-07-09 23:28:01.045120+05:30,0.0,14.24,-14.24,2
6913,ml_baseline_90deg,2026-07-09 23:28:01.148400+05:30,0.0,13.54,-13.54,2
6914,ml_baseline_90deg,2026-07-09 23:28:01.249048+05:30,0.0,13.01,-13.01,2
6915,ml_baseline_90deg,2026-07-09 23:28:01.348142+05:30,0.0,12.48,-12.48,2
6916,ml_baseline_90deg,2026-07-09 23:28:01.448307+05:30,0.0,12.13,-12.13,1
6917,ml_baseline_90deg,2026-07-09 23:28:01.546564+05:30,0.0,11.6,-11.6,2
6918,ml_baseline_90deg,2026-07-09 23:28:01.647519+05:30,0.0,11.07,-11.07,2
6919,ml_baseline_90deg,2026-07-09 23:28:01.747911+05:30,0.0,10.55,-10.55,2
6920,ml_baseline_90deg,2026-07-09 23:28:01.846485+05:30,0.0,10.02,-10.02,2
6921,ml_baseline_90deg,2026-07-09 23:28:01.946018+05:30,0.0,9.84,-9.84,2
6922,ml_baseline_90deg,2026-07-09 23:28:02.045414+05:30,0.0,9.49,-9.49,2
6923,ml_baseline_90deg,2026-07-09 23:28:02.149457+05:30,0.0,8.96,-8.96,2
6924,ml_baseline_90deg,2026-07-09 23:28:02.247672+05:30,0.0,8.44,-8.44,2
6925,ml_baseline_90deg,2026-07-09 23:28:02.347281+05:30,0.0,7.91,-7.91,1
6926,ml_baseline_90deg,2026-07-09 23:28:02.446578+05:30,0.0,7.56,-7.56,2
6927,ml_baseline_90deg,2026-07-09 23:28:02.546443+05:30,0.0,7.03,-7.03,2
6928,ml_baseline_90deg,2026-07-09 23:28:02.646245+05:30,0.0,6.5,-6.5,2
6929,ml_baseline_90deg,2026-07-09 23:28:02.748347+05:30,0.0,5.98,-5.98,2
6930,ml_baseline_90deg,2026-07-09 23:28:02.848135+05:30,0.0,5.45,-5.45,2
6931,ml_baseline_90deg,2026-07-09 23:28:02.950599+05:30,90.0,5.27,84.73,2
6932,ml_baseline_90deg,2026-07-09 23:28:03.045747+05:30,90.0,5.27,84.73,2
6933,ml_baseline_90deg,2026-07-09 23:28:03.146689+05:30,90.0,5.27,84.73,2
6934,ml_baseline_90deg,2026-07-09 23:28:03.245860+05:30,90.0,5.27,84.73,2
6935,ml_baseline_90deg,2026-07-09 23:28:03.348786+05:30,90.0,5.27,84.73,2
6936,ml_baseline_90deg,2026-07-09 23:28:03.447692+05:30,90.0,5.27,84.73,2
6937,ml_baseline_90deg,2026-07-09 23:28:03.547110+05:30,90.0,5.27,84.73,2
6938,ml_baseline_90deg,2026-07-09 23:28:03.647654+05:30,90.0,5.27,84.73,2
6939,ml_baseline_90deg,2026-07-09 23:28:03.747266+05:30,90.0,5.27,84.73,1
6940,ml_baseline_90deg,2026-07-09 23:28:03.850434+05:30,90.0,5.27,84.73,2
6941,ml_baseline_90deg,2026-07-09 23:28:03.949638+05:30,90.0,5.27,84.73,2
6942,ml_baseline_90deg,2026-07-09 23:28:04.045961+05:30,90.0,5.45,84.55,2
6943,ml_baseline_90deg,2026-07-09 23:28:04.148414+05:30,90.0,5.62,84.37,2
6944,ml_baseline_90deg,2026-07-09 23:28:04.247076+05:30,90.0,5.8,84.2,2
6945,ml_baseline_90deg,2026-07-09 23:28:04.346738+05:30,90.0,5.98,84.02,2
6946,ml_baseline_90deg,2026-07-09 23:28:04.448687+05:30,90.0,6.15,83.85,2
6947,ml_baseline_90deg,2026-07-09 23:28:04.546992+05:30,90.0,6.5,83.5,2
6948,ml_baseline_90deg,2026-07-09 23:28:04.646453+05:30,90.0,6.86,83.14,1
6949,ml_baseline_90deg,2026-07-09 23:28:04.747845+05:30,90.0,7.21,82.79,2
6950,ml_baseline_90deg,2026-07-09 23:28:04.846683+05:30,90.0,7.56,82.44,2
6951,ml_baseline_90deg,2026-07-09 23:28:04.946419+05:30,90.0,8.09,81.91,2
6952,ml_baseline_90deg,2026-07-09 23:28:05.046171+05:30,90.0,8.61,81.39,2
6953,ml_baseline_90deg,2026-07-09 23:28:05.147875+05:30,90.0,8.96,81.04,2
6954,ml_baseline_90deg,2026-07-09 23:28:05.246448+05:30,90.0,9.49,80.51,2
6955,ml_baseline_90deg,2026-07-09 23:28:05.345193+05:30,90.0,10.02,79.98,2
6956,ml_baseline_90deg,2026-07-09 23:28:05.445217+05:30,90.0,10.37,79.63,2
6957,ml_baseline_90deg,2026-07-09 23:28:05.547227+05:30,90.0,10.9,79.1,1
6958,ml_baseline_90deg,2026-07-09 23:28:05.648890+05:30,90.0,11.25,78.75,2
6959,ml_baseline_90deg,2026-07-09 23:28:05.748915+05:30,90.0,11.6,78.4,2
6960,ml_baseline_90deg,2026-07-09 23:28:05.846995+05:30,90.0,12.13,77.87,2
6961,ml_baseline_90deg,2026-07-09 23:28:05.947559+05:30,90.0,12.48,77.52,2
6962,ml_baseline_90deg,2026-07-09 23:28:06.045593+05:30,90.0,13.01,76.99,2
6963,ml_baseline_90deg,2026-07-09 23:28:06.148782+05:30,90.0,13.36,76.64,2
6964,ml_baseline_90deg,2026-07-09 23:28:06.248080+05:30,90.0,13.71,76.29,2
6965,ml_baseline_90deg,2026-07-09 23:28:06.353112+05:30,90.0,14.06,75.94,2
6966,ml_baseline_90deg,2026-07-09 23:28:06.446854+05:30,90.0,14.41,75.59,1
6967,ml_baseline_90deg,2026-07-09 23:28:06.544542+05:30,90.0,14.77,75.23,2
6968,ml_baseline_90deg,2026-07-09 23:28:06.646142+05:30,90.0,15.12,74.88,2
6969,ml_baseline_90deg,2026-07-09 23:28:06.749185+05:30,90.0,15.47,74.53,2
6970,ml_baseline_90deg,2026-07-09 23:28:06.847960+05:30,90.0,16.0,74.0,2
6971,ml_baseline_90deg,2026-07-09 23:28:06.948076+05:30,90.0,16.35,73.65,2
6972,ml_baseline_90deg,2026-07-09 23:28:07.052246+05:30,90.0,16.87,73.12,2
6973,ml_baseline_90deg,2026-07-09 23:28:07.145414+05:30,90.0,17.23,72.77,2
6974,ml_baseline_90deg,2026-07-09 23:28:07.247096+05:30,90.0,17.75,72.25,2
6975,ml_baseline_90deg,2026-07-09 23:28:07.346360+05:30,90.0,18.11,71.89,1
6976,ml_baseline_90deg,2026-07-09 23:28:07.446597+05:30,90.0,18.46,71.54,2
6977,ml_baseline_90deg,2026-07-09 23:28:07.550143+05:30,90.0,18.81,71.19,2
6978,ml_baseline_90deg,2026-07-09 23:28:07.645713+05:30,90.0,19.16,70.84,2
6979,ml_baseline_90deg,2026-07-09 23:28:07.749006+05:30,90.0,19.69,70.31,2
6980,ml_baseline_90deg,2026-07-09 23:28:07.848567+05:30,90.0,20.21,69.79,2
6981,ml_baseline_90deg,2026-07-09 23:28:07.947695+05:30,90.0,20.57,69.43,2
6982,ml_baseline_90deg,2026-07-09 23:28:08.053598+05:30,90.0,21.09,68.91,2
6983,ml_baseline_90deg,2026-07-09 23:28:08.148265+05:30,90.0,21.62,68.38,2
6984,ml_baseline_90deg,2026-07-09 23:28:08.246355+05:30,90.0,21.97,68.03,1
6985,ml_baseline_90deg,2026-07-09 23:28:08.345182+05:30,90.0,22.32,67.68,2
6986,ml_baseline_90deg,2026-07-09 23:28:08.446777+05:30,90.0,22.68,67.32,2
6987,ml_baseline_90deg,2026-07-09 23:28:08.546313+05:30,90.0,23.2,66.8,2
6988,ml_baseline_90deg,2026-07-09 23:28:08.646507+05:30,90.0,23.55,66.45,2
6989,ml_baseline_90deg,2026-07-09 23:28:08.745980+05:30,90.0,24.08,65.92,2
6990,ml_baseline_90deg,2026-07-09 23:28:08.845418+05:30,90.0,24.61,65.39,2
6991,ml_baseline_90deg,2026-07-09 23:28:08.947181+05:30,90.0,24.96,65.04,2
6992,ml_baseline_90deg,2026-07-09 23:28:09.047132+05:30,90.0,25.31,64.69,2
6993,ml_baseline_90deg,2026-07-09 23:28:09.153106+05:30,90.0,25.84,64.16,1
6994,ml_baseline_90deg,2026-07-09 23:28:09.245538+05:30,90.0,26.02,63.98,2
6995,ml_baseline_90deg,2026-07-09 23:28:09.348185+05:30,90.0,26.54,63.46,2
6996,ml_baseline_90deg,2026-07-09 23:28:09.445189+05:30,90.0,26.89,63.11,2
6997,ml_baseline_90deg,2026-07-09 23:28:09.545525+05:30,90.0,27.42,62.58,2
6998,ml_baseline_90deg,2026-07-09 23:28:09.647327+05:30,90.0,27.77,62.23,2
6999,ml_baseline_90deg,2026-07-09 23:28:09.748165+05:30,90.0,28.12,61.88,2
7000,ml_baseline_90deg,2026-07-09 23:28:09.845642+05:30,90.0,28.65,61.35,2
7001,ml_baseline_90deg,2026-07-09 23:28:09.948200+05:30,90.0,29.0,61.0,2
7002,ml_baseline_90deg,2026-07-09 23:28:10.046761+05:30,90.0,29.53,60.47,1
7003,ml_baseline_90deg,2026-07-09 23:28:10.147392+05:30,90.0,29.71,60.29,2
7004,ml_baseline_90deg,2026-07-09 23:28:10.248991+05:30,90.0,30.23,59.77,2
7005,ml_baseline_90deg,2026-07-09 23:28:10.347024+05:30,90.0,30.59,59.41,2
7006,ml_baseline_90deg,2026-07-09 23:28:10.445801+05:30,90.0,30.94,59.06,2
7007,ml_baseline_90deg,2026-07-09 23:28:10.545344+05:30,90.0,31.29,58.71,2
7008,ml_baseline_90deg,2026-07-09 23:28:10.646380+05:30,90.0,31.82,58.18,2
7009,ml_baseline_90deg,2026-07-09 23:28:10.746393+05:30,90.0,32.17,57.83,2
7010,ml_baseline_90deg,2026-07-09 23:28:10.847598+05:30,90.0,32.7,57.3,2
7011,ml_baseline_90deg,2026-07-09 23:28:10.946205+05:30,90.0,33.05,56.95,1
7012,ml_baseline_90deg,2026-07-09 23:28:11.047307+05:30,90.0,33.4,56.6,2
7013,ml_baseline_90deg,2026-07-09 23:28:11.150554+05:30,90.0,33.75,56.25,2
7014,ml_baseline_90deg,2026-07-09 23:28:11.247150+05:30,90.0,34.28,55.72,2
7015,ml_baseline_90deg,2026-07-09 23:28:11.348388+05:30,90.0,34.63,55.37,2
7016,ml_baseline_90deg,2026-07-09 23:28:11.448450+05:30,90.0,35.16,54.84,2
7017,ml_baseline_90deg,2026-07-09 23:28:11.546962+05:30,90.0,35.51,54.49,2
7018,ml_baseline_90deg,2026-07-09 23:28:11.646270+05:30,90.0,36.04,53.96,2
7019,ml_baseline_90deg,2026-07-09 23:28:11.747385+05:30,90.0,36.39,53.61,2
7020,ml_baseline_90deg,2026-07-09 23:28:11.846300+05:30,90.0,36.91,53.09,1
7021,ml_baseline_90deg,2026-07-09 23:28:11.946507+05:30,90.0,37.09,52.91,2
7022,ml_baseline_90deg,2026-07-09 23:28:12.047193+05:30,90.0,37.44,52.56,2
7023,ml_baseline_90deg,2026-07-09 23:28:12.147904+05:30,90.0,37.97,52.03,2
7024,ml_baseline_90deg,2026-07-09 23:28:12.247964+05:30,90.0,38.32,51.68,2
7025,ml_baseline_90deg,2026-07-09 23:28:12.350540+05:30,90.0,38.85,51.15,2
7026,ml_baseline_90deg,2026-07-09 23:28:12.445841+05:30,90.0,39.38,50.63,2
7027,ml_baseline_90deg,2026-07-09 23:28:12.546243+05:30,90.0,39.73,50.27,2
7028,ml_baseline_90deg,2026-07-09 23:28:12.646672+05:30,90.0,40.08,49.92,2
7029,ml_baseline_90deg,2026-07-09 23:28:12.747683+05:30,90.0,40.78,49.22,1
7030,ml_baseline_90deg,2026-07-09 23:28:12.848012+05:30,90.0,40.96,49.04,2
7031,ml_baseline_90deg,2026-07-09 23:28:12.947489+05:30,90.0,41.31,48.69,2
7032,ml_baseline_90deg,2026-07-09 23:28:13.047795+05:30,90.0,41.66,48.34,2
7033,ml_baseline_90deg,2026-07-09 23:28:13.146583+05:30,90.0,42.01,47.99,2
7034,ml_baseline_90deg,2026-07-09 23:28:13.245981+05:30,90.0,42.36,47.64,2
7035,ml_baseline_90deg,2026-07-09 23:28:13.346610+05:30,90.0,42.89,47.11,2
7036,ml_baseline_90deg,2026-07-09 23:28:13.447914+05:30,90.0,43.24,46.76,2
7037,ml_baseline_90deg,2026-07-09 23:28:13.547031+05:30,90.0,43.59,46.41,2
7038,ml_baseline_90deg,2026-07-09 23:28:13.649636+05:30,90.0,44.12,45.88,1
7039,ml_baseline_90deg,2026-07-09 23:28:13.746898+05:30,90.0,44.3,45.7,2
7040,ml_baseline_90deg,2026-07-09 23:28:13.847740+05:30,90.0,44.65,45.35,2
7041,ml_baseline_90deg,2026-07-09 23:28:13.948108+05:30,90.0,45.18,44.82,2
7042,ml_baseline_90deg,2026-07-09 23:28:14.046952+05:30,90.0,45.53,44.47,2
7043,ml_baseline_90deg,2026-07-09 23:28:14.149453+05:30,90.0,46.05,43.95,2
7044,ml_baseline_90deg,2026-07-09 23:28:14.248130+05:30,90.0,46.41,43.59,2
7045,ml_baseline_90deg,2026-07-09 23:28:14.348728+05:30,90.0,46.76,43.24,2
7046,ml_baseline_90deg,2026-07-09 23:28:14.451038+05:30,90.0,47.29,42.71,2
7047,ml_baseline_90deg,2026-07-09 23:28:14.546795+05:30,90.0,47.64,42.36,1
7048,ml_baseline_90deg,2026-07-09 23:28:14.646545+05:30,90.0,47.81,42.19,2
7049,ml_baseline_90deg,2026-07-09 23:28:14.747156+05:30,90.0,48.16,41.84,2
7050,ml_baseline_90deg,2026-07-09 23:28:14.847416+05:30,90.0,48.52,41.48,2
7051,ml_baseline_90deg,2026-07-09 23:28:14.947409+05:30,90.0,49.04,40.96,2
7052,ml_baseline_90deg,2026-07-09 23:28:15.047628+05:30,90.0,49.39,40.61,2
7053,ml_baseline_90deg,2026-07-09 23:28:15.149138+05:30,90.0,49.75,40.25,2
7054,ml_baseline_90deg,2026-07-09 23:28:15.248004+05:30,90.0,50.27,39.73,2
7055,ml_baseline_90deg,2026-07-09 23:28:15.347222+05:30,90.0,50.63,39.38,2
7056,ml_baseline_90deg,2026-07-09 23:28:15.449683+05:30,90.0,50.98,39.02,1
7057,ml_baseline_90deg,2026-07-09 23:28:15.545590+05:30,90.0,51.15,38.85,2
7058,ml_baseline_90deg,2026-07-09 23:28:15.647983+05:30,90.0,51.5,38.5,2
7059,ml_baseline_90deg,2026-07-09 23:28:15.748159+05:30,90.0,52.03,37.97,2
7060,ml_baseline_90deg,2026-07-09 23:28:15.846838+05:30,90.0,52.38,37.62,2
7061,ml_baseline_90deg,2026-07-09 23:28:15.946950+05:30,90.0,52.91,37.09,2
7062,ml_baseline_90deg,2026-07-09 23:28:16.044770+05:30,90.0,53.26,36.74,2
7063,ml_baseline_90deg,2026-07-09 23:28:16.147362+05:30,90.0,53.61,36.39,2
7064,ml_baseline_90deg,2026-07-09 23:28:16.246800+05:30,90.0,54.14,35.86,2
7065,ml_baseline_90deg,2026-07-09 23:28:16.348199+05:30,90.0,54.49,35.51,1
7066,ml_baseline_90deg,2026-07-09 23:28:16.452334+05:30,90.0,54.67,35.33,2
7067,ml_baseline_90deg,2026-07-09 23:28:16.547721+05:30,90.0,55.02,34.98,2
7068,ml_baseline_90deg,2026-07-09 23:28:16.646568+05:30,90.0,55.55,34.45,2
7069,ml_baseline_90deg,2026-07-09 23:28:16.748220+05:30,90.0,55.9,34.1,2
7070,ml_baseline_90deg,2026-07-09 23:28:16.848673+05:30,90.0,56.25,33.75,2
7071,ml_baseline_90deg,2026-07-09 23:28:16.946305+05:30,90.0,56.78,33.22,2
7072,ml_baseline_90deg,2026-07-09 23:28:17.045258+05:30,90.0,57.13,32.87,2
7073,ml_baseline_90deg,2026-07-09 23:28:17.148104+05:30,90.0,57.48,32.52,2
7074,ml_baseline_90deg,2026-07-09 23:28:17.249666+05:30,90.0,57.83,32.17,1
7075,ml_baseline_90deg,2026-07-09 23:28:17.348230+05:30,90.0,58.18,31.82,2
7076,ml_baseline_90deg,2026-07-09 23:28:17.448598+05:30,90.0,58.54,31.46,2
7077,ml_baseline_90deg,2026-07-09 23:28:17.547675+05:30,90.0,58.89,31.11,2
7078,ml_baseline_90deg,2026-07-09 23:28:17.646805+05:30,90.0,59.24,30.76,2
7079,ml_baseline_90deg,2026-07-09 23:28:17.746786+05:30,90.0,59.59,30.41,2
7080,ml_baseline_90deg,2026-07-09 23:28:17.845873+05:30,90.0,60.12,29.88,2
7081,ml_baseline_90deg,2026-07-09 23:28:17.950375+05:30,90.0,60.47,29.53,2
7082,ml_baseline_90deg,2026-07-09 23:28:18.045635+05:30,90.0,60.82,29.18,2
7083,ml_baseline_90deg,2026-07-09 23:28:18.150104+05:30,90.0,61.35,28.65,1
7084,ml_baseline_90deg,2026-07-09 23:28:18.249753+05:30,90.0,61.52,28.48,2
7085,ml_baseline_90deg,2026-07-09 23:28:18.347663+05:30,90.0,61.88,28.12,2
7086,ml_baseline_90deg,2026-07-09 23:28:18.447461+05:30,90.0,62.4,27.6,2
7087,ml_baseline_90deg,2026-07-09 23:28:18.553121+05:30,90.0,62.75,27.25,2
7088,ml_baseline_90deg,2026-07-09 23:28:18.648362+05:30,90.0,63.11,26.89,2
7089,ml_baseline_90deg,2026-07-09 23:28:18.748463+05:30,90.0,63.63,26.37,2
7090,ml_baseline_90deg,2026-07-09 23:28:18.847787+05:30,90.0,63.98,26.02,2
7091,ml_baseline_90deg,2026-07-09 23:28:18.947720+05:30,90.0,64.34,25.66,2
7092,ml_baseline_90deg,2026-07-09 23:28:19.047382+05:30,90.0,64.86,25.14,1
7093,ml_baseline_90deg,2026-07-09 23:28:19.146748+05:30,90.0,65.04,24.96,2
7094,ml_baseline_90deg,2026-07-09 23:28:19.248283+05:30,90.0,65.39,24.61,2
7095,ml_baseline_90deg,2026-07-09 23:28:19.349438+05:30,90.0,65.74,24.26,2
7096,ml_baseline_90deg,2026-07-09 23:28:19.448368+05:30,90.0,66.27,23.73,2
7097,ml_baseline_90deg,2026-07-09 23:28:19.544575+05:30,90.0,66.62,23.38,2
7098,ml_baseline_90deg,2026-07-09 23:28:19.645902+05:30,90.0,66.97,23.03,2
7099,ml_baseline_90deg,2026-07-09 23:28:19.747307+05:30,90.0,67.5,22.5,2
7100,ml_baseline_90deg,2026-07-09 23:28:19.847402+05:30,90.0,67.85,22.15,2
7101,ml_baseline_90deg,2026-07-09 23:28:19.948340+05:30,90.0,68.38,21.62,1
7102,ml_baseline_90deg,2026-07-09 23:28:20.044648+05:30,90.0,68.55,21.45,2
7103,ml_baseline_90deg,2026-07-09 23:28:20.152714+05:30,90.0,68.91,21.09,2
7104,ml_baseline_90deg,2026-07-09 23:28:20.248910+05:30,90.0,69.43,20.57,2
7105,ml_baseline_90deg,2026-07-09 23:28:20.348489+05:30,90.0,69.79,20.21,2
7106,ml_baseline_90deg,2026-07-09 23:28:20.447084+05:30,90.0,70.14,19.86,2
7107,ml_baseline_90deg,2026-07-09 23:28:20.546992+05:30,90.0,70.66,19.34,2
7108,ml_baseline_90deg,2026-07-09 23:28:20.647035+05:30,90.0,71.02,18.98,2
7109,ml_baseline_90deg,2026-07-09 23:28:20.747298+05:30,90.0,71.54,18.46,2
7110,ml_baseline_90deg,2026-07-09 23:28:20.848400+05:30,90.0,71.89,18.11,1
7111,ml_baseline_90deg,2026-07-09 23:28:20.946840+05:30,90.0,72.25,17.75,2
7112,ml_baseline_90deg,2026-07-09 23:28:21.047702+05:30,90.0,72.6,17.4,2
7113,ml_baseline_90deg,2026-07-09 23:28:21.146685+05:30,90.0,73.12,16.87,2
7114,ml_baseline_90deg,2026-07-09 23:28:21.250001+05:30,90.0,73.48,16.52,2
7115,ml_baseline_90deg,2026-07-09 23:28:21.349764+05:30,90.0,74.0,16.0,2
7116,ml_baseline_90deg,2026-07-09 23:28:21.448168+05:30,90.0,74.36,15.64,2
7117,ml_baseline_90deg,2026-07-09 23:28:21.546538+05:30,90.0,74.88,15.12,2
7118,ml_baseline_90deg,2026-07-09 23:28:21.649692+05:30,90.0,75.41,14.59,2
7119,ml_baseline_90deg,2026-07-09 23:28:21.747734+05:30,90.0,75.76,14.24,1
7120,ml_baseline_90deg,2026-07-09 23:28:21.848422+05:30,90.0,75.94,14.06,2
7121,ml_baseline_90deg,2026-07-09 23:28:21.946263+05:30,90.0,76.46,13.54,2
7122,ml_baseline_90deg,2026-07-09 23:28:22.046061+05:30,90.0,76.99,13.01,2
7123,ml_baseline_90deg,2026-07-09 23:28:22.147240+05:30,90.0,77.34,12.66,2
7124,ml_baseline_90deg,2026-07-09 23:28:22.245866+05:30,90.0,77.87,12.13,2
7125,ml_baseline_90deg,2026-07-09 23:28:22.349652+05:30,90.0,78.4,11.6,2
7126,ml_baseline_90deg,2026-07-09 23:28:22.446560+05:30,90.0,78.75,11.25,2
7127,ml_baseline_90deg,2026-07-09 23:28:22.548582+05:30,90.0,79.28,10.72,2
7128,ml_baseline_90deg,2026-07-09 23:28:22.648167+05:30,90.0,79.8,10.2,1
7129,ml_baseline_90deg,2026-07-09 23:28:22.747701+05:30,90.0,79.98,10.02,2
7130,ml_baseline_90deg,2026-07-09 23:28:22.846360+05:30,90.0,80.51,9.49,2
7131,ml_baseline_90deg,2026-07-09 23:28:22.949328+05:30,90.0,80.86,9.14,2
7132,ml_baseline_90deg,2026-07-09 23:28:23.046708+05:30,90.0,81.39,8.61,2
7133,ml_baseline_90deg,2026-07-09 23:28:23.149012+05:30,90.0,81.74,8.26,2
7134,ml_baseline_90deg,2026-07-09 23:28:23.246387+05:30,90.0,82.27,7.73,2
7135,ml_baseline_90deg,2026-07-09 23:28:23.346987+05:30,90.0,82.44,7.56,2
7136,ml_baseline_90deg,2026-07-09 23:28:23.446341+05:30,90.0,82.44,7.56,2
7137,ml_baseline_90deg,2026-07-09 23:28:23.546490+05:30,90.0,82.44,7.56,1
7138,ml_baseline_90deg,2026-07-09 23:28:23.647803+05:30,90.0,82.44,7.56,2
7139,ml_baseline_90deg,2026-07-09 23:28:23.748233+05:30,90.0,82.44,7.56,2
7140,ml_baseline_90deg,2026-07-09 23:28:23.848472+05:30,90.0,82.44,7.56,2
7141,ml_baseline_90deg,2026-07-09 23:28:23.949961+05:30,90.0,82.44,7.56,2
7142,ml_baseline_90deg,2026-07-09 23:28:24.046154+05:30,90.0,82.62,7.38,2
7143,ml_baseline_90deg,2026-07-09 23:28:24.149620+05:30,90.0,82.62,7.38,2
7144,ml_baseline_90deg,2026-07-09 23:28:24.247654+05:30,90.0,82.79,7.21,2
7145,ml_baseline_90deg,2026-07-09 23:28:24.348394+05:30,90.0,82.79,7.21,2
7146,ml_baseline_90deg,2026-07-09 23:28:24.449991+05:30,0.0,82.97,-82.97,2
7147,ml_baseline_90deg,2026-07-09 23:28:24.546018+05:30,0.0,82.97,-82.97,2
7148,ml_baseline_90deg,2026-07-09 23:28:24.647237+05:30,0.0,82.97,-82.97,2
7149,ml_baseline_90deg,2026-07-09 23:28:24.747912+05:30,0.0,82.97,-82.97,2
7150,ml_baseline_90deg,2026-07-09 23:28:24.849844+05:30,0.0,82.97,-82.97,2
7151,ml_baseline_90deg,2026-07-09 23:28:24.949497+05:30,0.0,82.97,-82.97,2
7152,ml_baseline_90deg,2026-07-09 23:28:25.046448+05:30,0.0,82.97,-82.97,2
7153,ml_baseline_90deg,2026-07-09 23:28:25.150663+05:30,0.0,82.97,-82.97,2
7154,ml_baseline_90deg,2026-07-09 23:28:25.247435+05:30,0.0,82.97,-82.97,1
7155,ml_baseline_90deg,2026-07-09 23:28:25.349106+05:30,0.0,82.97,-82.97,2
7156,ml_baseline_90deg,2026-07-09 23:28:25.449050+05:30,0.0,82.97,-82.97,2
7157,ml_baseline_90deg,2026-07-09 23:28:25.546336+05:30,0.0,82.79,-82.79,2
7158,ml_baseline_90deg,2026-07-09 23:28:25.644458+05:30,0.0,82.79,-82.79,2
7159,ml_baseline_90deg,2026-07-09 23:28:25.749533+05:30,0.0,82.62,-82.62,2
7160,ml_baseline_90deg,2026-07-09 23:28:25.846354+05:30,0.0,82.44,-82.44,2
7161,ml_baseline_90deg,2026-07-09 23:28:25.946622+05:30,0.0,82.09,-82.09,2
7162,ml_baseline_90deg,2026-07-09 23:28:26.046890+05:30,0.0,81.91,-81.91,2
7163,ml_baseline_90deg,2026-07-09 23:28:26.146216+05:30,0.0,81.39,-81.39,1
7164,ml_baseline_90deg,2026-07-09 23:28:26.245680+05:30,0.0,81.21,-81.21,2
7165,ml_baseline_90deg,2026-07-09 23:28:26.346095+05:30,0.0,80.68,-80.68,2
7166,ml_baseline_90deg,2026-07-09 23:28:26.445941+05:30,0.0,80.16,-80.16,2
7167,ml_baseline_90deg,2026-07-09 23:28:26.546933+05:30,0.0,79.63,-79.63,2
7168,ml_baseline_90deg,2026-07-09 23:28:26.648924+05:30,0.0,79.1,-79.1,2
7169,ml_baseline_90deg,2026-07-09 23:28:26.746458+05:30,0.0,78.75,-78.75,2
7170,ml_baseline_90deg,2026-07-09 23:28:26.848239+05:30,0.0,78.22,-78.22,2
7171,ml_baseline_90deg,2026-07-09 23:28:26.946936+05:30,0.0,77.7,-77.7,2
7172,ml_baseline_90deg,2026-07-09 23:28:27.047967+05:30,0.0,77.17,-77.17,1
7173,ml_baseline_90deg,2026-07-09 23:28:27.148473+05:30,0.0,76.82,-76.82,2
7174,ml_baseline_90deg,2026-07-09 23:28:27.247413+05:30,0.0,76.29,-76.29,2
7175,ml_baseline_90deg,2026-07-09 23:28:27.347071+05:30,0.0,75.76,-75.76,2
7176,ml_baseline_90deg,2026-07-09 23:28:27.447286+05:30,0.0,75.23,-75.23,2
7177,ml_baseline_90deg,2026-07-09 23:28:27.547892+05:30,0.0,74.88,-74.88,2
7178,ml_baseline_90deg,2026-07-09 23:28:27.647108+05:30,0.0,74.36,-74.36,2
7179,ml_baseline_90deg,2026-07-09 23:28:27.748448+05:30,0.0,73.83,-73.83,2
7180,ml_baseline_90deg,2026-07-09 23:28:27.847093+05:30,0.0,73.3,-73.3,2
7181,ml_baseline_90deg,2026-07-09 23:28:27.947647+05:30,0.0,72.95,-72.95,1
7182,ml_baseline_90deg,2026-07-09 23:28:28.046284+05:30,0.0,72.42,-72.42,2
7183,ml_baseline_90deg,2026-07-09 23:28:28.148122+05:30,0.0,72.07,-72.07,2
7184,ml_baseline_90deg,2026-07-09 23:28:28.249991+05:30,0.0,71.54,-71.54,2
7185,ml_baseline_90deg,2026-07-09 23:28:28.348395+05:30,0.0,71.02,-71.02,2
7186,ml_baseline_90deg,2026-07-09 23:28:28.448742+05:30,0.0,70.66,-70.66,2
7187,ml_baseline_90deg,2026-07-09 23:28:28.548958+05:30,0.0,70.14,-70.14,2
7188,ml_baseline_90deg,2026-07-09 23:28:28.648585+05:30,0.0,69.61,-69.61,2
7189,ml_baseline_90deg,2026-07-09 23:28:28.748487+05:30,0.0,69.26,-69.26,2
7190,ml_baseline_90deg,2026-07-09 23:28:28.848531+05:30,0.0,68.73,-68.73,1
7191,ml_baseline_90deg,2026-07-09 23:28:28.947714+05:30,0.0,68.38,-68.38,2
7192,ml_baseline_90deg,2026-07-09 23:28:29.047919+05:30,0.0,67.85,-67.85,2
7193,ml_baseline_90deg,2026-07-09 23:28:29.147063+05:30,0.0,67.32,-67.32,2
7194,ml_baseline_90deg,2026-07-09 23:28:29.249928+05:30,0.0,66.97,-66.97,2
7195,ml_baseline_90deg,2026-07-09 23:28:29.346833+05:30,0.0,66.45,-66.45,2
7196,ml_baseline_90deg,2026-07-09 23:28:29.449358+05:30,0.0,66.09,-66.09,2
7197,ml_baseline_90deg,2026-07-09 23:28:29.545915+05:30,0.0,65.57,-65.57,2
7198,ml_baseline_90deg,2026-07-09 23:28:29.649104+05:30,0.0,65.21,-65.21,2
7199,ml_baseline_90deg,2026-07-09 23:28:29.747514+05:30,0.0,64.69,-64.69,1
7200,ml_baseline_90deg,2026-07-09 23:28:29.846939+05:30,0.0,64.34,-64.34,2
7201,ml_baseline_90deg,2026-07-09 23:28:29.946568+05:30,0.0,63.81,-63.81,2
7202,ml_baseline_90deg,2026-07-09 23:28:30.046988+05:30,0.0,63.28,-63.28,2
7203,ml_baseline_90deg,2026-07-09 23:28:30.146998+05:30,0.0,62.93,-62.93,2
7204,ml_baseline_90deg,2026-07-09 23:28:30.247995+05:30,0.0,62.4,-62.4,2
7205,ml_baseline_90deg,2026-07-09 23:28:30.347615+05:30,0.0,62.05,-62.05,2
7206,ml_baseline_90deg,2026-07-09 23:28:30.449684+05:30,0.0,61.52,-61.52,2
7207,ml_baseline_90deg,2026-07-09 23:28:30.545516+05:30,0.0,61.17,-61.17,2
7208,ml_baseline_90deg,2026-07-09 23:28:30.647627+05:30,0.0,60.64,-60.64,1
7209,ml_baseline_90deg,2026-07-09 23:28:30.748871+05:30,0.0,60.29,-60.29,2
7210,ml_baseline_90deg,2026-07-09 23:28:30.846479+05:30,0.0,59.77,-59.77,2
7211,ml_baseline_90deg,2026-07-09 23:28:30.949087+05:30,0.0,59.41,-59.41,2
7212,ml_baseline_90deg,2026-07-09 23:28:31.049200+05:30,0.0,58.89,-58.89,2
7213,ml_baseline_90deg,2026-07-09 23:28:31.148003+05:30,0.0,58.54,-58.54,2
7214,ml_baseline_90deg,2026-07-09 23:28:31.246234+05:30,0.0,58.01,-58.01,2
7215,ml_baseline_90deg,2026-07-09 23:28:31.350220+05:30,0.0,57.66,-57.66,2
7216,ml_baseline_90deg,2026-07-09 23:28:31.447815+05:30,0.0,57.13,-57.13,2
7217,ml_baseline_90deg,2026-07-09 23:28:31.547114+05:30,0.0,56.78,-56.78,1
7218,ml_baseline_90deg,2026-07-09 23:28:31.649561+05:30,0.0,56.25,-56.25,2
7219,ml_baseline_90deg,2026-07-09 23:28:31.747575+05:30,0.0,55.9,-55.9,2
7220,ml_baseline_90deg,2026-07-09 23:28:31.850831+05:30,0.0,55.37,-55.37,2
7221,ml_baseline_90deg,2026-07-09 23:28:31.947094+05:30,0.0,54.84,-54.84,2
7222,ml_baseline_90deg,2026-07-09 23:28:32.046464+05:30,0.0,54.49,-54.49,2
7223,ml_baseline_90deg,2026-07-09 23:28:32.148893+05:30,0.0,53.96,-53.96,2
7224,ml_baseline_90deg,2026-07-09 23:28:32.248797+05:30,0.0,53.44,-53.44,2
7225,ml_baseline_90deg,2026-07-09 23:28:32.348931+05:30,0.0,53.09,-53.09,2
7226,ml_baseline_90deg,2026-07-09 23:28:32.446036+05:30,0.0,52.56,-52.56,1
7227,ml_baseline_90deg,2026-07-09 23:28:32.549480+05:30,0.0,52.21,-52.21,2
7228,ml_baseline_90deg,2026-07-09 23:28:32.646359+05:30,0.0,51.86,-51.86,2
7229,ml_baseline_90deg,2026-07-09 23:28:32.746554+05:30,0.0,51.33,-51.33,2
7230,ml_baseline_90deg,2026-07-09 23:28:32.848636+05:30,0.0,50.8,-50.8,2
7231,ml_baseline_90deg,2026-07-09 23:28:32.948423+05:30,0.0,50.45,-50.45,2
7232,ml_baseline_90deg,2026-07-09 23:28:33.049836+05:30,0.0,49.92,-49.92,2
7233,ml_baseline_90deg,2026-07-09 23:28:33.146922+05:30,0.0,49.39,-49.39,2
7234,ml_baseline_90deg,2026-07-09 23:28:33.247830+05:30,0.0,49.04,-49.04,2
7235,ml_baseline_90deg,2026-07-09 23:28:33.348376+05:30,0.0,48.52,-48.52,1
7236,ml_baseline_90deg,2026-07-09 23:28:33.451658+05:30,0.0,48.16,-48.16,2
7237,ml_baseline_90deg,2026-07-09 23:28:33.546517+05:30,0.0,47.81,-47.81,2
7238,ml_baseline_90deg,2026-07-09 23:28:33.651623+05:30,0.0,47.29,-47.29,2
7239,ml_baseline_90deg,2026-07-09 23:28:33.748347+05:30,0.0,46.76,-46.76,2
7240,ml_baseline_90deg,2026-07-09 23:28:33.845750+05:30,0.0,46.41,-46.41,2
7241,ml_baseline_90deg,2026-07-09 23:28:33.946364+05:30,0.0,45.88,-45.88,2
7242,ml_baseline_90deg,2026-07-09 23:28:34.045555+05:30,0.0,45.53,-45.53,2
7243,ml_baseline_90deg,2026-07-09 23:28:34.148547+05:30,0.0,45.0,-45.0,2
7244,ml_baseline_90deg,2026-07-09 23:28:34.247294+05:30,0.0,44.65,-44.65,1
7245,ml_baseline_90deg,2026-07-09 23:28:34.347458+05:30,0.0,44.12,-44.12,2
7246,ml_baseline_90deg,2026-07-09 23:28:34.449417+05:30,0.0,43.77,-43.77,2
7247,ml_baseline_90deg,2026-07-09 23:28:34.546240+05:30,0.0,43.24,-43.24,2
7248,ml_baseline_90deg,2026-07-09 23:28:34.652812+05:30,0.0,42.71,-42.71,2
7249,ml_baseline_90deg,2026-07-09 23:28:34.748714+05:30,0.0,42.36,-42.36,2
7250,ml_baseline_90deg,2026-07-09 23:28:34.846468+05:30,0.0,41.84,-41.84,2
7251,ml_baseline_90deg,2026-07-09 23:28:34.946642+05:30,0.0,41.31,-41.31,2
7252,ml_baseline_90deg,2026-07-09 23:28:35.045630+05:30,0.0,40.96,-40.96,2
7253,ml_baseline_90deg,2026-07-09 23:28:35.151951+05:30,0.0,40.43,-40.43,1
7254,ml_baseline_90deg,2026-07-09 23:28:35.248877+05:30,0.0,40.08,-40.08,2
7255,ml_baseline_90deg,2026-07-09 23:28:35.348217+05:30,0.0,39.73,-39.73,2
7256,ml_baseline_90deg,2026-07-09 23:28:35.447316+05:30,0.0,39.2,-39.2,2
7257,ml_baseline_90deg,2026-07-09 23:28:35.546149+05:30,0.0,38.67,-38.67,2
7258,ml_baseline_90deg,2026-07-09 23:28:35.646535+05:30,0.0,38.14,-38.14,2
7259,ml_baseline_90deg,2026-07-09 23:28:35.747376+05:30,0.0,37.79,-37.79,2
7260,ml_baseline_90deg,2026-07-09 23:28:35.845914+05:30,0.0,37.27,-37.27,2
7261,ml_baseline_90deg,2026-07-09 23:28:35.946271+05:30,0.0,36.91,-36.91,2
7262,ml_baseline_90deg,2026-07-09 23:28:36.047027+05:30,0.0,36.39,-36.39,1
7263,ml_baseline_90deg,2026-07-09 23:28:36.147771+05:30,0.0,36.04,-36.04,2
7264,ml_baseline_90deg,2026-07-09 23:28:36.246633+05:30,0.0,35.51,-35.51,2
7265,ml_baseline_90deg,2026-07-09 23:28:36.346837+05:30,0.0,35.16,-35.16,2
7266,ml_baseline_90deg,2026-07-09 23:28:36.448133+05:30,0.0,34.63,-34.63,2
7267,ml_baseline_90deg,2026-07-09 23:28:36.548307+05:30,0.0,34.1,-34.1,2
7268,ml_baseline_90deg,2026-07-09 23:28:36.645833+05:30,0.0,33.75,-33.75,2
7269,ml_baseline_90deg,2026-07-09 23:28:36.746654+05:30,0.0,33.22,-33.22,2
7270,ml_baseline_90deg,2026-07-09 23:28:36.846745+05:30,0.0,32.7,-32.7,2
7271,ml_baseline_90deg,2026-07-09 23:28:36.946354+05:30,0.0,32.34,-32.34,1
7272,ml_baseline_90deg,2026-07-09 23:28:37.045421+05:30,0.0,31.99,-31.99,2
7273,ml_baseline_90deg,2026-07-09 23:28:37.147411+05:30,0.0,31.46,-31.46,2
7274,ml_baseline_90deg,2026-07-09 23:28:37.246890+05:30,0.0,31.11,-31.11,2
7275,ml_baseline_90deg,2026-07-09 23:28:37.348328+05:30,0.0,30.59,-30.59,2
7276,ml_baseline_90deg,2026-07-09 23:28:37.447822+05:30,0.0,30.06,-30.06,2
7277,ml_baseline_90deg,2026-07-09 23:28:37.545698+05:30,0.0,29.71,-29.71,2
7278,ml_baseline_90deg,2026-07-09 23:28:37.646946+05:30,0.0,29.18,-29.18,2
7279,ml_baseline_90deg,2026-07-09 23:28:37.746095+05:30,0.0,28.65,-28.65,2
7280,ml_baseline_90deg,2026-07-09 23:28:37.849061+05:30,0.0,28.3,-28.3,1
7281,ml_baseline_90deg,2026-07-09 23:28:37.949467+05:30,0.0,27.95,-27.95,2
7282,ml_baseline_90deg,2026-07-09 23:28:38.046701+05:30,0.0,27.42,-27.42,2
7283,ml_baseline_90deg,2026-07-09 23:28:38.147919+05:30,0.0,27.07,-27.07,2
7284,ml_baseline_90deg,2026-07-09 23:28:38.247523+05:30,0.0,26.54,-26.54,2
7285,ml_baseline_90deg,2026-07-09 23:28:38.348763+05:30,0.0,26.02,-26.02,2
7286,ml_baseline_90deg,2026-07-09 23:28:38.447625+05:30,0.0,25.49,-25.49,2
7287,ml_baseline_90deg,2026-07-09 23:28:38.547791+05:30,0.0,25.14,-25.14,2
7288,ml_baseline_90deg,2026-07-09 23:28:38.647505+05:30,0.0,24.61,-24.61,2
7289,ml_baseline_90deg,2026-07-09 23:28:38.749248+05:30,0.0,24.26,-24.26,1
7290,ml_baseline_90deg,2026-07-09 23:28:38.851508+05:30,0.0,23.91,-23.91,2
7291,ml_baseline_90deg,2026-07-09 23:28:38.947947+05:30,0.0,23.38,-23.38,2
7292,ml_baseline_90deg,2026-07-09 23:28:39.046913+05:30,0.0,22.85,-22.85,2
7293,ml_baseline_90deg,2026-07-09 23:28:39.149990+05:30,0.0,22.5,-22.5,2
7294,ml_baseline_90deg,2026-07-09 23:28:39.246026+05:30,0.0,21.97,-21.97,2
7295,ml_baseline_90deg,2026-07-09 23:28:39.347091+05:30,0.0,21.45,-21.45,2
7296,ml_baseline_90deg,2026-07-09 23:28:39.448521+05:30,0.0,21.09,-21.09,2
7297,ml_baseline_90deg,2026-07-09 23:28:39.550335+05:30,0.0,20.57,-20.57,2
7298,ml_baseline_90deg,2026-07-09 23:28:39.647607+05:30,0.0,20.21,-20.21,1
7299,ml_baseline_90deg,2026-07-09 23:28:39.747861+05:30,0.0,19.86,-19.86,2
7300,ml_baseline_90deg,2026-07-09 23:28:39.848664+05:30,0.0,19.34,-19.34,2
7301,ml_baseline_90deg,2026-07-09 23:28:39.951932+05:30,0.0,18.98,-18.98,2
7302,ml_baseline_90deg,2026-07-09 23:28:40.049733+05:30,0.0,18.46,-18.46,2
7303,ml_baseline_90deg,2026-07-09 23:28:40.146983+05:30,0.0,18.11,-18.11,2
7304,ml_baseline_90deg,2026-07-09 23:28:40.246637+05:30,0.0,17.75,-17.75,2
7305,ml_baseline_90deg,2026-07-09 23:28:40.347840+05:30,0.0,17.23,-17.23,2
7306,ml_baseline_90deg,2026-07-09 23:28:40.447316+05:30,0.0,16.87,-16.87,2
7307,ml_baseline_90deg,2026-07-09 23:28:40.547393+05:30,0.0,16.35,-16.35,1
7308,ml_baseline_90deg,2026-07-09 23:28:40.649240+05:30,0.0,16.0,-16.0,2
7309,ml_baseline_90deg,2026-07-09 23:28:40.749441+05:30,0.0,15.47,-15.47,2
7310,ml_baseline_90deg,2026-07-09 23:28:40.846862+05:30,0.0,15.12,-15.12,2
7311,ml_baseline_90deg,2026-07-09 23:28:40.948572+05:30,0.0,14.59,-14.59,2
7312,ml_baseline_90deg,2026-07-09 23:28:41.045605+05:30,0.0,14.06,-14.06,2
7313,ml_baseline_90deg,2026-07-09 23:28:41.148175+05:30,0.0,13.71,-13.71,2
7314,ml_baseline_90deg,2026-07-09 23:28:41.250609+05:30,0.0,13.18,-13.18,2
7315,ml_baseline_90deg,2026-07-09 23:28:41.348316+05:30,0.0,12.83,-12.83,2
7316,ml_baseline_90deg,2026-07-09 23:28:41.445697+05:30,0.0,12.48,-12.48,1
7317,ml_baseline_90deg,2026-07-09 23:28:41.553492+05:30,0.0,12.13,-12.13,2
7318,ml_baseline_90deg,2026-07-09 23:28:41.646886+05:30,0.0,11.6,-11.6,2
7319,ml_baseline_90deg,2026-07-09 23:28:41.747594+05:30,0.0,11.25,-11.25,2
7320,ml_baseline_90deg,2026-07-09 23:28:41.847958+05:30,0.0,10.72,-10.72,2
7321,ml_baseline_90deg,2026-07-09 23:28:41.948518+05:30,0.0,10.37,-10.37,2
7322,ml_baseline_90deg,2026-07-09 23:28:42.046112+05:30,0.0,10.02,-10.02,2
7323,ml_baseline_90deg,2026-07-09 23:28:42.146738+05:30,0.0,9.67,-9.67,2
7324,ml_baseline_90deg,2026-07-09 23:28:42.247443+05:30,0.0,9.14,-9.14,2
7325,ml_baseline_90deg,2026-07-09 23:28:42.348395+05:30,0.0,8.79,-8.79,1
7326,ml_baseline_90deg,2026-07-09 23:28:42.449895+05:30,0.0,8.44,-8.44,2
7327,ml_baseline_90deg,2026-07-09 23:28:42.549338+05:30,0.0,7.91,-7.91,2
7328,ml_baseline_90deg,2026-07-09 23:28:42.648690+05:30,0.0,7.38,-7.38,2
7329,ml_baseline_90deg,2026-07-09 23:28:42.747410+05:30,0.0,6.86,-6.86,2
7330,ml_baseline_90deg,2026-07-09 23:28:42.852096+05:30,0.0,6.5,-6.5,2
7331,ml_baseline_90deg,2026-07-09 23:28:42.947774+05:30,0.0,6.5,-6.5,2
7332,ml_baseline_90deg,2026-07-09 23:28:43.044742+05:30,0.0,6.5,-6.5,2
7333,ml_baseline_90deg,2026-07-09 23:28:43.149557+05:30,0.0,6.33,-6.33,2
7334,ml_baseline_90deg,2026-07-09 23:28:43.250904+05:30,0.0,6.33,-6.33,1
7335,ml_baseline_90deg,2026-07-09 23:28:43.348206+05:30,0.0,6.15,-6.15,2
7336,ml_baseline_90deg,2026-07-09 23:28:43.447553+05:30,0.0,6.15,-6.15,2
7337,ml_baseline_90deg,2026-07-09 23:28:43.550525+05:30,0.0,6.15,-6.15,2
7338,ml_baseline_90deg,2026-07-09 23:28:43.646968+05:30,0.0,5.98,-5.98,2
7339,ml_baseline_90deg,2026-07-09 23:28:43.746637+05:30,0.0,5.98,-5.98,2
7340,ml_baseline_90deg,2026-07-09 23:28:43.847657+05:30,0.0,5.98,-5.98,2
7341,ml_baseline_90deg,2026-07-09 23:28:43.948283+05:30,90.0,5.98,84.02,2
7342,ml_baseline_90deg,2026-07-09 23:28:44.047036+05:30,90.0,5.98,84.02,2
7343,ml_baseline_90deg,2026-07-09 23:28:44.147317+05:30,90.0,5.98,84.02,2
7344,ml_baseline_90deg,2026-07-09 23:28:44.248627+05:30,90.0,5.98,84.02,2
7345,ml_baseline_90deg,2026-07-09 23:28:44.348128+05:30,90.0,5.98,84.02,2
7346,ml_baseline_90deg,2026-07-09 23:28:44.446905+05:30,90.0,5.98,84.02,2
7347,ml_baseline_90deg,2026-07-09 23:28:44.546612+05:30,90.0,5.98,84.02,2
7348,ml_baseline_90deg,2026-07-09 23:28:44.647838+05:30,90.0,5.98,84.02,2
7349,ml_baseline_90deg,2026-07-09 23:28:44.748414+05:30,90.0,5.98,84.02,1
7350,ml_baseline_90deg,2026-07-09 23:28:44.845682+05:30,90.0,5.98,84.02,2
7351,ml_baseline_90deg,2026-07-09 23:28:44.948962+05:30,90.0,5.98,84.02,2
7352,ml_baseline_90deg,2026-07-09 23:28:45.047734+05:30,90.0,6.15,83.85,2
7353,ml_baseline_90deg,2026-07-09 23:28:45.149982+05:30,90.0,6.33,83.67,2
7354,ml_baseline_90deg,2026-07-09 23:28:45.249171+05:30,90.0,6.68,83.32,2
7355,ml_baseline_90deg,2026-07-09 23:28:45.347076+05:30,90.0,7.03,82.97,2
7356,ml_baseline_90deg,2026-07-09 23:28:45.452035+05:30,90.0,7.38,82.62,2
7357,ml_baseline_90deg,2026-07-09 23:28:45.547384+05:30,90.0,7.73,82.27,2
7358,ml_baseline_90deg,2026-07-09 23:28:45.648277+05:30,90.0,8.09,81.91,1
7359,ml_baseline_90deg,2026-07-09 23:28:45.748669+05:30,90.0,8.44,81.56,2
7360,ml_baseline_90deg,2026-07-09 23:28:45.848988+05:30,90.0,8.96,81.04,2
7361,ml_baseline_90deg,2026-07-09 23:28:45.947477+05:30,90.0,9.32,80.68,2
7362,ml_baseline_90deg,2026-07-09 23:28:46.048341+05:30,90.0,9.84,80.16,2
7363,ml_baseline_90deg,2026-07-09 23:28:46.149373+05:30,90.0,10.2,79.8,2
7364,ml_baseline_90deg,2026-07-09 23:28:46.248476+05:30,90.0,10.55,79.45,2
7365,ml_baseline_90deg,2026-07-09 23:28:46.347863+05:30,90.0,11.07,78.93,2
7366,ml_baseline_90deg,2026-07-09 23:28:46.447239+05:30,90.0,11.43,78.57,2
7367,ml_baseline_90deg,2026-07-09 23:28:46.547165+05:30,90.0,11.78,78.22,1
7368,ml_baseline_90deg,2026-07-09 23:28:46.650371+05:30,90.0,12.13,77.87,2
7369,ml_baseline_90deg,2026-07-09 23:28:46.746675+05:30,90.0,12.66,77.34,2
7370,ml_baseline_90deg,2026-07-09 23:28:46.849355+05:30,90.0,13.01,76.99,2
7371,ml_baseline_90deg,2026-07-09 23:28:46.949964+05:30,90.0,13.36,76.64,2
7372,ml_baseline_90deg,2026-07-09 23:28:47.045868+05:30,90.0,13.89,76.11,2
7373,ml_baseline_90deg,2026-07-09 23:28:47.146616+05:30,90.0,14.24,75.76,2
7374,ml_baseline_90deg,2026-07-09 23:28:47.246645+05:30,90.0,14.77,75.23,2
7375,ml_baseline_90deg,2026-07-09 23:28:47.346604+05:30,90.0,15.12,74.88,2
7376,ml_baseline_90deg,2026-07-09 23:28:47.446894+05:30,90.0,15.47,74.53,1
7377,ml_baseline_90deg,2026-07-09 23:28:47.548693+05:30,90.0,15.82,74.18,2
7378,ml_baseline_90deg,2026-07-09 23:28:47.647972+05:30,90.0,16.17,73.83,2
7379,ml_baseline_90deg,2026-07-09 23:28:47.748474+05:30,90.0,16.7,73.3,2
7380,ml_baseline_90deg,2026-07-09 23:28:47.847533+05:30,90.0,17.05,72.95,2
7381,ml_baseline_90deg,2026-07-09 23:28:47.947175+05:30,90.0,17.58,72.42,2
7382,ml_baseline_90deg,2026-07-09 23:28:48.046026+05:30,90.0,17.93,72.07,2
7383,ml_baseline_90deg,2026-07-09 23:28:48.149994+05:30,90.0,18.46,71.54,2
7384,ml_baseline_90deg,2026-07-09 23:28:48.248242+05:30,90.0,18.81,71.19,2
7385,ml_baseline_90deg,2026-07-09 23:28:48.348107+05:30,90.0,19.16,70.84,1
7386,ml_baseline_90deg,2026-07-09 23:28:48.447599+05:30,90.0,19.51,70.49,2
7387,ml_baseline_90deg,2026-07-09 23:28:48.548477+05:30,90.0,20.04,69.96,2
7388,ml_baseline_90deg,2026-07-09 23:28:48.651203+05:30,90.0,20.39,69.61,2
7389,ml_baseline_90deg,2026-07-09 23:28:48.749509+05:30,90.0,20.92,69.08,2
7390,ml_baseline_90deg,2026-07-09 23:28:48.848655+05:30,90.0,21.27,68.73,2
7391,ml_baseline_90deg,2026-07-09 23:28:48.947850+05:30,90.0,21.8,68.2,2
7392,ml_baseline_90deg,2026-07-09 23:28:49.046466+05:30,90.0,22.15,67.85,2
7393,ml_baseline_90deg,2026-07-09 23:28:49.147229+05:30,90.0,22.68,67.32,2
7394,ml_baseline_90deg,2026-07-09 23:28:49.251324+05:30,90.0,23.03,66.97,1
7395,ml_baseline_90deg,2026-07-09 23:28:49.347166+05:30,90.0,23.38,66.62,2
7396,ml_baseline_90deg,2026-07-09 23:28:49.448353+05:30,90.0,23.73,66.27,2
7397,ml_baseline_90deg,2026-07-09 23:28:49.545946+05:30,90.0,24.26,65.74,2
7398,ml_baseline_90deg,2026-07-09 23:28:49.647303+05:30,90.0,24.61,65.39,2
7399,ml_baseline_90deg,2026-07-09 23:28:49.746609+05:30,90.0,25.14,64.86,2
7400,ml_baseline_90deg,2026-07-09 23:28:49.847181+05:30,90.0,25.49,64.51,2
7401,ml_baseline_90deg,2026-07-09 23:28:49.946996+05:30,90.0,26.02,63.98,2
7402,ml_baseline_90deg,2026-07-09 23:28:50.046686+05:30,90.0,26.37,63.63,2
7403,ml_baseline_90deg,2026-07-09 23:28:50.148299+05:30,90.0,26.72,63.28,1
7404,ml_baseline_90deg,2026-07-09 23:28:50.247266+05:30,90.0,26.89,63.11,2
7405,ml_baseline_90deg,2026-07-09 23:28:50.348186+05:30,90.0,27.42,62.58,2
7406,ml_baseline_90deg,2026-07-09 23:28:50.445864+05:30,90.0,27.77,62.23,2
7407,ml_baseline_90deg,2026-07-09 23:28:50.546344+05:30,90.0,28.12,61.88,2
7408,ml_baseline_90deg,2026-07-09 23:28:50.647871+05:30,90.0,28.65,61.35,2
7409,ml_baseline_90deg,2026-07-09 23:28:50.747885+05:30,90.0,29.0,61.0,2
7410,ml_baseline_90deg,2026-07-09 23:28:50.849341+05:30,90.0,29.53,60.47,2
7411,ml_baseline_90deg,2026-07-09 23:28:50.948902+05:30,90.0,29.88,60.12,2
7412,ml_baseline_90deg,2026-07-09 23:28:51.045797+05:30,90.0,30.23,59.77,1
7413,ml_baseline_90deg,2026-07-09 23:28:51.149535+05:30,90.0,30.59,59.41,2
7414,ml_baseline_90deg,2026-07-09 23:28:51.246738+05:30,90.0,30.94,59.06,2
7415,ml_baseline_90deg,2026-07-09 23:28:51.347985+05:30,90.0,31.29,58.71,2
7416,ml_baseline_90deg,2026-07-09 23:28:51.449660+05:30,90.0,31.82,58.18,2
7417,ml_baseline_90deg,2026-07-09 23:28:51.546050+05:30,90.0,32.17,57.83,2
7418,ml_baseline_90deg,2026-07-09 23:28:51.645760+05:30,90.0,32.7,57.3,2
7419,ml_baseline_90deg,2026-07-09 23:28:51.747113+05:30,90.0,33.05,56.95,2
7420,ml_baseline_90deg,2026-07-09 23:28:51.846357+05:30,90.0,33.57,56.43,2
7421,ml_baseline_90deg,2026-07-09 23:28:51.947435+05:30,90.0,33.93,56.07,1
7422,ml_baseline_90deg,2026-07-09 23:28:52.047593+05:30,90.0,34.1,55.9,2
7423,ml_baseline_90deg,2026-07-09 23:28:52.145090+05:30,90.0,34.63,55.37,2
7424,ml_baseline_90deg,2026-07-09 23:28:52.244001+05:30,90.0,34.98,55.02,2
7425,ml_baseline_90deg,2026-07-09 23:28:52.347147+05:30,90.0,35.51,54.49,2
7426,ml_baseline_90deg,2026-07-09 23:28:52.446488+05:30,90.0,35.86,54.14,2
7427,ml_baseline_90deg,2026-07-09 23:28:52.544687+05:30,90.0,36.21,53.79,2
7428,ml_baseline_90deg,2026-07-09 23:28:52.649427+05:30,90.0,36.74,53.26,2
7429,ml_baseline_90deg,2026-07-09 23:28:52.746895+05:30,90.0,37.09,52.91,2
7430,ml_baseline_90deg,2026-07-09 23:28:52.846919+05:30,90.0,37.44,52.56,1
7431,ml_baseline_90deg,2026-07-09 23:28:52.945810+05:30,90.0,37.79,52.21,2
7432,ml_baseline_90deg,2026-07-09 23:28:53.045901+05:30,90.0,38.14,51.86,2
7433,ml_baseline_90deg,2026-07-09 23:28:53.147766+05:30,90.0,38.67,51.33,2
7434,ml_baseline_90deg,2026-07-09 23:28:53.247354+05:30,90.0,39.02,50.98,2
7435,ml_baseline_90deg,2026-07-09 23:28:53.346059+05:30,90.0,39.55,50.45,2
7436,ml_baseline_90deg,2026-07-09 23:28:53.446618+05:30,90.0,39.9,50.1,2
7437,ml_baseline_90deg,2026-07-09 23:28:53.552606+05:30,90.0,40.25,49.75,2
7438,ml_baseline_90deg,2026-07-09 23:28:53.647075+05:30,90.0,40.78,49.22,2
7439,ml_baseline_90deg,2026-07-09 23:28:53.748405+05:30,90.0,41.13,48.87,1
7440,ml_baseline_90deg,2026-07-09 23:28:53.848361+05:30,90.0,41.31,48.69,2
7441,ml_baseline_90deg,2026-07-09 23:28:53.946457+05:30,90.0,41.84,48.16,2
7442,ml_baseline_90deg,2026-07-09 23:28:54.047906+05:30,90.0,42.19,47.81,2
7443,ml_baseline_90deg,2026-07-09 23:28:54.147589+05:30,90.0,42.71,47.29,2
7444,ml_baseline_90deg,2026-07-09 23:28:54.246122+05:30,90.0,43.07,46.93,2
7445,ml_baseline_90deg,2026-07-09 23:28:54.351096+05:30,90.0,43.59,46.41,2
7446,ml_baseline_90deg,2026-07-09 23:28:54.449709+05:30,90.0,43.95,46.05,2
7447,ml_baseline_90deg,2026-07-09 23:28:54.546331+05:30,90.0,44.47,45.53,2
7448,ml_baseline_90deg,2026-07-09 23:28:54.648159+05:30,90.0,44.82,45.18,1
7449,ml_baseline_90deg,2026-07-09 23:28:54.748262+05:30,90.0,45.0,45.0,2
7450,ml_baseline_90deg,2026-07-09 23:28:54.847174+05:30,90.0,45.53,44.47,2
7451,ml_baseline_90deg,2026-07-09 23:28:54.946271+05:30,90.0,45.88,44.12,2
7452,ml_baseline_90deg,2026-07-09 23:28:55.045137+05:30,90.0,46.41,43.59,2
7453,ml_baseline_90deg,2026-07-09 23:28:55.149591+05:30,90.0,46.76,43.24,2
7454,ml_baseline_90deg,2026-07-09 23:28:55.246726+05:30,90.0,47.29,42.71,2
7455,ml_baseline_90deg,2026-07-09 23:28:55.348996+05:30,90.0,47.64,42.36,2
7456,ml_baseline_90deg,2026-07-09 23:28:55.448030+05:30,90.0,47.99,42.01,2
7457,ml_baseline_90deg,2026-07-09 23:28:55.546840+05:30,90.0,48.34,41.66,1
7458,ml_baseline_90deg,2026-07-09 23:28:55.651582+05:30,90.0,48.69,41.31,2
7459,ml_baseline_90deg,2026-07-09 23:28:55.747531+05:30,90.0,49.04,40.96,2
7460,ml_baseline_90deg,2026-07-09 23:28:55.848013+05:30,90.0,49.57,40.43,2
7461,ml_baseline_90deg,2026-07-09 23:28:55.948450+05:30,90.0,49.92,40.08,2
7462,ml_baseline_90deg,2026-07-09 23:28:56.046511+05:30,90.0,50.45,39.55,2
7463,ml_baseline_90deg,2026-07-09 23:28:56.146435+05:30,90.0,50.8,39.2,2
7464,ml_baseline_90deg,2026-07-09 23:28:56.250525+05:30,90.0,51.15,38.85,2
7465,ml_baseline_90deg,2026-07-09 23:28:56.348196+05:30,90.0,51.68,38.32,2
7466,ml_baseline_90deg,2026-07-09 23:28:56.447830+05:30,90.0,52.03,37.97,1
7467,ml_baseline_90deg,2026-07-09 23:28:56.547602+05:30,90.0,52.21,37.79,2
7468,ml_baseline_90deg,2026-07-09 23:28:56.646800+05:30,90.0,52.73,37.27,2
7469,ml_baseline_90deg,2026-07-09 23:28:56.747029+05:30,90.0,53.09,36.91,2
7470,ml_baseline_90deg,2026-07-09 23:28:56.845931+05:30,90.0,53.44,36.56,2
7471,ml_baseline_90deg,2026-07-09 23:28:56.945476+05:30,90.0,53.96,36.04,2
7472,ml_baseline_90deg,2026-07-09 23:28:57.046636+05:30,90.0,54.32,35.68,2
7473,ml_baseline_90deg,2026-07-09 23:28:57.146333+05:30,90.0,54.84,35.16,2
7474,ml_baseline_90deg,2026-07-09 23:28:57.246638+05:30,90.0,55.2,34.8,2
7475,ml_baseline_90deg,2026-07-09 23:28:57.347880+05:30,90.0,55.55,34.45,1
7476,ml_baseline_90deg,2026-07-09 23:28:57.448940+05:30,90.0,55.9,34.1,2
7477,ml_baseline_90deg,2026-07-09 23:28:57.547949+05:30,90.0,56.25,33.75,2
7478,ml_baseline_90deg,2026-07-09 23:28:57.647059+05:30,90.0,56.6,33.4,2
7479,ml_baseline_90deg,2026-07-09 23:28:57.747161+05:30,90.0,57.13,32.87,2
7480,ml_baseline_90deg,2026-07-09 23:28:57.846193+05:30,90.0,57.48,32.52,2
7481,ml_baseline_90deg,2026-07-09 23:28:57.946920+05:30,90.0,57.83,32.17,2
7482,ml_baseline_90deg,2026-07-09 23:28:58.046545+05:30,90.0,58.36,31.64,2
7483,ml_baseline_90deg,2026-07-09 23:28:58.146243+05:30,90.0,58.71,31.29,2
7484,ml_baseline_90deg,2026-07-09 23:28:58.245234+05:30,90.0,59.06,30.94,1
7485,ml_baseline_90deg,2026-07-09 23:28:58.345862+05:30,90.0,59.41,30.59,2
7486,ml_baseline_90deg,2026-07-09 23:28:58.445114+05:30,90.0,59.77,30.23,2
7487,ml_baseline_90deg,2026-07-09 23:28:58.547360+05:30,90.0,60.12,29.88,2
7488,ml_baseline_90deg,2026-07-09 23:28:58.647487+05:30,90.0,60.64,29.36,2
7489,ml_baseline_90deg,2026-07-09 23:28:58.746896+05:30,90.0,61.0,29.0,2
7490,ml_baseline_90deg,2026-07-09 23:28:58.845042+05:30,90.0,61.52,28.48,2
7491,ml_baseline_90deg,2026-07-09 23:28:58.948163+05:30,90.0,61.88,28.12,2
7492,ml_baseline_90deg,2026-07-09 23:28:59.045888+05:30,90.0,62.23,27.77,2
7493,ml_baseline_90deg,2026-07-09 23:28:59.147246+05:30,90.0,62.58,27.42,1
7494,ml_baseline_90deg,2026-07-09 23:28:59.248084+05:30,90.0,62.93,27.07,2
7495,ml_baseline_90deg,2026-07-09 23:28:59.348095+05:30,90.0,63.28,26.72,2
7496,ml_baseline_90deg,2026-07-09 23:28:59.449861+05:30,90.0,63.81,26.19,2
7497,ml_baseline_90deg,2026-07-09 23:28:59.545980+05:30,90.0,64.16,25.84,2
7498,ml_baseline_90deg,2026-07-09 23:28:59.648554+05:30,90.0,64.51,25.49,2
7499,ml_baseline_90deg,2026-07-09 23:28:59.748389+05:30,90.0,65.04,24.96,2
7500,ml_baseline_90deg,2026-07-09 23:28:59.846353+05:30,90.0,65.39,24.61,2
7501,ml_baseline_90deg,2026-07-09 23:28:59.948011+05:30,90.0,65.74,24.26,2
7502,ml_baseline_90deg,2026-07-09 23:29:00.048577+05:30,90.0,66.09,23.91,1
7503,ml_baseline_90deg,2026-07-09 23:29:00.147146+05:30,90.0,66.45,23.55,2
7504,ml_baseline_90deg,2026-07-09 23:29:00.247428+05:30,90.0,66.8,23.2,2
7505,ml_baseline_90deg,2026-07-09 23:29:00.350484+05:30,90.0,67.32,22.68,2
7506,ml_baseline_90deg,2026-07-09 23:29:00.446824+05:30,90.0,67.68,22.32,2
7507,ml_baseline_90deg,2026-07-09 23:29:00.552252+05:30,90.0,68.2,21.8,2
7508,ml_baseline_90deg,2026-07-09 23:29:00.645601+05:30,90.0,68.55,21.45,2
7509,ml_baseline_90deg,2026-07-09 23:29:00.747345+05:30,90.0,68.91,21.09,2
7510,ml_baseline_90deg,2026-07-09 23:29:00.847756+05:30,90.0,69.43,20.57,2
7511,ml_baseline_90deg,2026-07-09 23:29:00.952621+05:30,90.0,69.79,20.21,1
7512,ml_baseline_90deg,2026-07-09 23:29:01.046123+05:30,90.0,70.14,19.86,2
7513,ml_baseline_90deg,2026-07-09 23:29:01.146082+05:30,90.0,70.49,19.51,2
7514,ml_baseline_90deg,2026-07-09 23:29:01.247795+05:30,90.0,71.02,18.98,2
7515,ml_baseline_90deg,2026-07-09 23:29:01.346312+05:30,90.0,71.37,18.63,2
7516,ml_baseline_90deg,2026-07-09 23:29:01.448048+05:30,90.0,71.89,18.11,2
7517,ml_baseline_90deg,2026-07-09 23:29:01.550905+05:30,90.0,72.25,17.75,2
7518,ml_baseline_90deg,2026-07-09 23:29:01.646396+05:30,90.0,72.6,17.4,2
7519,ml_baseline_90deg,2026-07-09 23:29:01.747198+05:30,90.0,73.12,16.87,2
7520,ml_baseline_90deg,2026-07-09 23:29:01.849883+05:30,90.0,73.48,16.52,1
7521,ml_baseline_90deg,2026-07-09 23:29:01.948057+05:30,90.0,73.83,16.17,2
7522,ml_baseline_90deg,2026-07-09 23:29:02.049247+05:30,90.0,74.36,15.64,2
7523,ml_baseline_90deg,2026-07-09 23:29:02.145386+05:30,90.0,74.71,15.29,2
7524,ml_baseline_90deg,2026-07-09 23:29:02.245705+05:30,90.0,75.23,14.77,2
7525,ml_baseline_90deg,2026-07-09 23:29:02.350808+05:30,90.0,75.59,14.41,2
7526,ml_baseline_90deg,2026-07-09 23:29:02.446185+05:30,90.0,76.11,13.89,2
7527,ml_baseline_90deg,2026-07-09 23:29:02.548385+05:30,90.0,76.46,13.54,2
7528,ml_baseline_90deg,2026-07-09 23:29:02.648682+05:30,90.0,76.99,13.01,2
7529,ml_baseline_90deg,2026-07-09 23:29:02.749885+05:30,90.0,77.34,12.66,1
7530,ml_baseline_90deg,2026-07-09 23:29:02.849098+05:30,90.0,77.7,12.3,2
7531,ml_baseline_90deg,2026-07-09 23:29:02.947661+05:30,90.0,78.22,11.78,2
7532,ml_baseline_90deg,2026-07-09 23:29:03.046016+05:30,90.0,78.57,11.43,2
7533,ml_baseline_90deg,2026-07-09 23:29:03.148377+05:30,90.0,79.1,10.9,2
7534,ml_baseline_90deg,2026-07-09 23:29:03.245963+05:30,90.0,79.63,10.37,2
7535,ml_baseline_90deg,2026-07-09 23:29:03.348353+05:30,90.0,79.98,10.02,2
7536,ml_baseline_90deg,2026-07-09 23:29:03.447978+05:30,90.0,80.51,9.49,2
7537,ml_baseline_90deg,2026-07-09 23:29:03.550320+05:30,90.0,81.04,8.96,2
7538,ml_baseline_90deg,2026-07-09 23:29:03.648035+05:30,90.0,81.39,8.61,1
7539,ml_baseline_90deg,2026-07-09 23:29:03.747949+05:30,90.0,81.74,8.26,2
7540,ml_baseline_90deg,2026-07-09 23:29:03.850401+05:30,90.0,82.09,7.91,2
7541,ml_baseline_90deg,2026-07-09 23:29:03.948002+05:30,90.0,82.62,7.38,2
7542,ml_baseline_90deg,2026-07-09 23:29:04.046252+05:30,90.0,82.97,7.03,2
7543,ml_baseline_90deg,2026-07-09 23:29:04.147235+05:30,90.0,83.14,6.86,2
7544,ml_baseline_90deg,2026-07-09 23:29:04.247268+05:30,90.0,83.32,6.68,2
7545,ml_baseline_90deg,2026-07-09 23:29:04.348562+05:30,90.0,83.32,6.68,2
7546,ml_baseline_90deg,2026-07-09 23:29:04.450681+05:30,90.0,83.32,6.68,2
7547,ml_baseline_90deg,2026-07-09 23:29:04.547597+05:30,90.0,83.32,6.68,1
7548,ml_baseline_90deg,2026-07-09 23:29:04.647202+05:30,90.0,83.5,6.5,2
7549,ml_baseline_90deg,2026-07-09 23:29:04.748705+05:30,90.0,83.85,6.15,2
7550,ml_baseline_90deg,2026-07-09 23:29:04.846518+05:30,90.0,84.02,5.98,2
7551,ml_baseline_90deg,2026-07-09 23:29:04.949932+05:30,90.0,84.37,5.62,2
7552,ml_baseline_90deg,2026-07-09 23:29:05.044885+05:30,90.0,84.9,5.1,2
7553,ml_baseline_90deg,2026-07-09 23:29:05.144725+05:30,90.0,85.25,4.75,1
7554,ml_baseline_90deg,2026-07-09 23:29:05.246771+05:30,90.0,85.61,4.39,1
7555,ml_baseline_90deg,2026-07-09 23:29:05.349356+05:30,90.0,85.96,4.04,1
7556,ml_baseline_90deg,2026-07-09 23:29:05.449044+05:30,0.0,85.96,-85.96,2
7557,ml_baseline_90deg,2026-07-09 23:29:05.548329+05:30,0.0,86.13,-86.13,2
7558,ml_baseline_90deg,2026-07-09 23:29:05.647684+05:30,0.0,86.13,-86.13,2
7559,ml_baseline_90deg,2026-07-09 23:29:05.747385+05:30,0.0,86.13,-86.13,2
7560,ml_baseline_90deg,2026-07-09 23:29:05.848359+05:30,0.0,86.13,-86.13,2
7561,ml_baseline_90deg,2026-07-09 23:29:05.947250+05:30,0.0,86.13,-86.13,2
7562,ml_baseline_90deg,2026-07-09 23:29:06.047992+05:30,0.0,86.13,-86.13,2
7563,ml_baseline_90deg,2026-07-09 23:29:06.150337+05:30,0.0,86.13,-86.13,2
7564,ml_baseline_90deg,2026-07-09 23:29:06.247955+05:30,0.0,86.13,-86.13,1
7565,ml_baseline_90deg,2026-07-09 23:29:06.352689+05:30,0.0,86.13,-86.13,2
7566,ml_baseline_90deg,2026-07-09 23:29:06.445247+05:30,0.0,85.96,-85.96,2
7567,ml_baseline_90deg,2026-07-09 23:29:06.549087+05:30,0.0,85.78,-85.78,2
7568,ml_baseline_90deg,2026-07-09 23:29:06.649135+05:30,0.0,85.78,-85.78,2
7569,ml_baseline_90deg,2026-07-09 23:29:06.748834+05:30,0.0,85.61,-85.61,2
7570,ml_baseline_90deg,2026-07-09 23:29:06.847781+05:30,0.0,85.25,-85.25,2
7571,ml_baseline_90deg,2026-07-09 23:29:06.949537+05:30,0.0,85.08,-85.08,2
7572,ml_baseline_90deg,2026-07-09 23:29:07.044833+05:30,0.0,84.73,-84.73,2
7573,ml_baseline_90deg,2026-07-09 23:29:07.147267+05:30,0.0,84.2,-84.2,1
7574,ml_baseline_90deg,2026-07-09 23:29:07.247820+05:30,0.0,83.85,-83.85,2
7575,ml_baseline_90deg,2026-07-09 23:29:07.346983+05:30,0.0,83.32,-83.32,2
7576,ml_baseline_90deg,2026-07-09 23:29:07.446134+05:30,0.0,82.79,-82.79,2
7577,ml_baseline_90deg,2026-07-09 23:29:07.544637+05:30,0.0,82.27,-82.27,2
7578,ml_baseline_90deg,2026-07-09 23:29:07.647954+05:30,0.0,81.74,-81.74,2
7579,ml_baseline_90deg,2026-07-09 23:29:07.749020+05:30,0.0,81.21,-81.21,2
7580,ml_baseline_90deg,2026-07-09 23:29:07.848114+05:30,0.0,80.68,-80.68,2
7581,ml_baseline_90deg,2026-07-09 23:29:07.949579+05:30,0.0,80.33,-80.33,2
7582,ml_baseline_90deg,2026-07-09 23:29:08.046554+05:30,0.0,79.98,-79.98,1
7583,ml_baseline_90deg,2026-07-09 23:29:08.147337+05:30,0.0,79.45,-79.45,2
7584,ml_baseline_90deg,2026-07-09 23:29:08.252980+05:30,0.0,78.93,-78.93,2
7585,ml_baseline_90deg,2026-07-09 23:29:08.347141+05:30,0.0,78.57,-78.57,2
7586,ml_baseline_90deg,2026-07-09 23:29:08.447364+05:30,0.0,77.87,-77.87,2
7587,ml_baseline_90deg,2026-07-09 23:29:08.546170+05:30,0.0,77.52,-77.52,2
7588,ml_baseline_90deg,2026-07-09 23:29:08.646445+05:30,0.0,76.99,-76.99,2
7589,ml_baseline_90deg,2026-07-09 23:29:08.748152+05:30,0.0,76.46,-76.46,2
7590,ml_baseline_90deg,2026-07-09 23:29:08.847922+05:30,0.0,76.11,-76.11,2
7591,ml_baseline_90deg,2026-07-09 23:29:08.947233+05:30,0.0,75.76,-75.76,1
7592,ml_baseline_90deg,2026-07-09 23:29:09.046111+05:30,0.0,75.41,-75.41,2
7593,ml_baseline_90deg,2026-07-09 23:29:09.150255+05:30,0.0,75.06,-75.06,2
7594,ml_baseline_90deg,2026-07-09 23:29:09.248964+05:30,0.0,74.53,-74.53,2
7595,ml_baseline_90deg,2026-07-09 23:29:09.349134+05:30,0.0,74.36,-74.36,2
7596,ml_baseline_90deg,2026-07-09 23:29:09.450337+05:30,0.0,74.0,-74.0,2
7597,ml_baseline_90deg,2026-07-09 23:29:09.549032+05:30,0.0,73.65,-73.65,2
7598,ml_baseline_90deg,2026-07-09 23:29:09.645126+05:30,0.0,73.12,-73.12,2
7599,ml_baseline_90deg,2026-07-09 23:29:09.750709+05:30,0.0,72.77,-72.77,2
7600,ml_baseline_90deg,2026-07-09 23:29:09.849888+05:30,0.0,72.42,-72.42,1
7601,ml_baseline_90deg,2026-07-09 23:29:09.948040+05:30,0.0,71.89,-71.89,2
7602,ml_baseline_90deg,2026-07-09 23:29:10.046979+05:30,0.0,71.54,-71.54,2
7603,ml_baseline_90deg,2026-07-09 23:29:10.147300+05:30,0.0,71.02,-71.02,2
7604,ml_baseline_90deg,2026-07-09 23:29:10.246878+05:30,0.0,70.66,-70.66,2
7605,ml_baseline_90deg,2026-07-09 23:29:10.348271+05:30,0.0,70.14,-70.14,2
7606,ml_baseline_90deg,2026-07-09 23:29:10.451544+05:30,0.0,69.61,-69.61,2
7607,ml_baseline_90deg,2026-07-09 23:29:10.549853+05:30,0.0,69.26,-69.26,2
7608,ml_baseline_90deg,2026-07-09 23:29:10.648390+05:30,0.0,68.73,-68.73,2
7609,ml_baseline_90deg,2026-07-09 23:29:10.747245+05:30,0.0,68.38,-68.38,1
7610,ml_baseline_90deg,2026-07-09 23:29:10.847806+05:30,0.0,67.85,-67.85,2
7611,ml_baseline_90deg,2026-07-09 23:29:10.949050+05:30,0.0,67.5,-67.5,2
7612,ml_baseline_90deg,2026-07-09 23:29:11.047011+05:30,0.0,66.97,-66.97,2
7613,ml_baseline_90deg,2026-07-09 23:29:11.147482+05:30,0.0,66.62,-66.62,2
7614,ml_baseline_90deg,2026-07-09 23:29:11.250129+05:30,0.0,66.09,-66.09,2
7615,ml_baseline_90deg,2026-07-09 23:29:11.348169+05:30,0.0,65.74,-65.74,2
7616,ml_baseline_90deg,2026-07-09 23:29:11.447701+05:30,0.0,65.21,-65.21,2
7617,ml_baseline_90deg,2026-07-09 23:29:11.552270+05:30,0.0,64.86,-64.86,2
7618,ml_baseline_90deg,2026-07-09 23:29:11.649990+05:30,0.0,64.34,-64.34,1
7619,ml_baseline_90deg,2026-07-09 23:29:11.749295+05:30,0.0,63.98,-63.98,2
7620,ml_baseline_90deg,2026-07-09 23:29:11.849770+05:30,0.0,63.63,-63.63,2
7621,ml_baseline_90deg,2026-07-09 23:29:11.946918+05:30,0.0,63.11,-63.11,2
7622,ml_baseline_90deg,2026-07-09 23:29:12.049469+05:30,0.0,62.75,-62.75,2
7623,ml_baseline_90deg,2026-07-09 23:29:12.148962+05:30,0.0,62.23,-62.23,2
7624,ml_baseline_90deg,2026-07-09 23:29:12.246888+05:30,0.0,61.7,-61.7,2
7625,ml_baseline_90deg,2026-07-09 23:29:12.350287+05:30,0.0,61.35,-61.35,2
7626,ml_baseline_90deg,2026-07-09 23:29:12.445118+05:30,0.0,60.82,-60.82,2
7627,ml_baseline_90deg,2026-07-09 23:29:12.548700+05:30,0.0,60.47,-60.47,1
7628,ml_baseline_90deg,2026-07-09 23:29:12.646828+05:30,0.0,60.12,-60.12,2
7629,ml_baseline_90deg,2026-07-09 23:29:12.747919+05:30,0.0,59.59,-59.59,2
7630,ml_baseline_90deg,2026-07-09 23:29:12.847036+05:30,0.0,59.24,-59.24,2
7631,ml_baseline_90deg,2026-07-09 23:29:12.947104+05:30,0.0,58.71,-58.71,2
7632,ml_baseline_90deg,2026-07-09 23:29:13.046060+05:30,0.0,58.36,-58.36,2
7633,ml_baseline_90deg,2026-07-09 23:29:13.147148+05:30,0.0,57.83,-57.83,2
7634,ml_baseline_90deg,2026-07-09 23:29:13.247399+05:30,0.0,57.48,-57.48,2
7635,ml_baseline_90deg,2026-07-09 23:29:13.347950+05:30,0.0,56.95,-56.95,2
7636,ml_baseline_90deg,2026-07-09 23:29:13.450764+05:30,0.0,56.6,-56.6,1
7637,ml_baseline_90deg,2026-07-09 23:29:13.546393+05:30,0.0,56.25,-56.25,2
7638,ml_baseline_90deg,2026-07-09 23:29:13.650373+05:30,0.0,55.9,-55.9,2
7639,ml_baseline_90deg,2026-07-09 23:29:13.749025+05:30,0.0,55.37,-55.37,2
7640,ml_baseline_90deg,2026-07-09 23:29:13.847745+05:30,0.0,55.02,-55.02,2
7641,ml_baseline_90deg,2026-07-09 23:29:13.947441+05:30,0.0,54.67,-54.67,2
7642,ml_baseline_90deg,2026-07-09 23:29:14.047406+05:30,0.0,54.14,-54.14,2
7643,ml_baseline_90deg,2026-07-09 23:29:14.145382+05:30,0.0,53.61,-53.61,2
7644,ml_baseline_90deg,2026-07-09 23:29:14.246241+05:30,0.0,53.09,-53.09,2
7645,ml_baseline_90deg,2026-07-09 23:29:14.346337+05:30,0.0,52.73,-52.73,1
7646,ml_baseline_90deg,2026-07-09 23:29:14.447013+05:30,0.0,52.38,-52.38,2
7647,ml_baseline_90deg,2026-07-09 23:29:14.545309+05:30,0.0,51.86,-51.86,2
7648,ml_baseline_90deg,2026-07-09 23:29:14.646834+05:30,0.0,51.33,-51.33,2
7649,ml_baseline_90deg,2026-07-09 23:29:14.747454+05:30,0.0,50.98,-50.98,2
7650,ml_baseline_90deg,2026-07-09 23:29:14.848957+05:30,0.0,50.45,-50.45,2
7651,ml_baseline_90deg,2026-07-09 23:29:14.946986+05:30,0.0,49.92,-49.92,2
7652,ml_baseline_90deg,2026-07-09 23:29:15.045455+05:30,0.0,49.39,-49.39,2
7653,ml_baseline_90deg,2026-07-09 23:29:15.147128+05:30,0.0,48.87,-48.87,2
7654,ml_baseline_90deg,2026-07-09 23:29:15.245872+05:30,0.0,48.52,-48.52,1
7655,ml_baseline_90deg,2026-07-09 23:29:15.347096+05:30,0.0,47.99,-47.99,2
7656,ml_baseline_90deg,2026-07-09 23:29:15.447161+05:30,0.0,47.46,-47.46,2
7657,ml_baseline_90deg,2026-07-09 23:29:15.551690+05:30,0.0,46.93,-46.93,2
7658,ml_baseline_90deg,2026-07-09 23:29:15.647454+05:30,0.0,46.58,-46.58,2
7659,ml_baseline_90deg,2026-07-09 23:29:15.749019+05:30,0.0,46.05,-46.05,2
7660,ml_baseline_90deg,2026-07-09 23:29:15.846996+05:30,0.0,45.7,-45.7,2
7661,ml_baseline_90deg,2026-07-09 23:29:15.951417+05:30,0.0,45.0,-45.0,2
7662,ml_baseline_90deg,2026-07-09 23:29:16.048092+05:30,0.0,44.65,-44.65,2
7663,ml_baseline_90deg,2026-07-09 23:29:16.147274+05:30,0.0,44.3,-44.3,1
7664,ml_baseline_90deg,2026-07-09 23:29:16.248682+05:30,0.0,43.77,-43.77,2
7665,ml_baseline_90deg,2026-07-09 23:29:16.348871+05:30,0.0,43.42,-43.42,2
7666,ml_baseline_90deg,2026-07-09 23:29:16.446611+05:30,0.0,43.07,-43.07,2
7667,ml_baseline_90deg,2026-07-09 23:29:16.545711+05:30,0.0,42.54,-42.54,2
7668,ml_baseline_90deg,2026-07-09 23:29:16.647975+05:30,0.0,42.01,-42.01,2
7669,ml_baseline_90deg,2026-07-09 23:29:16.748598+05:30,0.0,41.66,-41.66,2
7670,ml_baseline_90deg,2026-07-09 23:29:16.847264+05:30,0.0,41.13,-41.13,2
7671,ml_baseline_90deg,2026-07-09 23:29:16.945999+05:30,0.0,40.78,-40.78,2
7672,ml_baseline_90deg,2026-07-09 23:29:17.045780+05:30,0.0,40.25,-40.25,1
7673,ml_baseline_90deg,2026-07-09 23:29:17.147193+05:30,0.0,39.9,-39.9,2
7674,ml_baseline_90deg,2026-07-09 23:29:17.245987+05:30,0.0,39.55,-39.55,2
7675,ml_baseline_90deg,2026-07-09 23:29:17.348040+05:30,0.0,39.02,-39.02,2
7676,ml_baseline_90deg,2026-07-09 23:29:17.447131+05:30,0.0,38.67,-38.67,2
7677,ml_baseline_90deg,2026-07-09 23:29:17.545301+05:30,0.0,38.14,-38.14,2
7678,ml_baseline_90deg,2026-07-09 23:29:17.647596+05:30,0.0,37.79,-37.79,2
7679,ml_baseline_90deg,2026-07-09 23:29:17.748147+05:30,0.0,37.27,-37.27,2
7680,ml_baseline_90deg,2026-07-09 23:29:17.848947+05:30,0.0,36.91,-36.91,2
7681,ml_baseline_90deg,2026-07-09 23:29:17.947882+05:30,0.0,36.39,-36.39,1
7682,ml_baseline_90deg,2026-07-09 23:29:18.046229+05:30,0.0,36.04,-36.04,2
7683,ml_baseline_90deg,2026-07-09 23:29:18.150227+05:30,0.0,35.51,-35.51,2
7684,ml_baseline_90deg,2026-07-09 23:29:18.246584+05:30,0.0,35.16,-35.16,2
7685,ml_baseline_90deg,2026-07-09 23:29:18.349565+05:30,0.0,34.63,-34.63,2
7686,ml_baseline_90deg,2026-07-09 23:29:18.450302+05:30,0.0,34.28,-34.28,2
7687,ml_baseline_90deg,2026-07-09 23:29:18.549049+05:30,0.0,33.75,-33.75,2
7688,ml_baseline_90deg,2026-07-09 23:29:18.646841+05:30,0.0,33.4,-33.4,2
7689,ml_baseline_90deg,2026-07-09 23:29:18.746799+05:30,0.0,32.87,-32.87,2
7690,ml_baseline_90deg,2026-07-09 23:29:18.847006+05:30,0.0,32.34,-32.34,1
7691,ml_baseline_90deg,2026-07-09 23:29:18.948144+05:30,0.0,31.99,-31.99,2
7692,ml_baseline_90deg,2026-07-09 23:29:19.048366+05:30,0.0,31.46,-31.46,2
7693,ml_baseline_90deg,2026-07-09 23:29:19.147066+05:30,0.0,31.11,-31.11,2
7694,ml_baseline_90deg,2026-07-09 23:29:19.246366+05:30,0.0,30.76,-30.76,2
7695,ml_baseline_90deg,2026-07-09 23:29:19.349885+05:30,0.0,30.23,-30.23,2
7696,ml_baseline_90deg,2026-07-09 23:29:19.450445+05:30,0.0,29.71,-29.71,2
7697,ml_baseline_90deg,2026-07-09 23:29:19.548249+05:30,0.0,29.36,-29.36,2
7698,ml_baseline_90deg,2026-07-09 23:29:19.647083+05:30,0.0,28.83,-28.83,2
7699,ml_baseline_90deg,2026-07-09 23:29:19.746994+05:30,0.0,28.48,-28.48,1
7700,ml_baseline_90deg,2026-07-09 23:29:19.846905+05:30,0.0,28.12,-28.12,2
7701,ml_baseline_90deg,2026-07-09 23:29:19.947677+05:30,0.0,27.77,-27.77,2
7702,ml_baseline_90deg,2026-07-09 23:29:20.048574+05:30,0.0,27.25,-27.25,2
7703,ml_baseline_90deg,2026-07-09 23:29:20.148731+05:30,0.0,26.89,-26.89,2
7704,ml_baseline_90deg,2026-07-09 23:29:20.246008+05:30,0.0,26.37,-26.37,2
7705,ml_baseline_90deg,2026-07-09 23:29:20.346680+05:30,0.0,25.84,-25.84,2
7706,ml_baseline_90deg,2026-07-09 23:29:20.447931+05:30,0.0,25.49,-25.49,2
7707,ml_baseline_90deg,2026-07-09 23:29:20.550035+05:30,0.0,25.14,-25.14,2
7708,ml_baseline_90deg,2026-07-09 23:29:20.649160+05:30,0.0,24.79,-24.79,1
7709,ml_baseline_90deg,2026-07-09 23:29:20.747049+05:30,0.0,24.43,-24.43,2
7710,ml_baseline_90deg,2026-07-09 23:29:20.848437+05:30,0.0,23.91,-23.91,2
7711,ml_baseline_90deg,2026-07-09 23:29:20.946499+05:30,0.0,23.38,-23.38,2
7712,ml_baseline_90deg,2026-07-09 23:29:21.045526+05:30,0.0,23.03,-23.03,2
7713,ml_baseline_90deg,2026-07-09 23:29:21.147482+05:30,0.0,22.32,-22.32,2
7714,ml_baseline_90deg,2026-07-09 23:29:21.246282+05:30,0.0,21.8,-21.8,2
7715,ml_baseline_90deg,2026-07-09 23:29:21.347472+05:30,0.0,21.45,-21.45,2
7716,ml_baseline_90deg,2026-07-09 23:29:21.448469+05:30,0.0,20.92,-20.92,2
7717,ml_baseline_90deg,2026-07-09 23:29:21.547986+05:30,0.0,20.57,-20.57,1
7718,ml_baseline_90deg,2026-07-09 23:29:21.652267+05:30,0.0,20.04,-20.04,2
7719,ml_baseline_90deg,2026-07-09 23:29:21.746563+05:30,0.0,19.69,-19.69,2
7720,ml_baseline_90deg,2026-07-09 23:29:21.846880+05:30,0.0,19.16,-19.16,2
7721,ml_baseline_90deg,2026-07-09 23:29:21.946586+05:30,0.0,18.63,-18.63,2
7722,ml_baseline_90deg,2026-07-09 23:29:22.048034+05:30,0.0,18.11,-18.11,2
7723,ml_baseline_90deg,2026-07-09 23:29:22.146449+05:30,0.0,17.75,-17.75,2
7724,ml_baseline_90deg,2026-07-09 23:29:22.246908+05:30,0.0,17.23,-17.23,2
7725,ml_baseline_90deg,2026-07-09 23:29:22.346984+05:30,0.0,16.7,-16.7,2
7726,ml_baseline_90deg,2026-07-09 23:29:22.446907+05:30,0.0,16.35,-16.35,1
7727,ml_baseline_90deg,2026-07-09 23:29:22.545960+05:30,0.0,15.82,-15.82,2
7728,ml_baseline_90deg,2026-07-09 23:29:22.648334+05:30,0.0,15.29,-15.29,2
7729,ml_baseline_90deg,2026-07-09 23:29:22.747428+05:30,0.0,14.94,-14.94,2
7730,ml_baseline_90deg,2026-07-09 23:29:22.845442+05:30,0.0,14.24,-14.24,2
7731,ml_baseline_90deg,2026-07-09 23:29:22.946181+05:30,0.0,13.71,-13.71,2
7732,ml_baseline_90deg,2026-07-09 23:29:23.045798+05:30,0.0,13.18,-13.18,2
7733,ml_baseline_90deg,2026-07-09 23:29:23.145706+05:30,0.0,12.83,-12.83,2
7734,ml_baseline_90deg,2026-07-09 23:29:23.246378+05:30,0.0,12.3,-12.3,2
7735,ml_baseline_90deg,2026-07-09 23:29:23.349205+05:30,0.0,11.95,-11.95,1
7736,ml_baseline_90deg,2026-07-09 23:29:23.452149+05:30,0.0,11.43,-11.43,2
7737,ml_baseline_90deg,2026-07-09 23:29:23.546076+05:30,0.0,10.9,-10.9,2
7738,ml_baseline_90deg,2026-07-09 23:29:23.649538+05:30,0.0,10.37,-10.37,2
7739,ml_baseline_90deg,2026-07-09 23:29:23.748698+05:30,0.0,9.84,-9.84,2
7740,ml_baseline_90deg,2026-07-09 23:29:23.847982+05:30,0.0,9.32,-9.32,2
7741,ml_baseline_90deg,2026-07-09 23:29:23.948147+05:30,0.0,8.79,-8.79,2
7742,ml_baseline_90deg,2026-07-09 23:29:24.047797+05:30,0.0,8.44,-8.44,2
7743,ml_baseline_90deg,2026-07-09 23:29:24.147945+05:30,0.0,7.91,-7.91,2
7744,ml_baseline_90deg,2026-07-09 23:29:24.245301+05:30,0.0,7.21,-7.21,1
7745,ml_baseline_90deg,2026-07-09 23:29:24.346884+05:30,0.0,6.86,-6.86,2
7746,ml_baseline_90deg,2026-07-09 23:29:24.449670+05:30,0.0,6.33,-6.33,2
7747,ml_baseline_90deg,2026-07-09 23:29:24.549555+05:30,0.0,6.33,-6.33,2
7748,ml_baseline_90deg,2026-07-09 23:29:24.648227+05:30,0.0,6.15,-6.15,2
7749,ml_baseline_90deg,2026-07-09 23:29:24.747394+05:30,0.0,5.98,-5.98,2
7750,ml_baseline_90deg,2026-07-09 23:29:24.848355+05:30,0.0,5.1,-5.1,2
7751,ml_baseline_90deg,2026-07-09 23:29:24.949171+05:30,90.0,4.92,85.08,2
7752,ml_baseline_90deg,2026-07-09 23:29:25.046414+05:30,90.0,4.92,85.08,2
7753,ml_baseline_90deg,2026-07-09 23:29:25.146474+05:30,90.0,4.92,85.08,2
7754,ml_baseline_90deg,2026-07-09 23:29:25.245654+05:30,90.0,4.92,85.08,2
7755,ml_baseline_90deg,2026-07-09 23:29:25.346034+05:30,90.0,4.92,85.08,2
7756,ml_baseline_90deg,2026-07-09 23:29:25.446470+05:30,90.0,4.92,85.08,2
7757,ml_baseline_90deg,2026-07-09 23:29:25.545486+05:30,90.0,5.1,84.9,2
7758,ml_baseline_90deg,2026-07-09 23:29:25.644224+05:30,90.0,5.27,84.73,2
7759,ml_baseline_90deg,2026-07-09 23:29:25.745761+05:30,90.0,5.27,84.73,1
7760,ml_baseline_90deg,2026-07-09 23:29:25.849236+05:30,90.0,5.45,84.55,2
7761,ml_baseline_90deg,2026-07-09 23:29:25.949211+05:30,90.0,5.8,84.2,2
7762,ml_baseline_90deg,2026-07-09 23:29:26.045426+05:30,90.0,6.15,83.85,2
7763,ml_baseline_90deg,2026-07-09 23:29:26.145419+05:30,90.0,6.68,83.32,2
7764,ml_baseline_90deg,2026-07-09 23:29:26.247192+05:30,90.0,7.03,82.97,2
7765,ml_baseline_90deg,2026-07-09 23:29:26.348139+05:30,90.0,7.73,82.27,2
7766,ml_baseline_90deg,2026-07-09 23:29:26.449400+05:30,90.0,8.09,81.91,2
7767,ml_baseline_90deg,2026-07-09 23:29:26.546151+05:30,90.0,8.61,81.39,2
7768,ml_baseline_90deg,2026-07-09 23:29:26.645475+05:30,90.0,9.14,80.86,1
7769,ml_baseline_90deg,2026-07-09 23:29:26.746743+05:30,90.0,9.49,80.51,2
7770,ml_baseline_90deg,2026-07-09 23:29:26.847927+05:30,90.0,9.84,80.16,2
7771,ml_baseline_90deg,2026-07-09 23:29:26.947043+05:30,90.0,10.37,79.63,2
7772,ml_baseline_90deg,2026-07-09 23:29:27.047015+05:30,90.0,10.9,79.1,2
7773,ml_baseline_90deg,2026-07-09 23:29:27.149436+05:30,90.0,11.25,78.75,2
7774,ml_baseline_90deg,2026-07-09 23:29:27.248528+05:30,90.0,11.78,78.22,2
7775,ml_baseline_90deg,2026-07-09 23:29:27.348561+05:30,90.0,12.13,77.87,2
7776,ml_baseline_90deg,2026-07-09 23:29:27.447250+05:30,90.0,12.66,77.34,2
7777,ml_baseline_90deg,2026-07-09 23:29:27.547015+05:30,90.0,13.01,76.99,1
7778,ml_baseline_90deg,2026-07-09 23:29:27.646226+05:30,90.0,13.36,76.64,2
7779,ml_baseline_90deg,2026-07-09 23:29:27.748373+05:30,90.0,13.71,76.29,2
7780,ml_baseline_90deg,2026-07-09 23:29:27.846793+05:30,90.0,14.24,75.76,2
7781,ml_baseline_90deg,2026-07-09 23:29:27.946905+05:30,90.0,14.59,75.41,2
7782,ml_baseline_90deg,2026-07-09 23:29:28.047763+05:30,90.0,14.94,75.06,2
7783,ml_baseline_90deg,2026-07-09 23:29:28.148059+05:30,90.0,15.47,74.53,2
7784,ml_baseline_90deg,2026-07-09 23:29:28.244284+05:30,90.0,15.82,74.18,2
7785,ml_baseline_90deg,2026-07-09 23:29:28.347054+05:30,90.0,16.35,73.65,2
7786,ml_baseline_90deg,2026-07-09 23:29:28.448231+05:30,90.0,16.7,73.3,1
7787,ml_baseline_90deg,2026-07-09 23:29:28.550013+05:30,90.0,17.05,72.95,2
7788,ml_baseline_90deg,2026-07-09 23:29:28.646470+05:30,90.0,17.4,72.6,2
7789,ml_baseline_90deg,2026-07-09 23:29:28.747282+05:30,90.0,17.93,72.07,2
7790,ml_baseline_90deg,2026-07-09 23:29:28.848991+05:30,90.0,18.28,71.72,2
7791,ml_baseline_90deg,2026-07-09 23:29:28.947372+05:30,90.0,18.81,71.19,2
7792,ml_baseline_90deg,2026-07-09 23:29:29.047459+05:30,90.0,19.16,70.84,2
7793,ml_baseline_90deg,2026-07-09 23:29:29.148435+05:30,90.0,19.69,70.31,2
7794,ml_baseline_90deg,2026-07-09 23:29:29.245259+05:30,90.0,20.04,69.96,2
7795,ml_baseline_90deg,2026-07-09 23:29:29.348343+05:30,90.0,20.57,69.43,1
7796,ml_baseline_90deg,2026-07-09 23:29:29.448814+05:30,90.0,20.92,69.08,2
7797,ml_baseline_90deg,2026-07-09 23:29:29.546882+05:30,90.0,21.27,68.73,2
7798,ml_baseline_90deg,2026-07-09 23:29:29.647427+05:30,90.0,21.62,68.38,2
7799,ml_baseline_90deg,2026-07-09 23:29:29.747680+05:30,90.0,22.15,67.85,2
7800,ml_baseline_90deg,2026-07-09 23:29:29.849862+05:30,90.0,22.68,67.32,2
7801,ml_baseline_90deg,2026-07-09 23:29:29.947169+05:30,90.0,23.03,66.97,2
7802,ml_baseline_90deg,2026-07-09 23:29:30.049563+05:30,90.0,23.55,66.45,2
7803,ml_baseline_90deg,2026-07-09 23:29:30.148108+05:30,90.0,23.91,66.09,2
7804,ml_baseline_90deg,2026-07-09 23:29:30.245746+05:30,90.0,24.43,65.57,1
7805,ml_baseline_90deg,2026-07-09 23:29:30.348043+05:30,90.0,24.61,65.39,2
7806,ml_baseline_90deg,2026-07-09 23:29:30.448420+05:30,90.0,25.14,64.86,2
7807,ml_baseline_90deg,2026-07-09 23:29:30.549796+05:30,90.0,25.49,64.51,2
7808,ml_baseline_90deg,2026-07-09 23:29:30.649037+05:30,90.0,26.02,63.98,2
7809,ml_baseline_90deg,2026-07-09 23:29:30.747901+05:30,90.0,26.37,63.63,2
7810,ml_baseline_90deg,2026-07-09 23:29:30.847440+05:30,90.0,26.89,63.11,2
7811,ml_baseline_90deg,2026-07-09 23:29:30.948397+05:30,90.0,27.25,62.75,2
7812,ml_baseline_90deg,2026-07-09 23:29:31.046080+05:30,90.0,27.77,62.23,2
7813,ml_baseline_90deg,2026-07-09 23:29:31.146465+05:30,90.0,28.12,61.88,1
7814,ml_baseline_90deg,2026-07-09 23:29:31.247527+05:30,90.0,28.3,61.7,2
7815,ml_baseline_90deg,2026-07-09 23:29:31.346597+05:30,90.0,28.83,61.17,2
7816,ml_baseline_90deg,2026-07-09 23:29:31.448061+05:30,90.0,29.18,60.82,2
7817,ml_baseline_90deg,2026-07-09 23:29:31.550979+05:30,90.0,29.71,60.29,2
7818,ml_baseline_90deg,2026-07-09 23:29:31.646612+05:30,90.0,30.06,59.94,2
7819,ml_baseline_90deg,2026-07-09 23:29:31.748471+05:30,90.0,30.59,59.41,2
7820,ml_baseline_90deg,2026-07-09 23:29:31.847207+05:30,90.0,30.94,59.06,2
7821,ml_baseline_90deg,2026-07-09 23:29:31.947102+05:30,90.0,31.29,58.71,2
7822,ml_baseline_90deg,2026-07-09 23:29:32.049030+05:30,90.0,31.82,58.18,1
7823,ml_baseline_90deg,2026-07-09 23:29:32.149214+05:30,90.0,31.99,58.01,2
7824,ml_baseline_90deg,2026-07-09 23:29:32.244925+05:30,90.0,32.34,57.66,2
7825,ml_baseline_90deg,2026-07-09 23:29:32.348329+05:30,90.0,32.87,57.13,2
7826,ml_baseline_90deg,2026-07-09 23:29:32.447954+05:30,90.0,33.22,56.78,2
7827,ml_baseline_90deg,2026-07-09 23:29:32.547557+05:30,90.0,33.57,56.43,2
7828,ml_baseline_90deg,2026-07-09 23:29:32.647153+05:30,90.0,34.1,55.9,2
7829,ml_baseline_90deg,2026-07-09 23:29:32.749277+05:30,90.0,34.45,55.55,2
7830,ml_baseline_90deg,2026-07-09 23:29:32.847863+05:30,90.0,34.98,55.02,2
7831,ml_baseline_90deg,2026-07-09 23:29:32.948432+05:30,90.0,35.33,54.67,1
7832,ml_baseline_90deg,2026-07-09 23:29:33.045382+05:30,90.0,35.51,54.49,2
7833,ml_baseline_90deg,2026-07-09 23:29:33.146429+05:30,90.0,36.04,53.96,2
7834,ml_baseline_90deg,2026-07-09 23:29:33.243633+05:30,90.0,36.39,53.61,2
7835,ml_baseline_90deg,2026-07-09 23:29:33.346918+05:30,90.0,36.74,53.26,2
7836,ml_baseline_90deg,2026-07-09 23:29:33.448305+05:30,90.0,37.27,52.73,2
7837,ml_baseline_90deg,2026-07-09 23:29:33.548391+05:30,90.0,37.62,52.38,2
7838,ml_baseline_90deg,2026-07-09 23:29:33.647940+05:30,90.0,38.14,51.86,2
7839,ml_baseline_90deg,2026-07-09 23:29:33.748707+05:30,90.0,38.5,51.5,2
7840,ml_baseline_90deg,2026-07-09 23:29:33.846967+05:30,90.0,39.02,50.98,1
7841,ml_baseline_90deg,2026-07-09 23:29:33.948601+05:30,90.0,39.2,50.8,2
7842,ml_baseline_90deg,2026-07-09 23:29:34.047247+05:30,90.0,39.55,50.45,2
7843,ml_baseline_90deg,2026-07-09 23:29:34.147895+05:30,90.0,40.08,49.92,2
7844,ml_baseline_90deg,2026-07-09 23:29:34.245531+05:30,90.0,40.43,49.57,2
7845,ml_baseline_90deg,2026-07-09 23:29:34.349579+05:30,90.0,40.96,49.04,2
7846,ml_baseline_90deg,2026-07-09 23:29:34.447678+05:30,90.0,41.31,48.69,2
7847,ml_baseline_90deg,2026-07-09 23:29:34.546554+05:30,90.0,41.66,48.34,2
7848,ml_baseline_90deg,2026-07-09 23:29:34.648925+05:30,90.0,42.19,47.81,2
7849,ml_baseline_90deg,2026-07-09 23:29:34.748957+05:30,90.0,42.54,47.46,1
7850,ml_baseline_90deg,2026-07-09 23:29:34.847903+05:30,90.0,42.89,47.11,2
7851,ml_baseline_90deg,2026-07-09 23:29:34.945510+05:30,90.0,43.24,46.76,2
7852,ml_baseline_90deg,2026-07-09 23:29:35.045907+05:30,90.0,43.59,46.41,2
7853,ml_baseline_90deg,2026-07-09 23:29:35.146915+05:30,90.0,44.12,45.88,2
7854,ml_baseline_90deg,2026-07-09 23:29:35.246995+05:30,90.0,44.47,45.53,2
7855,ml_baseline_90deg,2026-07-09 23:29:35.346570+05:30,90.0,45.0,45.0,2
7856,ml_baseline_90deg,2026-07-09 23:29:35.447682+05:30,90.0,45.35,44.65,2
7857,ml_baseline_90deg,2026-07-09 23:29:35.559683+05:30,90.0,45.88,44.12,2
7858,ml_baseline_90deg,2026-07-09 23:29:35.645787+05:30,90.0,46.23,43.77,1
7859,ml_baseline_90deg,2026-07-09 23:29:35.747717+05:30,90.0,46.58,43.42,2
7860,ml_baseline_90deg,2026-07-09 23:29:35.846985+05:30,90.0,46.93,43.07,2
7861,ml_baseline_90deg,2026-07-09 23:29:35.949968+05:30,90.0,47.29,42.71,2
7862,ml_baseline_90deg,2026-07-09 23:29:36.046200+05:30,90.0,47.81,42.19,2
7863,ml_baseline_90deg,2026-07-09 23:29:36.147707+05:30,90.0,48.16,41.84,2
7864,ml_baseline_90deg,2026-07-09 23:29:36.250860+05:30,90.0,48.52,41.48,2
7865,ml_baseline_90deg,2026-07-09 23:29:36.348586+05:30,90.0,49.04,40.96,2
7866,ml_baseline_90deg,2026-07-09 23:29:36.447873+05:30,90.0,49.39,40.61,2
7867,ml_baseline_90deg,2026-07-09 23:29:36.549001+05:30,90.0,49.75,40.25,1
7868,ml_baseline_90deg,2026-07-09 23:29:36.649397+05:30,90.0,50.1,39.9,2
7869,ml_baseline_90deg,2026-07-09 23:29:36.748232+05:30,90.0,50.45,39.55,2
7870,ml_baseline_90deg,2026-07-09 23:29:36.846792+05:30,90.0,50.98,39.02,2
7871,ml_baseline_90deg,2026-07-09 23:29:36.947892+05:30,90.0,51.33,38.67,2
7872,ml_baseline_90deg,2026-07-09 23:29:37.045271+05:30,90.0,51.68,38.32,2
7873,ml_baseline_90deg,2026-07-09 23:29:37.144546+05:30,90.0,52.21,37.79,2
7874,ml_baseline_90deg,2026-07-09 23:29:37.245124+05:30,90.0,52.56,37.44,2
7875,ml_baseline_90deg,2026-07-09 23:29:37.345723+05:30,90.0,53.09,36.91,2
7876,ml_baseline_90deg,2026-07-09 23:29:37.446540+05:30,90.0,53.44,36.56,1
7877,ml_baseline_90deg,2026-07-09 23:29:37.545327+05:30,90.0,53.79,36.21,2
7878,ml_baseline_90deg,2026-07-09 23:29:37.646692+05:30,90.0,54.14,35.86,2
7879,ml_baseline_90deg,2026-07-09 23:29:37.745841+05:30,90.0,54.67,35.33,2
7880,ml_baseline_90deg,2026-07-09 23:29:37.846894+05:30,90.0,55.02,34.98,2
7881,ml_baseline_90deg,2026-07-09 23:29:37.945931+05:30,90.0,55.37,34.63,2
7882,ml_baseline_90deg,2026-07-09 23:29:38.047392+05:30,90.0,55.9,34.1,2
7883,ml_baseline_90deg,2026-07-09 23:29:38.147286+05:30,90.0,56.25,33.75,2
7884,ml_baseline_90deg,2026-07-09 23:29:38.246763+05:30,90.0,56.6,33.4,2
7885,ml_baseline_90deg,2026-07-09 23:29:38.350405+05:30,90.0,57.13,32.87,1
7886,ml_baseline_90deg,2026-07-09 23:29:38.463639+05:30,90.0,57.3,32.7,2
7887,ml_baseline_90deg,2026-07-09 23:29:38.545220+05:30,90.0,57.66,32.34,2
7888,ml_baseline_90deg,2026-07-09 23:29:38.647013+05:30,90.0,58.18,31.82,2
7889,ml_baseline_90deg,2026-07-09 23:29:38.747160+05:30,90.0,58.54,31.46,2
7890,ml_baseline_90deg,2026-07-09 23:29:38.848235+05:30,90.0,59.06,30.94,2
7891,ml_baseline_90deg,2026-07-09 23:29:38.947723+05:30,90.0,59.41,30.59,2
7892,ml_baseline_90deg,2026-07-09 23:29:39.047041+05:30,90.0,59.77,30.23,2
7893,ml_baseline_90deg,2026-07-09 23:29:39.147634+05:30,90.0,60.29,29.71,2
7894,ml_baseline_90deg,2026-07-09 23:29:39.247495+05:30,90.0,60.64,29.36,1
7895,ml_baseline_90deg,2026-07-09 23:29:39.347480+05:30,90.0,60.82,29.18,2
7896,ml_baseline_90deg,2026-07-09 23:29:39.446492+05:30,90.0,61.35,28.65,2
7897,ml_baseline_90deg,2026-07-09 23:29:39.550726+05:30,90.0,61.7,28.3,2
7898,ml_baseline_90deg,2026-07-09 23:29:39.647334+05:30,90.0,62.23,27.77,2
7899,ml_baseline_90deg,2026-07-09 23:29:39.748323+05:30,90.0,62.58,27.42,2
7900,ml_baseline_90deg,2026-07-09 23:29:39.846156+05:30,90.0,62.93,27.07,2
7901,ml_baseline_90deg,2026-07-09 23:29:39.947241+05:30,90.0,63.46,26.54,2
7902,ml_baseline_90deg,2026-07-09 23:29:40.047933+05:30,90.0,63.81,26.19,2
7903,ml_baseline_90deg,2026-07-09 23:29:40.145931+05:30,90.0,64.16,25.84,1
7904,ml_baseline_90deg,2026-07-09 23:29:40.245037+05:30,90.0,64.51,25.49,2
7905,ml_baseline_90deg,2026-07-09 23:29:40.349982+05:30,90.0,64.86,25.14,2
7906,ml_baseline_90deg,2026-07-09 23:29:40.448602+05:30,90.0,65.21,24.79,2
7907,ml_baseline_90deg,2026-07-09 23:29:40.548569+05:30,90.0,65.74,24.26,2
7908,ml_baseline_90deg,2026-07-09 23:29:40.647691+05:30,90.0,66.09,23.91,2
7909,ml_baseline_90deg,2026-07-09 23:29:40.748925+05:30,90.0,66.45,23.55,2
7910,ml_baseline_90deg,2026-07-09 23:29:40.850465+05:30,90.0,66.97,23.03,2
7911,ml_baseline_90deg,2026-07-09 23:29:40.946171+05:30,90.0,67.32,22.68,2
7912,ml_baseline_90deg,2026-07-09 23:29:41.045604+05:30,90.0,67.85,22.15,1
7913,ml_baseline_90deg,2026-07-09 23:29:41.147199+05:30,90.0,68.03,21.97,2
7914,ml_baseline_90deg,2026-07-09 23:29:41.244409+05:30,90.0,68.38,21.62,2
7915,ml_baseline_90deg,2026-07-09 23:29:41.348446+05:30,90.0,68.91,21.09,2
7916,ml_baseline_90deg,2026-07-09 23:29:41.445184+05:30,90.0,69.26,20.74,2
7917,ml_baseline_90deg,2026-07-09 23:29:41.548854+05:30,90.0,69.79,20.21,2
7918,ml_baseline_90deg,2026-07-09 23:29:41.646877+05:30,90.0,70.14,19.86,2
7919,ml_baseline_90deg,2026-07-09 23:29:41.748825+05:30,90.0,70.49,19.51,2
7920,ml_baseline_90deg,2026-07-09 23:29:41.847019+05:30,90.0,71.02,18.98,2
7921,ml_baseline_90deg,2026-07-09 23:29:41.947749+05:30,90.0,71.37,18.63,1
7922,ml_baseline_90deg,2026-07-09 23:29:42.048858+05:30,90.0,71.72,18.28,2
7923,ml_baseline_90deg,2026-07-09 23:29:42.147442+05:30,90.0,72.07,17.93,2
7924,ml_baseline_90deg,2026-07-09 23:29:42.247598+05:30,90.0,72.6,17.4,2
7925,ml_baseline_90deg,2026-07-09 23:29:42.346778+05:30,90.0,72.95,17.05,2
7926,ml_baseline_90deg,2026-07-09 23:29:42.450522+05:30,90.0,73.48,16.52,2
7927,ml_baseline_90deg,2026-07-09 23:29:42.545613+05:30,90.0,73.83,16.17,2
7928,ml_baseline_90deg,2026-07-09 23:29:42.646711+05:30,90.0,74.36,15.64,2
7929,ml_baseline_90deg,2026-07-09 23:29:42.747842+05:30,90.0,74.71,15.29,2
7930,ml_baseline_90deg,2026-07-09 23:29:42.848924+05:30,90.0,75.23,14.77,1
7931,ml_baseline_90deg,2026-07-09 23:29:42.947235+05:30,90.0,75.59,14.41,2
7932,ml_baseline_90deg,2026-07-09 23:29:43.045205+05:30,90.0,75.94,14.06,2
7933,ml_baseline_90deg,2026-07-09 23:29:43.147984+05:30,90.0,76.46,13.54,2
7934,ml_baseline_90deg,2026-07-09 23:29:43.248090+05:30,90.0,76.82,13.18,2
7935,ml_baseline_90deg,2026-07-09 23:29:43.348710+05:30,90.0,77.34,12.66,2
7936,ml_baseline_90deg,2026-07-09 23:29:43.449481+05:30,90.0,77.7,12.3,2
7937,ml_baseline_90deg,2026-07-09 23:29:43.545700+05:30,90.0,78.22,11.78,2
7938,ml_baseline_90deg,2026-07-09 23:29:43.647486+05:30,90.0,78.75,11.25,2
7939,ml_baseline_90deg,2026-07-09 23:29:43.750038+05:30,90.0,79.1,10.9,1
7940,ml_baseline_90deg,2026-07-09 23:29:43.847240+05:30,90.0,79.45,10.55,2
7941,ml_baseline_90deg,2026-07-09 23:29:43.948476+05:30,90.0,79.98,10.02,2
7942,ml_baseline_90deg,2026-07-09 23:29:44.047029+05:30,90.0,80.33,9.67,2
7943,ml_baseline_90deg,2026-07-09 23:29:44.146742+05:30,90.0,80.86,9.14,2
7944,ml_baseline_90deg,2026-07-09 23:29:44.247797+05:30,90.0,81.21,8.79,2
7945,ml_baseline_90deg,2026-07-09 23:29:44.347133+05:30,90.0,81.74,8.26,2
7946,ml_baseline_90deg,2026-07-09 23:29:44.448834+05:30,90.0,82.09,7.91,2
7947,ml_baseline_90deg,2026-07-09 23:29:44.548849+05:30,90.0,82.62,7.38,2
7948,ml_baseline_90deg,2026-07-09 23:29:44.645144+05:30,90.0,82.97,7.03,1
7949,ml_baseline_90deg,2026-07-09 23:29:44.748595+05:30,90.0,83.14,6.86,2
7950,ml_baseline_90deg,2026-07-09 23:29:44.846448+05:30,90.0,83.5,6.5,2
7951,ml_baseline_90deg,2026-07-09 23:29:44.949189+05:30,90.0,83.85,6.15,2
7952,ml_baseline_90deg,2026-07-09 23:29:45.046701+05:30,90.0,84.02,5.98,2
7953,ml_baseline_90deg,2026-07-09 23:29:45.148846+05:30,90.0,84.02,5.98,2
7954,ml_baseline_90deg,2026-07-09 23:29:45.246335+05:30,90.0,84.02,5.98,2
7955,ml_baseline_90deg,2026-07-09 23:29:45.350913+05:30,0.0,84.2,-84.2,2
7956,ml_baseline_90deg,2026-07-09 23:29:45.448349+05:30,0.0,84.2,-84.2,2
7957,ml_baseline_90deg,2026-07-09 23:29:45.547754+05:30,0.0,84.2,-84.2,2
7958,ml_baseline_90deg,2026-07-09 23:29:45.651567+05:30,0.0,84.2,-84.2,2
7959,ml_baseline_90deg,2026-07-09 23:29:45.748382+05:30,0.0,84.2,-84.2,2
7960,ml_baseline_90deg,2026-07-09 23:29:45.846543+05:30,0.0,84.2,-84.2,2
7961,ml_baseline_90deg,2026-07-09 23:29:45.947428+05:30,0.0,84.2,-84.2,2
7962,ml_baseline_90deg,2026-07-09 23:29:46.047860+05:30,0.0,84.2,-84.2,2
7963,ml_baseline_90deg,2026-07-09 23:29:46.146159+05:30,0.0,84.2,-84.2,1
7964,ml_baseline_90deg,2026-07-09 23:29:46.245395+05:30,0.0,84.02,-84.02,2
7965,ml_baseline_90deg,2026-07-09 23:29:46.348938+05:30,0.0,84.02,-84.02,2
7966,ml_baseline_90deg,2026-07-09 23:29:46.448145+05:30,0.0,84.02,-84.02,2
7967,ml_baseline_90deg,2026-07-09 23:29:46.548637+05:30,0.0,83.85,-83.85,2
7968,ml_baseline_90deg,2026-07-09 23:29:46.646208+05:30,0.0,83.67,-83.67,2
7969,ml_baseline_90deg,2026-07-09 23:29:46.749128+05:30,0.0,83.5,-83.5,2
7970,ml_baseline_90deg,2026-07-09 23:29:46.850439+05:30,0.0,83.14,-83.14,2
7971,ml_baseline_90deg,2026-07-09 23:29:46.947065+05:30,0.0,82.79,-82.79,2
7972,ml_baseline_90deg,2026-07-09 23:29:47.045599+05:30,0.0,82.44,-82.44,1
7973,ml_baseline_90deg,2026-07-09 23:29:47.148897+05:30,0.0,81.91,-81.91,2
7974,ml_baseline_90deg,2026-07-09 23:29:47.245143+05:30,0.0,81.56,-81.56,2
7975,ml_baseline_90deg,2026-07-09 23:29:47.349272+05:30,0.0,81.04,-81.04,2
7976,ml_baseline_90deg,2026-07-09 23:29:47.450161+05:30,0.0,80.51,-80.51,2
7977,ml_baseline_90deg,2026-07-09 23:29:47.546639+05:30,0.0,79.98,-79.98,2
7978,ml_baseline_90deg,2026-07-09 23:29:47.646690+05:30,0.0,79.45,-79.45,2
7979,ml_baseline_90deg,2026-07-09 23:29:47.748388+05:30,0.0,78.93,-78.93,2
7980,ml_baseline_90deg,2026-07-09 23:29:47.849493+05:30,0.0,78.4,-78.4,2
7981,ml_baseline_90deg,2026-07-09 23:29:47.949512+05:30,0.0,78.05,-78.05,1
7982,ml_baseline_90deg,2026-07-09 23:29:48.045109+05:30,0.0,77.52,-77.52,2
7983,ml_baseline_90deg,2026-07-09 23:29:48.147332+05:30,0.0,77.17,-77.17,2
7984,ml_baseline_90deg,2026-07-09 23:29:48.245913+05:30,0.0,76.64,-76.64,2
7985,ml_baseline_90deg,2026-07-09 23:29:48.347411+05:30,0.0,76.11,-76.11,2
7986,ml_baseline_90deg,2026-07-09 23:29:48.451801+05:30,0.0,75.76,-75.76,2
7987,ml_baseline_90deg,2026-07-09 23:29:48.547009+05:30,0.0,75.23,-75.23,2
7988,ml_baseline_90deg,2026-07-09 23:29:48.647490+05:30,0.0,74.71,-74.71,2
7989,ml_baseline_90deg,2026-07-09 23:29:48.746670+05:30,0.0,74.18,-74.18,2
7990,ml_baseline_90deg,2026-07-09 23:29:48.845644+05:30,0.0,73.65,-73.65,1
7991,ml_baseline_90deg,2026-07-09 23:29:48.947328+05:30,0.0,73.3,-73.3,2
7992,ml_baseline_90deg,2026-07-09 23:29:49.045227+05:30,0.0,72.95,-72.95,2
7993,ml_baseline_90deg,2026-07-09 23:29:49.144978+05:30,0.0,72.42,-72.42,2
7994,ml_baseline_90deg,2026-07-09 23:29:49.246636+05:30,0.0,71.89,-71.89,2
7995,ml_baseline_90deg,2026-07-09 23:29:49.345946+05:30,0.0,71.54,-71.54,2
7996,ml_baseline_90deg,2026-07-09 23:29:49.452157+05:30,0.0,71.02,-71.02,2
7997,ml_baseline_90deg,2026-07-09 23:29:49.548710+05:30,0.0,70.49,-70.49,2
7998,ml_baseline_90deg,2026-07-09 23:29:49.648089+05:30,0.0,70.14,-70.14,2
7999,ml_baseline_90deg,2026-07-09 23:29:49.748666+05:30,0.0,69.61,-69.61,1
8000,ml_baseline_90deg,2026-07-09 23:29:49.847733+05:30,0.0,69.26,-69.26,2
8001,ml_baseline_90deg,2026-07-09 23:29:49.947377+05:30,0.0,68.73,-68.73,2
8002,ml_baseline_90deg,2026-07-09 23:29:50.047177+05:30,0.0,68.38,-68.38,2
8003,ml_baseline_90deg,2026-07-09 23:29:50.147783+05:30,0.0,67.85,-67.85,2
8004,ml_baseline_90deg,2026-07-09 23:29:50.244495+05:30,0.0,67.5,-67.5,2
8005,ml_baseline_90deg,2026-07-09 23:29:50.346403+05:30,0.0,66.97,-66.97,2
8006,ml_baseline_90deg,2026-07-09 23:29:50.446959+05:30,0.0,66.45,-66.45,2
8007,ml_baseline_90deg,2026-07-09 23:29:50.549783+05:30,0.0,66.09,-66.09,2
8008,ml_baseline_90deg,2026-07-09 23:29:50.647283+05:30,0.0,65.57,-65.57,1
8009,ml_baseline_90deg,2026-07-09 23:29:50.748721+05:30,0.0,65.21,-65.21,2
8010,ml_baseline_90deg,2026-07-09 23:29:50.847066+05:30,0.0,64.69,-64.69,2
8011,ml_baseline_90deg,2026-07-09 23:29:50.946537+05:30,0.0,64.34,-64.34,2
8012,ml_baseline_90deg,2026-07-09 23:29:51.046987+05:30,0.0,63.81,-63.81,2
8013,ml_baseline_90deg,2026-07-09 23:29:51.146262+05:30,0.0,63.46,-63.46,2
8014,ml_baseline_90deg,2026-07-09 23:29:51.245464+05:30,0.0,62.93,-62.93,2
8015,ml_baseline_90deg,2026-07-09 23:29:51.347251+05:30,0.0,62.4,-62.4,2
8016,ml_baseline_90deg,2026-07-09 23:29:51.448142+05:30,0.0,62.05,-62.05,2
8017,ml_baseline_90deg,2026-07-09 23:29:51.548666+05:30,0.0,61.52,-61.52,1
8018,ml_baseline_90deg,2026-07-09 23:29:51.648681+05:30,0.0,61.17,-61.17,2
8019,ml_baseline_90deg,2026-07-09 23:29:51.748007+05:30,0.0,60.64,-60.64,2
8020,ml_baseline_90deg,2026-07-09 23:29:51.846783+05:30,0.0,60.29,-60.29,2
8021,ml_baseline_90deg,2026-07-09 23:29:51.947400+05:30,0.0,59.77,-59.77,2
8022,ml_baseline_90deg,2026-07-09 23:29:52.048568+05:30,0.0,59.41,-59.41,2
8023,ml_baseline_90deg,2026-07-09 23:29:52.146780+05:30,0.0,58.89,-58.89,2
8024,ml_baseline_90deg,2026-07-09 23:29:52.245505+05:30,0.0,58.54,-58.54,2
8025,ml_baseline_90deg,2026-07-09 23:29:52.348491+05:30,0.0,58.01,-58.01,2
8026,ml_baseline_90deg,2026-07-09 23:29:52.450768+05:30,0.0,57.48,-57.48,1
8027,ml_baseline_90deg,2026-07-09 23:29:52.544396+05:30,0.0,57.13,-57.13,2
8028,ml_baseline_90deg,2026-07-09 23:29:52.648007+05:30,0.0,56.78,-56.78,2
8029,ml_baseline_90deg,2026-07-09 23:29:52.749049+05:30,0.0,56.25,-56.25,2
8030,ml_baseline_90deg,2026-07-09 23:29:52.845163+05:30,0.0,55.9,-55.9,2
8031,ml_baseline_90deg,2026-07-09 23:29:52.946148+05:30,0.0,55.37,-55.37,2
8032,ml_baseline_90deg,2026-07-09 23:29:53.044585+05:30,0.0,55.02,-55.02,2
8033,ml_baseline_90deg,2026-07-09 23:29:53.145734+05:30,0.0,54.49,-54.49,2
8034,ml_baseline_90deg,2026-07-09 23:29:53.244903+05:30,0.0,53.96,-53.96,2
8035,ml_baseline_90deg,2026-07-09 23:29:53.347987+05:30,0.0,53.44,-53.44,1
8036,ml_baseline_90deg,2026-07-09 23:29:53.446472+05:30,0.0,53.09,-53.09,2
8037,ml_baseline_90deg,2026-07-09 23:29:53.545413+05:30,0.0,52.73,-52.73,2
8038,ml_baseline_90deg,2026-07-09 23:29:53.646524+05:30,0.0,52.21,-52.21,2
8039,ml_baseline_90deg,2026-07-09 23:29:53.744879+05:30,0.0,51.86,-51.86,2
8040,ml_baseline_90deg,2026-07-09 23:29:53.846927+05:30,0.0,51.33,-51.33,2
8041,ml_baseline_90deg,2026-07-09 23:29:53.946579+05:30,0.0,50.8,-50.8,2
8042,ml_baseline_90deg,2026-07-09 23:29:54.046174+05:30,0.0,50.45,-50.45,2
8043,ml_baseline_90deg,2026-07-09 23:29:54.146925+05:30,0.0,49.92,-49.92,2
8044,ml_baseline_90deg,2026-07-09 23:29:54.244144+05:30,0.0,49.39,-49.39,1
8045,ml_baseline_90deg,2026-07-09 23:29:54.346198+05:30,0.0,49.04,-49.04,2
8046,ml_baseline_90deg,2026-07-09 23:29:54.444177+05:30,0.0,48.69,-48.69,2
8047,ml_baseline_90deg,2026-07-09 23:29:54.544476+05:30,0.0,48.16,-48.16,2
8048,ml_baseline_90deg,2026-07-09 23:29:54.643991+05:30,0.0,47.81,-47.81,2
8049,ml_baseline_90deg,2026-07-09 23:29:54.744259+05:30,0.0,47.29,-47.29,2
8050,ml_baseline_90deg,2026-07-09 23:29:54.845066+05:30,0.0,46.93,-46.93,2
8051,ml_baseline_90deg,2026-07-09 23:29:54.948445+05:30,0.0,46.41,-46.41,2
8052,ml_baseline_90deg,2026-07-09 23:29:55.046453+05:30,0.0,45.88,-45.88,2
8053,ml_baseline_90deg,2026-07-09 23:29:55.147295+05:30,0.0,45.35,-45.35,1
8054,ml_baseline_90deg,2026-07-09 23:29:55.243654+05:30,0.0,45.0,-45.0,2
8055,ml_baseline_90deg,2026-07-09 23:29:55.349134+05:30,0.0,44.65,-44.65,2
8056,ml_baseline_90deg,2026-07-09 23:29:55.446452+05:30,0.0,44.12,-44.12,2
8057,ml_baseline_90deg,2026-07-09 23:29:55.544307+05:30,0.0,43.77,-43.77,2
8058,ml_baseline_90deg,2026-07-09 23:29:55.646598+05:30,0.0,43.24,-43.24,2
8059,ml_baseline_90deg,2026-07-09 23:29:55.750133+05:30,0.0,42.71,-42.71,2
8060,ml_baseline_90deg,2026-07-09 23:29:55.847719+05:30,0.0,42.36,-42.36,2
8061,ml_baseline_90deg,2026-07-09 23:29:55.947179+05:30,0.0,41.84,-41.84,2
8062,ml_baseline_90deg,2026-07-09 23:29:56.048153+05:30,0.0,41.31,-41.31,1
8063,ml_baseline_90deg,2026-07-09 23:29:56.147784+05:30,0.0,40.96,-40.96,2
8064,ml_baseline_90deg,2026-07-09 23:29:56.246867+05:30,0.0,40.61,-40.61,2
8065,ml_baseline_90deg,2026-07-09 23:29:56.344733+05:30,0.0,40.08,-40.08,2
8066,ml_baseline_90deg,2026-07-09 23:29:56.447160+05:30,0.0,39.55,-39.55,2
8067,ml_baseline_90deg,2026-07-09 23:29:56.549083+05:30,0.0,39.2,-39.2,2
8068,ml_baseline_90deg,2026-07-09 23:29:56.646457+05:30,0.0,38.67,-38.67,2
8069,ml_baseline_90deg,2026-07-09 23:29:56.747728+05:30,0.0,38.32,-38.32,2
8070,ml_baseline_90deg,2026-07-09 23:29:56.848365+05:30,0.0,37.79,-37.79,2
8071,ml_baseline_90deg,2026-07-09 23:29:56.949447+05:30,0.0,37.27,-37.27,1
8072,ml_baseline_90deg,2026-07-09 23:29:57.045697+05:30,0.0,36.91,-36.91,2
8073,ml_baseline_90deg,2026-07-09 23:29:57.145194+05:30,0.0,36.39,-36.39,2
8074,ml_baseline_90deg,2026-07-09 23:29:57.246543+05:30,0.0,36.04,-36.04,2
8075,ml_baseline_90deg,2026-07-09 23:29:57.349441+05:30,0.0,35.51,-35.51,2
8076,ml_baseline_90deg,2026-07-09 23:29:57.448349+05:30,0.0,34.98,-34.98,2
8077,ml_baseline_90deg,2026-07-09 23:29:57.545790+05:30,0.0,34.63,-34.63,2
8078,ml_baseline_90deg,2026-07-09 23:29:57.646778+05:30,0.0,34.1,-34.1,2
8079,ml_baseline_90deg,2026-07-09 23:29:57.746806+05:30,0.0,33.75,-33.75,2
8080,ml_baseline_90deg,2026-07-09 23:29:57.846736+05:30,0.0,33.22,-33.22,1
8081,ml_baseline_90deg,2026-07-09 23:29:57.952772+05:30,0.0,32.7,-32.7,2
8082,ml_baseline_90deg,2026-07-09 23:29:58.049093+05:30,0.0,32.34,-32.34,2
8083,ml_baseline_90deg,2026-07-09 23:29:58.150386+05:30,0.0,31.82,-31.82,2
8084,ml_baseline_90deg,2026-07-09 23:29:58.247276+05:30,0.0,31.29,-31.29,2
8085,ml_baseline_90deg,2026-07-09 23:29:58.347189+05:30,0.0,30.94,-30.94,2
8086,ml_baseline_90deg,2026-07-09 23:29:58.446809+05:30,0.0,30.41,-30.41,2
8087,ml_baseline_90deg,2026-07-09 23:29:58.549869+05:30,0.0,29.88,-29.88,2
8088,ml_baseline_90deg,2026-07-09 23:29:58.647003+05:30,0.0,29.36,-29.36,2
8089,ml_baseline_90deg,2026-07-09 23:29:58.747106+05:30,0.0,28.83,-28.83,1
8090,ml_baseline_90deg,2026-07-09 23:29:58.846518+05:30,0.0,28.48,-28.48,2
8091,ml_baseline_90deg,2026-07-09 23:29:58.948101+05:30,0.0,28.12,-28.12,2
8092,ml_baseline_90deg,2026-07-09 23:29:59.045453+05:30,0.0,27.6,-27.6,2
8093,ml_baseline_90deg,2026-07-09 23:29:59.147541+05:30,0.0,27.25,-27.25,2
8094,ml_baseline_90deg,2026-07-09 23:29:59.244906+05:30,0.0,26.72,-26.72,2
8095,ml_baseline_90deg,2026-07-09 23:29:59.347564+05:30,0.0,26.37,-26.37,2
8096,ml_baseline_90deg,2026-07-09 23:29:59.447339+05:30,0.0,25.84,-25.84,2
8097,ml_baseline_90deg,2026-07-09 23:29:59.545771+05:30,0.0,25.49,-25.49,2
8098,ml_baseline_90deg,2026-07-09 23:29:59.651329+05:30,0.0,24.96,-24.96,1
8099,ml_baseline_90deg,2026-07-09 23:29:59.746781+05:30,0.0,24.61,-24.61,2
8100,ml_baseline_90deg,2026-07-09 23:29:59.844927+05:30,0.0,24.26,-24.26,2
8101,ml_baseline_90deg,2026-07-09 23:29:59.944981+05:30,0.0,23.73,-23.73,2
8102,ml_baseline_90deg,2026-07-09 23:30:00.044968+05:30,0.0,23.38,-23.38,2
8103,ml_baseline_90deg,2026-07-09 23:30:00.146159+05:30,0.0,22.85,-22.85,2
8104,ml_baseline_90deg,2026-07-09 23:30:00.246015+05:30,0.0,22.5,-22.5,2
8105,ml_baseline_90deg,2026-07-09 23:30:00.345475+05:30,0.0,21.97,-21.97,2
8106,ml_baseline_90deg,2026-07-09 23:30:00.445954+05:30,0.0,21.45,-21.45,2
8107,ml_baseline_90deg,2026-07-09 23:30:00.545195+05:30,0.0,21.09,-21.09,1
8108,ml_baseline_90deg,2026-07-09 23:30:00.646457+05:30,0.0,20.74,-20.74,2
8109,ml_baseline_90deg,2026-07-09 23:30:00.747593+05:30,0.0,20.21,-20.21,2
8110,ml_baseline_90deg,2026-07-09 23:30:00.843775+05:30,0.0,19.86,-19.86,2
8111,ml_baseline_90deg,2026-07-09 23:30:00.944596+05:30,0.0,19.51,-19.51,2
8112,ml_baseline_90deg,2026-07-09 23:30:01.044711+05:30,0.0,18.98,-18.98,2
8113,ml_baseline_90deg,2026-07-09 23:30:01.144500+05:30,0.0,18.63,-18.63,2
8114,ml_baseline_90deg,2026-07-09 23:30:01.243454+05:30,0.0,18.11,-18.11,2
8115,ml_baseline_90deg,2026-07-09 23:30:01.344224+05:30,0.0,17.58,-17.58,2
8116,ml_baseline_90deg,2026-07-09 23:30:01.444852+05:30,0.0,17.23,-17.23,1
8117,ml_baseline_90deg,2026-07-09 23:30:01.544684+05:30,0.0,16.87,-16.87,2
8118,ml_baseline_90deg,2026-07-09 23:30:01.644179+05:30,0.0,16.52,-16.52,2
8119,ml_baseline_90deg,2026-07-09 23:30:01.744392+05:30,0.0,16.17,-16.17,2
8120,ml_baseline_90deg,2026-07-09 23:30:01.845418+05:30,0.0,15.64,-15.64,2
8121,ml_baseline_90deg,2026-07-09 23:30:01.944671+05:30,0.0,15.29,-15.29,2
8122,ml_baseline_90deg,2026-07-09 23:30:02.044379+05:30,0.0,14.94,-14.94,2
8123,ml_baseline_90deg,2026-07-09 23:30:02.145099+05:30,0.0,14.41,-14.41,2
8124,ml_baseline_90deg,2026-07-09 23:30:02.245210+05:30,0.0,14.06,-14.06,2
8125,ml_baseline_90deg,2026-07-09 23:30:02.344798+05:30,0.0,13.71,-13.71,1
8126,ml_baseline_90deg,2026-07-09 23:30:02.444758+05:30,0.0,13.36,-13.36,2
8127,ml_baseline_90deg,2026-07-09 23:30:02.545712+05:30,0.0,13.01,-13.01,2
8128,ml_baseline_90deg,2026-07-09 23:30:02.644908+05:30,0.0,12.48,-12.48,2
8129,ml_baseline_90deg,2026-07-09 23:30:02.747298+05:30,0.0,11.95,-11.95,2
8130,ml_baseline_90deg,2026-07-09 23:30:02.845469+05:30,0.0,11.43,-11.43,2
8131,ml_baseline_90deg,2026-07-09 23:30:02.946290+05:30,0.0,10.9,-10.9,2
8132,ml_baseline_90deg,2026-07-09 23:30:03.044480+05:30,0.0,10.37,-10.37,2
8133,ml_baseline_90deg,2026-07-09 23:30:03.144417+05:30,0.0,9.84,-9.84,2
8134,ml_baseline_90deg,2026-07-09 23:30:03.250177+05:30,0.0,9.32,-9.32,1
8135,ml_baseline_90deg,2026-07-09 23:30:03.343560+05:30,0.0,8.96,-8.96,2
8136,ml_baseline_90deg,2026-07-09 23:30:03.445112+05:30,0.0,8.44,-8.44,2
8137,ml_baseline_90deg,2026-07-09 23:30:03.545426+05:30,0.0,7.91,-7.91,2
8138,ml_baseline_90deg,2026-07-09 23:30:03.644593+05:30,0.0,7.38,-7.38,2
8139,ml_baseline_90deg,2026-07-09 23:30:03.744258+05:30,0.0,6.86,-6.86,2
8140,ml_baseline_90deg,2026-07-09 23:30:03.846760+05:30,0.0,6.5,-6.5,2
8141,ml_baseline_90deg,2026-07-09 23:30:03.945912+05:30,0.0,6.15,-6.15,2
8142,ml_baseline_90deg,2026-07-09 23:30:04.045158+05:30,0.0,5.8,-5.8,2
8143,ml_baseline_90deg,2026-07-09 23:30:04.146882+05:30,0.0,5.45,-5.45,1
8144,ml_baseline_90deg,2026-07-09 23:30:04.245191+05:30,0.0,5.1,-5.1,2
8145,ml_baseline_90deg,2026-07-09 23:30:04.345219+05:30,0.0,4.92,-4.92,1
8146,ml_baseline_90deg,2026-07-09 23:30:04.447019+05:30,0.0,4.75,-4.75,1
8147,ml_baseline_90deg,2026-07-09 23:30:04.550136+05:30,0.0,4.57,-4.57,2
8148,ml_baseline_90deg,2026-07-09 23:30:04.646825+05:30,0.0,4.39,-4.39,1
8149,ml_baseline_90deg,2026-07-09 23:30:04.750339+05:30,0.0,4.04,-4.04,1
8150,ml_baseline_90deg,2026-07-09 23:30:04.845551+05:30,90.0,3.87,86.13,2
8151,ml_baseline_90deg,2026-07-09 23:30:04.945024+05:30,90.0,3.87,86.13,2
8152,ml_baseline_90deg,2026-07-09 23:30:05.045690+05:30,90.0,3.87,86.13,2
8153,ml_baseline_90deg,2026-07-09 23:30:05.144490+05:30,90.0,3.87,86.13,2
8154,ml_baseline_90deg,2026-07-09 23:30:05.245332+05:30,90.0,3.87,86.13,2
8155,ml_baseline_90deg,2026-07-09 23:30:05.346117+05:30,90.0,3.87,86.13,2
8156,ml_baseline_90deg,2026-07-09 23:30:05.445200+05:30,90.0,3.87,86.13,2
8157,ml_baseline_90deg,2026-07-09 23:30:05.545570+05:30,90.0,3.87,86.13,2
8158,ml_baseline_90deg,2026-07-09 23:30:05.645561+05:30,90.0,3.87,86.13,1
8159,ml_baseline_90deg,2026-07-09 23:30:05.746428+05:30,90.0,3.87,86.13,2
8160,ml_baseline_90deg,2026-07-09 23:30:05.845552+05:30,90.0,4.04,85.96,2
8161,ml_baseline_90deg,2026-07-09 23:30:05.945662+05:30,90.0,4.22,85.78,2
8162,ml_baseline_90deg,2026-07-09 23:30:06.046447+05:30,90.0,4.57,85.43,2
8163,ml_baseline_90deg,2026-07-09 23:30:06.145859+05:30,90.0,4.92,85.08,2
8164,ml_baseline_90deg,2026-07-09 23:30:06.246256+05:30,90.0,5.27,84.73,2
8165,ml_baseline_90deg,2026-07-09 23:30:06.346560+05:30,90.0,5.8,84.2,2
8166,ml_baseline_90deg,2026-07-09 23:30:06.445311+05:30,90.0,6.33,83.67,2
8167,ml_baseline_90deg,2026-07-09 23:30:06.547336+05:30,90.0,6.68,83.32,1
8168,ml_baseline_90deg,2026-07-09 23:30:06.650014+05:30,90.0,7.03,82.97,2
8169,ml_baseline_90deg,2026-07-09 23:30:06.745739+05:30,90.0,7.56,82.44,2
8170,ml_baseline_90deg,2026-07-09 23:30:06.846955+05:30,90.0,8.09,81.91,2
8171,ml_baseline_90deg,2026-07-09 23:30:06.947176+05:30,90.0,8.61,81.39,2
8172,ml_baseline_90deg,2026-07-09 23:30:07.047340+05:30,90.0,9.14,80.86,2
8173,ml_baseline_90deg,2026-07-09 23:30:07.147006+05:30,90.0,9.49,80.51,2
8174,ml_baseline_90deg,2026-07-09 23:30:07.246411+05:30,90.0,10.02,79.98,2
8175,ml_baseline_90deg,2026-07-09 23:30:07.345714+05:30,90.0,10.37,79.63,2
8176,ml_baseline_90deg,2026-07-09 23:30:07.447069+05:30,90.0,10.9,79.1,1
8177,ml_baseline_90deg,2026-07-09 23:30:07.545786+05:30,90.0,11.25,78.75,2
8178,ml_baseline_90deg,2026-07-09 23:30:07.646588+05:30,90.0,11.6,78.4,2
8179,ml_baseline_90deg,2026-07-09 23:30:07.745788+05:30,90.0,12.13,77.87,2
8180,ml_baseline_90deg,2026-07-09 23:30:07.847898+05:30,90.0,12.48,77.52,2
8181,ml_baseline_90deg,2026-07-09 23:30:07.946513+05:30,90.0,13.01,76.99,2
8182,ml_baseline_90deg,2026-07-09 23:30:08.045291+05:30,90.0,13.36,76.64,2
8183,ml_baseline_90deg,2026-07-09 23:30:08.144458+05:30,90.0,13.71,76.29,2
8184,ml_baseline_90deg,2026-07-09 23:30:08.244657+05:30,90.0,14.24,75.76,2
8185,ml_baseline_90deg,2026-07-09 23:30:08.345182+05:30,90.0,14.59,75.41,1
8186,ml_baseline_90deg,2026-07-09 23:30:08.445070+05:30,90.0,14.94,75.06,2
8187,ml_baseline_90deg,2026-07-09 23:30:08.545707+05:30,90.0,15.29,74.71,2
8188,ml_baseline_90deg,2026-07-09 23:30:08.646041+05:30,90.0,15.64,74.36,2
8189,ml_baseline_90deg,2026-07-09 23:30:08.747413+05:30,90.0,16.17,73.83,2
8190,ml_baseline_90deg,2026-07-09 23:30:08.846335+05:30,90.0,16.52,73.48,2
8191,ml_baseline_90deg,2026-07-09 23:30:08.945724+05:30,90.0,17.05,72.95,2
8192,ml_baseline_90deg,2026-07-09 23:30:09.046058+05:30,90.0,17.4,72.6,2
8193,ml_baseline_90deg,2026-07-09 23:30:09.144591+05:30,90.0,17.93,72.07,2
8194,ml_baseline_90deg,2026-07-09 23:30:09.244603+05:30,90.0,18.28,71.72,1
8195,ml_baseline_90deg,2026-07-09 23:30:09.347842+05:30,90.0,18.63,71.37,2
8196,ml_baseline_90deg,2026-07-09 23:30:09.444640+05:30,90.0,18.98,71.02,2
8197,ml_baseline_90deg,2026-07-09 23:30:09.545511+05:30,90.0,19.51,70.49,2
8198,ml_baseline_90deg,2026-07-09 23:30:09.645423+05:30,90.0,19.86,70.14,2
8199,ml_baseline_90deg,2026-07-09 23:30:09.748302+05:30,90.0,20.39,69.61,2
8200,ml_baseline_90deg,2026-07-09 23:30:09.846443+05:30,90.0,20.74,69.26,2
8201,ml_baseline_90deg,2026-07-09 23:30:09.945002+05:30,90.0,21.27,68.73,2
8202,ml_baseline_90deg,2026-07-09 23:30:10.045931+05:30,90.0,21.62,68.38,2
8203,ml_baseline_90deg,2026-07-09 23:30:10.145902+05:30,90.0,21.97,68.03,1
8204,ml_baseline_90deg,2026-07-09 23:30:10.248781+05:30,90.0,22.32,67.68,2
8205,ml_baseline_90deg,2026-07-09 23:30:10.345795+05:30,90.0,22.85,67.15,2
8206,ml_baseline_90deg,2026-07-09 23:30:10.445543+05:30,90.0,23.2,66.8,2
8207,ml_baseline_90deg,2026-07-09 23:30:10.545375+05:30,90.0,23.55,66.45,2
8208,ml_baseline_90deg,2026-07-09 23:30:10.646330+05:30,90.0,24.08,65.92,2
8209,ml_baseline_90deg,2026-07-09 23:30:10.745307+05:30,90.0,24.43,65.57,2
8210,ml_baseline_90deg,2026-07-09 23:30:10.846874+05:30,90.0,24.96,65.04,2
8211,ml_baseline_90deg,2026-07-09 23:30:10.948948+05:30,90.0,25.31,64.69,2
8212,ml_baseline_90deg,2026-07-09 23:30:11.047851+05:30,90.0,25.66,64.34,1
8213,ml_baseline_90deg,2026-07-09 23:30:11.145259+05:30,90.0,26.02,63.98,2
8214,ml_baseline_90deg,2026-07-09 23:30:11.245526+05:30,90.0,26.37,63.63,2
8215,ml_baseline_90deg,2026-07-09 23:30:11.345619+05:30,90.0,26.89,63.11,2
8216,ml_baseline_90deg,2026-07-09 23:30:11.446095+05:30,90.0,27.25,62.75,2
8217,ml_baseline_90deg,2026-07-09 23:30:11.546015+05:30,90.0,27.6,62.4,2
8218,ml_baseline_90deg,2026-07-09 23:30:11.645432+05:30,90.0,28.12,61.88,2
8219,ml_baseline_90deg,2026-07-09 23:30:11.745717+05:30,90.0,28.48,61.52,2
8220,ml_baseline_90deg,2026-07-09 23:30:11.844507+05:30,90.0,29.0,61.0,2
8221,ml_baseline_90deg,2026-07-09 23:30:11.944978+05:30,90.0,29.36,60.64,1
8222,ml_baseline_90deg,2026-07-09 23:30:12.046607+05:30,90.0,29.71,60.29,2
8223,ml_baseline_90deg,2026-07-09 23:30:12.146643+05:30,90.0,30.06,59.94,2
8224,ml_baseline_90deg,2026-07-09 23:30:12.246678+05:30,90.0,30.41,59.59,2
8225,ml_baseline_90deg,2026-07-09 23:30:12.345867+05:30,90.0,30.94,59.06,2
8226,ml_baseline_90deg,2026-07-09 23:30:12.445231+05:30,90.0,31.29,58.71,2
8227,ml_baseline_90deg,2026-07-09 23:30:12.545899+05:30,90.0,31.64,58.36,2
8228,ml_baseline_90deg,2026-07-09 23:30:12.646877+05:30,90.0,32.17,57.83,2
8229,ml_baseline_90deg,2026-07-09 23:30:12.745728+05:30,90.0,32.7,57.3,2
8230,ml_baseline_90deg,2026-07-09 23:30:12.847105+05:30,90.0,32.87,57.13,1
8231,ml_baseline_90deg,2026-07-09 23:30:12.946257+05:30,90.0,33.22,56.78,2
8232,ml_baseline_90deg,2026-07-09 23:30:13.046253+05:30,90.0,33.75,56.25,2
8233,ml_baseline_90deg,2026-07-09 23:30:13.146230+05:30,90.0,34.1,55.9,2
8234,ml_baseline_90deg,2026-07-09 23:30:13.248156+05:30,90.0,34.63,55.37,2
8235,ml_baseline_90deg,2026-07-09 23:30:13.346179+05:30,90.0,34.98,55.02,2
8236,ml_baseline_90deg,2026-07-09 23:30:13.445751+05:30,90.0,35.33,54.67,2
8237,ml_baseline_90deg,2026-07-09 23:30:13.544839+05:30,90.0,35.86,54.14,2
8238,ml_baseline_90deg,2026-07-09 23:30:13.644539+05:30,90.0,36.21,53.79,2
8239,ml_baseline_90deg,2026-07-09 23:30:13.744254+05:30,90.0,36.56,53.44,1
8240,ml_baseline_90deg,2026-07-09 23:30:13.844895+05:30,90.0,36.91,53.09,2
8241,ml_baseline_90deg,2026-07-09 23:30:13.946439+05:30,90.0,37.44,52.56,2
8242,ml_baseline_90deg,2026-07-09 23:30:14.046255+05:30,90.0,37.79,52.21,2
8243,ml_baseline_90deg,2026-07-09 23:30:14.146003+05:30,90.0,38.14,51.86,2
8244,ml_baseline_90deg,2026-07-09 23:30:14.246507+05:30,90.0,38.67,51.33,2
8245,ml_baseline_90deg,2026-07-09 23:30:14.347084+05:30,90.0,39.02,50.98,2
8246,ml_baseline_90deg,2026-07-09 23:30:14.446187+05:30,90.0,39.38,50.63,2
8247,ml_baseline_90deg,2026-07-09 23:30:14.547933+05:30,90.0,39.9,50.1,2
8248,ml_baseline_90deg,2026-07-09 23:30:14.644846+05:30,90.0,40.25,49.75,1
8249,ml_baseline_90deg,2026-07-09 23:30:14.745595+05:30,90.0,40.61,49.39,2
8250,ml_baseline_90deg,2026-07-09 23:30:14.847038+05:30,90.0,40.96,49.04,2
8251,ml_baseline_90deg,2026-07-09 23:30:14.947370+05:30,90.0,41.48,48.52,2
8252,ml_baseline_90deg,2026-07-09 23:30:15.043854+05:30,90.0,41.84,48.16,2
8253,ml_baseline_90deg,2026-07-09 23:30:15.146870+05:30,90.0,42.36,47.64,2
8254,ml_baseline_90deg,2026-07-09 23:30:15.246357+05:30,90.0,42.71,47.29,2
8255,ml_baseline_90deg,2026-07-09 23:30:15.345496+05:30,90.0,43.07,46.93,2
8256,ml_baseline_90deg,2026-07-09 23:30:15.445539+05:30,90.0,43.59,46.41,2
8257,ml_baseline_90deg,2026-07-09 23:30:15.547989+05:30,90.0,43.95,46.05,1
8258,ml_baseline_90deg,2026-07-09 23:30:15.645455+05:30,90.0,44.3,45.7,2
8259,ml_baseline_90deg,2026-07-09 23:30:15.744575+05:30,90.0,44.65,45.35,2
8260,ml_baseline_90deg,2026-07-09 23:30:15.846740+05:30,90.0,45.18,44.82,2
8261,ml_baseline_90deg,2026-07-09 23:30:15.945650+05:30,90.0,45.53,44.47,2
8262,ml_baseline_90deg,2026-07-09 23:30:16.045314+05:30,90.0,46.05,43.95,2
8263,ml_baseline_90deg,2026-07-09 23:30:16.145502+05:30,90.0,46.41,43.59,2
8264,ml_baseline_90deg,2026-07-09 23:30:16.246046+05:30,90.0,46.76,43.24,2
8265,ml_baseline_90deg,2026-07-09 23:30:16.345727+05:30,90.0,47.29,42.71,2
8266,ml_baseline_90deg,2026-07-09 23:30:16.444511+05:30,90.0,47.64,42.36,1
8267,ml_baseline_90deg,2026-07-09 23:30:16.545387+05:30,90.0,47.81,42.19,2
8268,ml_baseline_90deg,2026-07-09 23:30:16.645084+05:30,90.0,48.34,41.66,2
8269,ml_baseline_90deg,2026-07-09 23:30:16.746311+05:30,90.0,48.69,41.31,2
8270,ml_baseline_90deg,2026-07-09 23:30:16.846418+05:30,90.0,49.22,40.78,2
8271,ml_baseline_90deg,2026-07-09 23:30:16.944997+05:30,90.0,49.57,40.43,2
8272,ml_baseline_90deg,2026-07-09 23:30:17.043990+05:30,90.0,49.92,40.08,2
8273,ml_baseline_90deg,2026-07-09 23:30:17.145358+05:30,90.0,50.45,39.55,2
8274,ml_baseline_90deg,2026-07-09 23:30:17.246580+05:30,90.0,50.8,39.2,2
8275,ml_baseline_90deg,2026-07-09 23:30:17.348158+05:30,90.0,51.15,38.85,1
8276,ml_baseline_90deg,2026-07-09 23:30:17.446671+05:30,90.0,51.5,38.5,2
8277,ml_baseline_90deg,2026-07-09 23:30:17.549794+05:30,90.0,51.86,38.14,2
8278,ml_baseline_90deg,2026-07-09 23:30:17.646567+05:30,90.0,52.38,37.62,2
8279,ml_baseline_90deg,2026-07-09 23:30:17.745540+05:30,90.0,52.73,37.27,2
8280,ml_baseline_90deg,2026-07-09 23:30:17.844855+05:30,90.0,53.09,36.91,2
8281,ml_baseline_90deg,2026-07-09 23:30:17.945415+05:30,90.0,53.61,36.39,2
8282,ml_baseline_90deg,2026-07-09 23:30:18.045761+05:30,90.0,53.96,36.04,2
8283,ml_baseline_90deg,2026-07-09 23:30:18.147343+05:30,90.0,54.49,35.51,2
8284,ml_baseline_90deg,2026-07-09 23:30:18.244284+05:30,90.0,54.84,35.16,1
8285,ml_baseline_90deg,2026-07-09 23:30:18.346860+05:30,90.0,55.02,34.98,2
8286,ml_baseline_90deg,2026-07-09 23:30:18.446542+05:30,90.0,55.55,34.45,2
8287,ml_baseline_90deg,2026-07-09 23:30:18.545728+05:30,90.0,55.9,34.1,2
8288,ml_baseline_90deg,2026-07-09 23:30:18.646501+05:30,90.0,56.43,33.57,2
8289,ml_baseline_90deg,2026-07-09 23:30:18.747583+05:30,90.0,56.78,33.22,2
8290,ml_baseline_90deg,2026-07-09 23:30:18.846213+05:30,90.0,57.13,32.87,2
8291,ml_baseline_90deg,2026-07-09 23:30:18.945972+05:30,90.0,57.66,32.34,2
8292,ml_baseline_90deg,2026-07-09 23:30:19.045868+05:30,90.0,58.01,31.99,2
8293,ml_baseline_90deg,2026-07-09 23:30:19.145558+05:30,90.0,58.36,31.64,1
8294,ml_baseline_90deg,2026-07-09 23:30:19.245474+05:30,90.0,58.71,31.29,2
8295,ml_baseline_90deg,2026-07-09 23:30:19.345400+05:30,90.0,59.06,30.94,2
8296,ml_baseline_90deg,2026-07-09 23:30:19.446155+05:30,90.0,59.41,30.59,2
8297,ml_baseline_90deg,2026-07-09 23:30:19.546754+05:30,90.0,59.94,30.06,2
8298,ml_baseline_90deg,2026-07-09 23:30:19.646065+05:30,90.0,60.29,29.71,2
8299,ml_baseline_90deg,2026-07-09 23:30:19.745704+05:30,90.0,60.82,29.18,2
8300,ml_baseline_90deg,2026-07-09 23:30:19.846352+05:30,90.0,61.17,28.83,2
8301,ml_baseline_90deg,2026-07-09 23:30:19.944480+05:30,90.0,61.52,28.48,2
8302,ml_baseline_90deg,2026-07-09 23:30:20.045535+05:30,90.0,61.88,28.12,1
8303,ml_baseline_90deg,2026-07-09 23:30:20.147098+05:30,90.0,62.23,27.77,2
8304,ml_baseline_90deg,2026-07-09 23:30:20.246091+05:30,90.0,62.75,27.25,2
8305,ml_baseline_90deg,2026-07-09 23:30:20.349027+05:30,90.0,63.11,26.89,2
8306,ml_baseline_90deg,2026-07-09 23:30:20.445503+05:30,90.0,63.46,26.54,2
8307,ml_baseline_90deg,2026-07-09 23:30:20.547977+05:30,90.0,63.98,26.02,2
8308,ml_baseline_90deg,2026-07-09 23:30:20.645995+05:30,90.0,64.34,25.66,2
8309,ml_baseline_90deg,2026-07-09 23:30:20.745669+05:30,90.0,64.69,25.31,2
8310,ml_baseline_90deg,2026-07-09 23:30:20.845649+05:30,90.0,65.21,24.79,2
8311,ml_baseline_90deg,2026-07-09 23:30:20.946597+05:30,90.0,65.57,24.43,1
8312,ml_baseline_90deg,2026-07-09 23:30:21.046967+05:30,90.0,65.92,24.08,2
8313,ml_baseline_90deg,2026-07-09 23:30:21.146374+05:30,90.0,66.27,23.73,2
8314,ml_baseline_90deg,2026-07-09 23:30:21.245977+05:30,90.0,66.8,23.2,2
8315,ml_baseline_90deg,2026-07-09 23:30:21.345975+05:30,90.0,67.15,22.85,2
8316,ml_baseline_90deg,2026-07-09 23:30:21.448125+05:30,90.0,67.5,22.5,2
8317,ml_baseline_90deg,2026-07-09 23:30:21.545836+05:30,90.0,68.03,21.97,2
8318,ml_baseline_90deg,2026-07-09 23:30:21.646214+05:30,90.0,68.38,21.62,2
8319,ml_baseline_90deg,2026-07-09 23:30:21.745755+05:30,90.0,68.91,21.09,2
8320,ml_baseline_90deg,2026-07-09 23:30:21.847354+05:30,90.0,69.26,20.74,1
8321,ml_baseline_90deg,2026-07-09 23:30:21.945718+05:30,90.0,69.61,20.39,2
8322,ml_baseline_90deg,2026-07-09 23:30:22.045823+05:30,90.0,69.96,20.04,2
8323,ml_baseline_90deg,2026-07-09 23:30:22.145545+05:30,90.0,70.49,19.51,2
8324,ml_baseline_90deg,2026-07-09 23:30:22.246561+05:30,90.0,70.84,19.16,2
8325,ml_baseline_90deg,2026-07-09 23:30:22.344224+05:30,90.0,71.37,18.63,2
8326,ml_baseline_90deg,2026-07-09 23:30:22.445408+05:30,90.0,71.72,18.28,2
8327,ml_baseline_90deg,2026-07-09 23:30:22.547481+05:30,90.0,72.25,17.75,2
8328,ml_baseline_90deg,2026-07-09 23:30:22.647402+05:30,90.0,72.6,17.4,2
8329,ml_baseline_90deg,2026-07-09 23:30:22.745875+05:30,90.0,72.95,17.05,1
8330,ml_baseline_90deg,2026-07-09 23:30:22.847870+05:30,90.0,73.3,16.7,2
8331,ml_baseline_90deg,2026-07-09 23:30:22.947063+05:30,90.0,73.83,16.17,2
8332,ml_baseline_90deg,2026-07-09 23:30:23.046304+05:30,90.0,74.18,15.82,2
8333,ml_baseline_90deg,2026-07-09 23:30:23.145282+05:30,90.0,74.71,15.29,2
8334,ml_baseline_90deg,2026-07-09 23:30:23.246432+05:30,90.0,75.23,14.77,2
8335,ml_baseline_90deg,2026-07-09 23:30:23.345228+05:30,90.0,75.76,14.24,2
8336,ml_baseline_90deg,2026-07-09 23:30:23.445980+05:30,90.0,76.11,13.89,2
8337,ml_baseline_90deg,2026-07-09 23:30:23.546209+05:30,90.0,76.64,13.36,2
8338,ml_baseline_90deg,2026-07-09 23:30:23.646358+05:30,90.0,76.99,13.01,1
8339,ml_baseline_90deg,2026-07-09 23:30:23.748325+05:30,90.0,77.34,12.66,2
8340,ml_baseline_90deg,2026-07-09 23:30:23.846790+05:30,90.0,77.87,12.13,2
8341,ml_baseline_90deg,2026-07-09 23:30:23.945038+05:30,90.0,78.22,11.78,2
8342,ml_baseline_90deg,2026-07-09 23:30:24.045181+05:30,90.0,78.75,11.25,2
8343,ml_baseline_90deg,2026-07-09 23:30:24.145086+05:30,90.0,79.28,10.72,2
8344,ml_baseline_90deg,2026-07-09 23:30:24.244339+05:30,90.0,79.63,10.37,2
8345,ml_baseline_90deg,2026-07-09 23:30:24.345603+05:30,90.0,80.16,9.84,2
8346,ml_baseline_90deg,2026-07-09 23:30:24.445577+05:30,90.0,80.68,9.32,2
8347,ml_baseline_90deg,2026-07-09 23:30:24.545156+05:30,90.0,81.04,8.96,1
8348,ml_baseline_90deg,2026-07-09 23:30:24.646057+05:30,90.0,81.39,8.61,2
8349,ml_baseline_90deg,2026-07-09 23:30:24.745780+05:30,90.0,81.74,8.26,2
8350,ml_baseline_90deg,2026-07-09 23:30:24.846325+05:30,90.0,82.27,7.73,2
8351,ml_baseline_90deg,2026-07-09 23:30:24.946745+05:30,90.0,82.62,7.38,2
8352,ml_baseline_90deg,2026-07-09 23:30:25.045754+05:30,90.0,83.14,6.86,2
8353,ml_baseline_90deg,2026-07-09 23:30:25.145930+05:30,90.0,83.67,6.33,2
8354,ml_baseline_90deg,2026-07-09 23:30:25.245467+05:30,90.0,84.02,5.98,2
8355,ml_baseline_90deg,2026-07-09 23:30:25.345486+05:30,90.0,84.37,5.62,2
8356,ml_baseline_90deg,2026-07-09 23:30:25.445679+05:30,90.0,84.55,5.45,1
8357,ml_baseline_90deg,2026-07-09 23:30:25.548501+05:30,90.0,84.73,5.27,2
8358,ml_baseline_90deg,2026-07-09 23:30:25.645715+05:30,90.0,84.73,5.27,2
8359,ml_baseline_90deg,2026-07-09 23:30:25.745072+05:30,90.0,84.73,5.27,2
8360,ml_baseline_90deg,2026-07-09 23:30:25.849641+05:30,90.0,84.9,5.1,2
8361,ml_baseline_90deg,2026-07-09 23:30:25.946093+05:30,90.0,84.9,5.1,2
8362,ml_baseline_90deg,2026-07-09 23:30:26.045311+05:30,90.0,84.9,5.1,2
8363,ml_baseline_90deg,2026-07-09 23:30:26.149024+05:30,90.0,85.08,4.92,1
8364,ml_baseline_90deg,2026-07-09 23:30:26.247913+05:30,90.0,85.25,4.75,1
8365,ml_baseline_90deg,2026-07-09 23:30:26.346430+05:30,0.0,85.43,-85.43,2
8366,ml_baseline_90deg,2026-07-09 23:30:26.447457+05:30,0.0,85.43,-85.43,2
8367,ml_baseline_90deg,2026-07-09 23:30:26.549006+05:30,0.0,85.43,-85.43,2
8368,ml_baseline_90deg,2026-07-09 23:30:26.646801+05:30,0.0,85.43,-85.43,2
8369,ml_baseline_90deg,2026-07-09 23:30:26.750035+05:30,0.0,85.43,-85.43,2
8370,ml_baseline_90deg,2026-07-09 23:30:26.847265+05:30,0.0,85.43,-85.43,2
8371,ml_baseline_90deg,2026-07-09 23:30:26.945222+05:30,0.0,85.43,-85.43,2
8372,ml_baseline_90deg,2026-07-09 23:30:27.048301+05:30,0.0,85.43,-85.43,2
8373,ml_baseline_90deg,2026-07-09 23:30:27.148132+05:30,0.0,85.25,-85.25,1
8374,ml_baseline_90deg,2026-07-09 23:30:27.248234+05:30,0.0,85.25,-85.25,2
8375,ml_baseline_90deg,2026-07-09 23:30:27.345881+05:30,0.0,85.08,-85.08,2
8376,ml_baseline_90deg,2026-07-09 23:30:27.448178+05:30,0.0,84.9,-84.9,2
8377,ml_baseline_90deg,2026-07-09 23:30:27.545903+05:30,0.0,84.73,-84.73,2
8378,ml_baseline_90deg,2026-07-09 23:30:27.645538+05:30,0.0,84.55,-84.55,2
8379,ml_baseline_90deg,2026-07-09 23:30:27.744879+05:30,0.0,84.2,-84.2,2
8380,ml_baseline_90deg,2026-07-09 23:30:27.845595+05:30,0.0,83.67,-83.67,2
8381,ml_baseline_90deg,2026-07-09 23:30:27.945493+05:30,0.0,83.32,-83.32,2
8382,ml_baseline_90deg,2026-07-09 23:30:28.045200+05:30,0.0,82.79,-82.79,1
8383,ml_baseline_90deg,2026-07-09 23:30:28.146621+05:30,0.0,82.44,-82.44,2
8384,ml_baseline_90deg,2026-07-09 23:30:28.244994+05:30,0.0,81.91,-81.91,2
8385,ml_baseline_90deg,2026-07-09 23:30:28.344574+05:30,0.0,81.39,-81.39,2
8386,ml_baseline_90deg,2026-07-09 23:30:28.444946+05:30,0.0,80.86,-80.86,2
8387,ml_baseline_90deg,2026-07-09 23:30:28.546569+05:30,0.0,80.33,-80.33,2
8388,ml_baseline_90deg,2026-07-09 23:30:28.646560+05:30,0.0,79.98,-79.98,2
8389,ml_baseline_90deg,2026-07-09 23:30:28.746346+05:30,0.0,79.45,-79.45,2
8390,ml_baseline_90deg,2026-07-09 23:30:28.846597+05:30,0.0,78.93,-78.93,2
8391,ml_baseline_90deg,2026-07-09 23:30:28.948048+05:30,0.0,78.4,-78.4,1
8392,ml_baseline_90deg,2026-07-09 23:30:29.045779+05:30,0.0,78.05,-78.05,2
8393,ml_baseline_90deg,2026-07-09 23:30:29.145315+05:30,0.0,77.52,-77.52,2
8394,ml_baseline_90deg,2026-07-09 23:30:29.244959+05:30,0.0,76.99,-76.99,2
8395,ml_baseline_90deg,2026-07-09 23:30:29.344402+05:30,0.0,76.46,-76.46,2
8396,ml_baseline_90deg,2026-07-09 23:30:29.444815+05:30,0.0,76.11,-76.11,2
8397,ml_baseline_90deg,2026-07-09 23:30:29.544491+05:30,0.0,75.59,-75.59,2
8398,ml_baseline_90deg,2026-07-09 23:30:29.645463+05:30,0.0,75.06,-75.06,2
8399,ml_baseline_90deg,2026-07-09 23:30:29.745016+05:30,0.0,74.53,-74.53,2
8400,ml_baseline_90deg,2026-07-09 23:30:29.845838+05:30,0.0,74.18,-74.18,1
8401,ml_baseline_90deg,2026-07-09 23:30:29.945190+05:30,0.0,73.83,-73.83,2
8402,ml_baseline_90deg,2026-07-09 23:30:30.044330+05:30,0.0,73.3,-73.3,2
8403,ml_baseline_90deg,2026-07-09 23:30:30.147752+05:30,0.0,72.77,-72.77,2
8404,ml_baseline_90deg,2026-07-09 23:30:30.245291+05:30,0.0,72.25,-72.25,2
8405,ml_baseline_90deg,2026-07-09 23:30:30.343963+05:30,0.0,71.72,-71.72,2
8406,ml_baseline_90deg,2026-07-09 23:30:30.444169+05:30,0.0,71.37,-71.37,2
8407,ml_baseline_90deg,2026-07-09 23:30:30.545380+05:30,0.0,70.84,-70.84,2
8408,ml_baseline_90deg,2026-07-09 23:30:30.647160+05:30,0.0,70.49,-70.49,2
8409,ml_baseline_90deg,2026-07-09 23:30:30.746611+05:30,0.0,69.96,-69.96,1
8410,ml_baseline_90deg,2026-07-09 23:30:30.845396+05:30,0.0,69.61,-69.61,2
8411,ml_baseline_90deg,2026-07-09 23:30:30.947355+05:30,0.0,69.08,-69.08,2
8412,ml_baseline_90deg,2026-07-09 23:30:31.047494+05:30,0.0,68.55,-68.55,2
8413,ml_baseline_90deg,2026-07-09 23:30:31.148243+05:30,0.0,68.2,-68.2,2
8414,ml_baseline_90deg,2026-07-09 23:30:31.245692+05:30,0.0,67.68,-67.68,2
8415,ml_baseline_90deg,2026-07-09 23:30:31.344567+05:30,0.0,67.15,-67.15,2
8416,ml_baseline_90deg,2026-07-09 23:30:31.444564+05:30,0.0,66.8,-66.8,2
8417,ml_baseline_90deg,2026-07-09 23:30:31.543630+05:30,0.0,66.27,-66.27,2
8418,ml_baseline_90deg,2026-07-09 23:30:31.647104+05:30,0.0,65.92,-65.92,1
8419,ml_baseline_90deg,2026-07-09 23:30:31.745767+05:30,0.0,65.39,-65.39,2
8420,ml_baseline_90deg,2026-07-09 23:30:31.848399+05:30,0.0,65.04,-65.04,2
8421,ml_baseline_90deg,2026-07-09 23:30:31.945746+05:30,0.0,64.51,-64.51,2
8422,ml_baseline_90deg,2026-07-09 23:30:32.047621+05:30,0.0,63.98,-63.98,2
8423,ml_baseline_90deg,2026-07-09 23:30:32.147850+05:30,0.0,63.63,-63.63,2
8424,ml_baseline_90deg,2026-07-09 23:30:32.264004+05:30,0.0,63.11,-63.11,2
8425,ml_baseline_90deg,2026-07-09 23:30:32.344016+05:30,0.0,62.58,-62.58,2
8426,ml_baseline_90deg,2026-07-09 23:30:32.445252+05:30,0.0,62.23,-62.23,2
8427,ml_baseline_90deg,2026-07-09 23:30:32.544529+05:30,0.0,61.88,-61.88,1
8428,ml_baseline_90deg,2026-07-09 23:30:32.645485+05:30,0.0,61.35,-61.35,2
8429,ml_baseline_90deg,2026-07-09 23:30:32.745698+05:30,0.0,61.0,-61.0,2
8430,ml_baseline_90deg,2026-07-09 23:30:32.847222+05:30,0.0,60.47,-60.47,2
8431,ml_baseline_90deg,2026-07-09 23:30:32.946403+05:30,0.0,59.94,-59.94,2
8432,ml_baseline_90deg,2026-07-09 23:30:33.045542+05:30,0.0,59.59,-59.59,2
8433,ml_baseline_90deg,2026-07-09 23:30:33.145924+05:30,0.0,59.06,-59.06,2
8434,ml_baseline_90deg,2026-07-09 23:30:33.245057+05:30,0.0,58.71,-58.71,2
8435,ml_baseline_90deg,2026-07-09 23:30:33.343950+05:30,0.0,58.18,-58.18,2
8436,ml_baseline_90deg,2026-07-09 23:30:33.444022+05:30,0.0,57.83,-57.83,1
8437,ml_baseline_90deg,2026-07-09 23:30:33.544272+05:30,0.0,57.48,-57.48,2
8438,ml_baseline_90deg,2026-07-09 23:30:33.646123+05:30,0.0,56.95,-56.95,2
8439,ml_baseline_90deg,2026-07-09 23:30:33.744192+05:30,0.0,56.43,-56.43,2
8440,ml_baseline_90deg,2026-07-09 23:30:33.845262+05:30,0.0,56.07,-56.07,2
8441,ml_baseline_90deg,2026-07-09 23:30:33.947050+05:30,0.0,55.55,-55.55,2
8442,ml_baseline_90deg,2026-07-09 23:30:34.045588+05:30,0.0,55.2,-55.2,2
8443,ml_baseline_90deg,2026-07-09 23:30:34.145277+05:30,0.0,54.67,-54.67,2
8444,ml_baseline_90deg,2026-07-09 23:30:34.244059+05:30,0.0,54.32,-54.32,2
8445,ml_baseline_90deg,2026-07-09 23:30:34.346170+05:30,0.0,53.79,-53.79,1
8446,ml_baseline_90deg,2026-07-09 23:30:34.445571+05:30,0.0,53.44,-53.44,2
8447,ml_baseline_90deg,2026-07-09 23:30:34.545818+05:30,0.0,52.91,-52.91,2
8448,ml_baseline_90deg,2026-07-09 23:30:34.645416+05:30,0.0,52.56,-52.56,2
8449,ml_baseline_90deg,2026-07-09 23:30:34.746923+05:30,0.0,52.03,-52.03,2
8450,ml_baseline_90deg,2026-07-09 23:30:34.846441+05:30,0.0,51.68,-51.68,2
8451,ml_baseline_90deg,2026-07-09 23:30:34.945975+05:30,0.0,51.15,-51.15,2
8452,ml_baseline_90deg,2026-07-09 23:30:35.047310+05:30,0.0,50.63,-50.63,2
8453,ml_baseline_90deg,2026-07-09 23:30:35.146114+05:30,0.0,50.27,-50.27,2
8454,ml_baseline_90deg,2026-07-09 23:30:35.245029+05:30,0.0,49.92,-49.92,1
8455,ml_baseline_90deg,2026-07-09 23:30:35.345290+05:30,0.0,49.57,-49.57,2
8456,ml_baseline_90deg,2026-07-09 23:30:35.446981+05:30,0.0,49.04,-49.04,2
8457,ml_baseline_90deg,2026-07-09 23:30:35.545072+05:30,0.0,48.52,-48.52,2
8458,ml_baseline_90deg,2026-07-09 23:30:35.646181+05:30,0.0,48.16,-48.16,2
8459,ml_baseline_90deg,2026-07-09 23:30:35.746991+05:30,0.0,47.64,-47.64,2
8460,ml_baseline_90deg,2026-07-09 23:30:35.846642+05:30,0.0,47.11,-47.11,2
8461,ml_baseline_90deg,2026-07-09 23:30:35.948906+05:30,0.0,46.76,-46.76,2
8462,ml_baseline_90deg,2026-07-09 23:30:36.048371+05:30,0.0,46.23,-46.23,2
8463,ml_baseline_90deg,2026-07-09 23:30:36.147814+05:30,0.0,45.88,-45.88,1
8464,ml_baseline_90deg,2026-07-09 23:30:36.245473+05:30,0.0,45.7,-45.7,2
8465,ml_baseline_90deg,2026-07-09 23:30:36.349189+05:30,0.0,45.18,-45.18,2
8466,ml_baseline_90deg,2026-07-09 23:30:36.445974+05:30,0.0,44.65,-44.65,2
8467,ml_baseline_90deg,2026-07-09 23:30:36.545786+05:30,0.0,44.3,-44.3,2
8468,ml_baseline_90deg,2026-07-09 23:30:36.647748+05:30,0.0,43.77,-43.77,2
8469,ml_baseline_90deg,2026-07-09 23:30:36.746945+05:30,0.0,43.24,-43.24,2
8470,ml_baseline_90deg,2026-07-09 23:30:36.846087+05:30,0.0,42.71,-42.71,2
8471,ml_baseline_90deg,2026-07-09 23:30:36.945522+05:30,0.0,42.36,-42.36,2
8472,ml_baseline_90deg,2026-07-09 23:30:37.045340+05:30,0.0,42.01,-42.01,1
8473,ml_baseline_90deg,2026-07-09 23:30:37.146735+05:30,0.0,41.66,-41.66,2
8474,ml_baseline_90deg,2026-07-09 23:30:37.245859+05:30,0.0,41.13,-41.13,2
8475,ml_baseline_90deg,2026-07-09 23:30:37.345833+05:30,0.0,40.78,-40.78,2
8476,ml_baseline_90deg,2026-07-09 23:30:37.449372+05:30,0.0,40.25,-40.25,2
8477,ml_baseline_90deg,2026-07-09 23:30:37.546036+05:30,0.0,39.73,-39.73,2
8478,ml_baseline_90deg,2026-07-09 23:30:37.648093+05:30,0.0,39.38,-39.38,2
8479,ml_baseline_90deg,2026-07-09 23:30:37.748992+05:30,0.0,38.85,-38.85,2
8480,ml_baseline_90deg,2026-07-09 23:30:37.845699+05:30,0.0,38.32,-38.32,2
8481,ml_baseline_90deg,2026-07-09 23:30:37.946281+05:30,0.0,37.97,-37.97,1
8482,ml_baseline_90deg,2026-07-09 23:30:38.047375+05:30,0.0,37.62,-37.62,2
8483,ml_baseline_90deg,2026-07-09 23:30:38.147111+05:30,0.0,37.27,-37.27,2
8484,ml_baseline_90deg,2026-07-09 23:30:38.244678+05:30,0.0,36.91,-36.91,2
8485,ml_baseline_90deg,2026-07-09 23:30:38.344171+05:30,0.0,36.39,-36.39,2
8486,ml_baseline_90deg,2026-07-09 23:30:38.448618+05:30,0.0,36.04,-36.04,2
8487,ml_baseline_90deg,2026-07-09 23:30:38.545859+05:30,0.0,35.51,-35.51,2
8488,ml_baseline_90deg,2026-07-09 23:30:38.646291+05:30,0.0,34.98,-34.98,2
8489,ml_baseline_90deg,2026-07-09 23:30:38.745868+05:30,0.0,34.63,-34.63,2
8490,ml_baseline_90deg,2026-07-09 23:30:38.844460+05:30,0.0,34.28,-34.28,1
8491,ml_baseline_90deg,2026-07-09 23:30:38.944851+05:30,0.0,33.93,-33.93,2
8492,ml_baseline_90deg,2026-07-09 23:30:39.045945+05:30,0.0,33.4,-33.4,2
8493,ml_baseline_90deg,2026-07-09 23:30:39.145552+05:30,0.0,33.05,-33.05,2
8494,ml_baseline_90deg,2026-07-09 23:30:39.246284+05:30,0.0,32.52,-32.52,2
8495,ml_baseline_90deg,2026-07-09 23:30:39.346253+05:30,0.0,32.17,-32.17,2
8496,ml_baseline_90deg,2026-07-09 23:30:39.446612+05:30,0.0,31.64,-31.64,2
8497,ml_baseline_90deg,2026-07-09 23:30:39.544371+05:30,0.0,31.29,-31.29,2
8498,ml_baseline_90deg,2026-07-09 23:30:39.646081+05:30,0.0,30.94,-30.94,2
8499,ml_baseline_90deg,2026-07-09 23:30:39.745076+05:30,0.0,30.41,-30.41,1
8500,ml_baseline_90deg,2026-07-09 23:30:39.847262+05:30,0.0,30.23,-30.23,2
8501,ml_baseline_90deg,2026-07-09 23:30:39.943776+05:30,0.0,29.71,-29.71,2
8502,ml_baseline_90deg,2026-07-09 23:30:40.044515+05:30,0.0,29.36,-29.36,2
8503,ml_baseline_90deg,2026-07-09 23:30:40.144997+05:30,0.0,28.83,-28.83,2
8504,ml_baseline_90deg,2026-07-09 23:30:40.246050+05:30,0.0,28.48,-28.48,2
8505,ml_baseline_90deg,2026-07-09 23:30:40.346577+05:30,0.0,27.95,-27.95,2
8506,ml_baseline_90deg,2026-07-09 23:30:40.448535+05:30,0.0,27.6,-27.6,2
8507,ml_baseline_90deg,2026-07-09 23:30:40.550341+05:30,0.0,27.07,-27.07,2
8508,ml_baseline_90deg,2026-07-09 23:30:40.646851+05:30,0.0,26.72,-26.72,1
8509,ml_baseline_90deg,2026-07-09 23:30:40.746551+05:30,0.0,26.37,-26.37,2
8510,ml_baseline_90deg,2026-07-09 23:30:40.846532+05:30,0.0,26.02,-26.02,2
8511,ml_baseline_90deg,2026-07-09 23:30:40.946462+05:30,0.0,25.49,-25.49,2
8512,ml_baseline_90deg,2026-07-09 23:30:41.046951+05:30,0.0,25.14,-25.14,2
8513,ml_baseline_90deg,2026-07-09 23:30:41.146159+05:30,0.0,24.61,-24.61,2
8514,ml_baseline_90deg,2026-07-09 23:30:41.245174+05:30,0.0,24.26,-24.26,2
8515,ml_baseline_90deg,2026-07-09 23:30:41.347423+05:30,0.0,23.73,-23.73,2
8516,ml_baseline_90deg,2026-07-09 23:30:41.448836+05:30,0.0,23.38,-23.38,2
8517,ml_baseline_90deg,2026-07-09 23:30:41.549885+05:30,0.0,22.85,-22.85,1
8518,ml_baseline_90deg,2026-07-09 23:30:41.645532+05:30,0.0,22.5,-22.5,2
8519,ml_baseline_90deg,2026-07-09 23:30:41.746237+05:30,0.0,21.97,-21.97,2
8520,ml_baseline_90deg,2026-07-09 23:30:41.847249+05:30,0.0,21.62,-21.62,2
8521,ml_baseline_90deg,2026-07-09 23:30:41.946016+05:30,0.0,21.09,-21.09,2
8522,ml_baseline_90deg,2026-07-09 23:30:42.045372+05:30,0.0,20.57,-20.57,2
8523,ml_baseline_90deg,2026-07-09 23:30:42.145986+05:30,0.0,20.21,-20.21,2
8524,ml_baseline_90deg,2026-07-09 23:30:42.246538+05:30,0.0,19.69,-19.69,2
8525,ml_baseline_90deg,2026-07-09 23:30:42.343762+05:30,0.0,19.34,-19.34,2
8526,ml_baseline_90deg,2026-07-09 23:30:42.447134+05:30,0.0,18.98,-18.98,1
8527,ml_baseline_90deg,2026-07-09 23:30:42.548594+05:30,0.0,18.63,-18.63,2
8528,ml_baseline_90deg,2026-07-09 23:30:42.646703+05:30,0.0,18.11,-18.11,2
8529,ml_baseline_90deg,2026-07-09 23:30:42.748783+05:30,0.0,17.58,-17.58,2
8530,ml_baseline_90deg,2026-07-09 23:30:42.846335+05:30,0.0,17.23,-17.23,2
8531,ml_baseline_90deg,2026-07-09 23:30:42.946740+05:30,0.0,16.7,-16.7,2
8532,ml_baseline_90deg,2026-07-09 23:30:43.047495+05:30,0.0,16.17,-16.17,2
8533,ml_baseline_90deg,2026-07-09 23:30:43.146481+05:30,0.0,15.64,-15.64,2
8534,ml_baseline_90deg,2026-07-09 23:30:43.244960+05:30,0.0,15.12,-15.12,2
8535,ml_baseline_90deg,2026-07-09 23:30:43.345592+05:30,0.0,14.77,-14.77,1
8536,ml_baseline_90deg,2026-07-09 23:30:43.445419+05:30,0.0,14.24,-14.24,2
8537,ml_baseline_90deg,2026-07-09 23:30:43.547152+05:30,0.0,13.71,-13.71,2
8538,ml_baseline_90deg,2026-07-09 23:30:43.646192+05:30,0.0,13.36,-13.36,2
8539,ml_baseline_90deg,2026-07-09 23:30:43.746247+05:30,0.0,12.83,-12.83,2
8540,ml_baseline_90deg,2026-07-09 23:30:43.845931+05:30,0.0,12.3,-12.3,2
8541,ml_baseline_90deg,2026-07-09 23:30:43.947975+05:30,0.0,11.78,-11.78,2
8542,ml_baseline_90deg,2026-07-09 23:30:44.045955+05:30,0.0,11.25,-11.25,2
8543,ml_baseline_90deg,2026-07-09 23:30:44.146947+05:30,0.0,10.72,-10.72,2
8544,ml_baseline_90deg,2026-07-09 23:30:44.245074+05:30,0.0,10.2,-10.2,1
8545,ml_baseline_90deg,2026-07-09 23:30:44.345774+05:30,0.0,9.84,-9.84,2
8546,ml_baseline_90deg,2026-07-09 23:30:44.445502+05:30,0.0,9.32,-9.32,2
8547,ml_baseline_90deg,2026-07-09 23:30:44.548741+05:30,0.0,8.79,-8.79,2
8548,ml_baseline_90deg,2026-07-09 23:30:44.644517+05:30,0.0,8.09,-8.09,2
8549,ml_baseline_90deg,2026-07-09 23:30:44.748407+05:30,0.0,7.56,-7.56,2
8550,ml_baseline_90deg,2026-07-09 23:30:44.847311+05:30,0.0,7.03,-7.03,2
8551,ml_baseline_90deg,2026-07-09 23:30:44.946080+05:30,0.0,6.5,-6.5,2
8552,ml_baseline_90deg,2026-07-09 23:30:45.048679+05:30,0.0,5.98,-5.98,2
8553,ml_baseline_90deg,2026-07-09 23:30:45.147845+05:30,0.0,5.62,-5.62,1
8554,ml_baseline_90deg,2026-07-09 23:30:45.246226+05:30,0.0,5.1,-5.1,2
8555,ml_baseline_90deg,2026-07-09 23:30:45.345942+05:30,0.0,4.57,-4.57,1
8556,ml_baseline_90deg,2026-07-09 23:30:45.447459+05:30,0.0,4.22,-4.22,1
8557,ml_baseline_90deg,2026-07-09 23:30:45.545274+05:30,0.0,4.04,-4.04,1
8558,ml_baseline_90deg,2026-07-09 23:30:45.646773+05:30,0.0,3.87,-3.87,1
8559,ml_baseline_90deg,2026-07-09 23:30:45.747661+05:30,90.0,3.87,86.13,2
8560,ml_baseline_90deg,2026-07-09 23:30:45.847405+05:30,90.0,3.87,86.13,2
8561,ml_baseline_90deg,2026-07-09 23:30:45.946032+05:30,90.0,3.87,86.13,2
8562,ml_baseline_90deg,2026-07-09 23:30:46.046779+05:30,90.0,3.87,86.13,2
8563,ml_baseline_90deg,2026-07-09 23:30:46.147102+05:30,90.0,3.87,86.13,2
8564,ml_baseline_90deg,2026-07-09 23:30:46.244138+05:30,90.0,3.87,86.13,2
8565,ml_baseline_90deg,2026-07-09 23:30:46.350358+05:30,90.0,3.87,86.13,2
8566,ml_baseline_90deg,2026-07-09 23:30:46.446534+05:30,90.0,4.04,85.96,2
8567,ml_baseline_90deg,2026-07-09 23:30:46.544845+05:30,90.0,4.22,85.78,1
8568,ml_baseline_90deg,2026-07-09 23:30:46.647042+05:30,90.0,4.22,85.78,2
8569,ml_baseline_90deg,2026-07-09 23:30:46.750170+05:30,90.0,4.39,85.61,2
8570,ml_baseline_90deg,2026-07-09 23:30:46.847612+05:30,90.0,4.75,85.25,2
8571,ml_baseline_90deg,2026-07-09 23:30:46.944599+05:30,90.0,5.1,84.9,2
8572,ml_baseline_90deg,2026-07-09 23:30:47.045749+05:30,90.0,5.62,84.37,2
8573,ml_baseline_90deg,2026-07-09 23:30:47.147566+05:30,90.0,5.98,84.02,2
8574,ml_baseline_90deg,2026-07-09 23:30:47.247031+05:30,90.0,6.5,83.5,2
8575,ml_baseline_90deg,2026-07-09 23:30:47.345705+05:30,90.0,6.86,83.14,2
8576,ml_baseline_90deg,2026-07-09 23:30:47.448942+05:30,90.0,7.38,82.62,1
8577,ml_baseline_90deg,2026-07-09 23:30:47.546154+05:30,90.0,7.73,82.27,2
8578,ml_baseline_90deg,2026-07-09 23:30:47.647340+05:30,90.0,8.26,81.74,2
8579,ml_baseline_90deg,2026-07-09 23:30:47.745790+05:30,90.0,8.79,81.21,2
8580,ml_baseline_90deg,2026-07-09 23:30:47.846552+05:30,90.0,9.32,80.68,2
8581,ml_baseline_90deg,2026-07-09 23:30:47.946227+05:30,90.0,9.84,80.16,2
8582,ml_baseline_90deg,2026-07-09 23:30:48.045301+05:30,90.0,10.2,79.8,2
8583,ml_baseline_90deg,2026-07-09 23:30:48.146525+05:30,90.0,10.72,79.28,2
8584,ml_baseline_90deg,2026-07-09 23:30:48.246372+05:30,90.0,11.07,78.93,2
8585,ml_baseline_90deg,2026-07-09 23:30:48.347517+05:30,90.0,11.6,78.4,1
8586,ml_baseline_90deg,2026-07-09 23:30:48.445304+05:30,90.0,11.95,78.05,2
8587,ml_baseline_90deg,2026-07-09 23:30:48.545743+05:30,90.0,12.3,77.7,2
8588,ml_baseline_90deg,2026-07-09 23:30:48.644572+05:30,90.0,12.83,77.17,2
8589,ml_baseline_90deg,2026-07-09 23:30:48.746659+05:30,90.0,13.36,76.64,2
8590,ml_baseline_90deg,2026-07-09 23:30:48.846363+05:30,90.0,13.89,76.11,2
8591,ml_baseline_90deg,2026-07-09 23:30:48.945327+05:30,90.0,14.24,75.76,2
8592,ml_baseline_90deg,2026-07-09 23:30:49.045906+05:30,90.0,14.77,75.23,2
8593,ml_baseline_90deg,2026-07-09 23:30:49.145718+05:30,90.0,15.29,74.71,2
8594,ml_baseline_90deg,2026-07-09 23:30:49.245277+05:30,90.0,15.64,74.36,1
8595,ml_baseline_90deg,2026-07-09 23:30:49.346082+05:30,90.0,16.0,74.0,2
8596,ml_baseline_90deg,2026-07-09 23:30:49.446499+05:30,90.0,16.35,73.65,2
8597,ml_baseline_90deg,2026-07-09 23:30:49.546002+05:30,90.0,16.87,73.12,2
8598,ml_baseline_90deg,2026-07-09 23:30:49.644867+05:30,90.0,17.23,72.77,2
8599,ml_baseline_90deg,2026-07-09 23:30:49.747208+05:30,90.0,17.75,72.25,2
8600,ml_baseline_90deg,2026-07-09 23:30:49.846523+05:30,90.0,18.11,71.89,2
8601,ml_baseline_90deg,2026-07-09 23:30:49.946489+05:30,90.0,18.63,71.37,2
8602,ml_baseline_90deg,2026-07-09 23:30:50.046461+05:30,90.0,19.16,70.84,2
8603,ml_baseline_90deg,2026-07-09 23:30:50.147714+05:30,90.0,19.51,70.49,1
8604,ml_baseline_90deg,2026-07-09 23:30:50.244491+05:30,90.0,19.86,70.14,2
8605,ml_baseline_90deg,2026-07-09 23:30:50.346019+05:30,90.0,20.21,69.79,2
8606,ml_baseline_90deg,2026-07-09 23:30:50.448993+05:30,90.0,20.74,69.26,2
8607,ml_baseline_90deg,2026-07-09 23:30:50.546899+05:30,90.0,21.09,68.91,2
8608,ml_baseline_90deg,2026-07-09 23:30:50.647276+05:30,90.0,21.62,68.38,2
8609,ml_baseline_90deg,2026-07-09 23:30:50.748310+05:30,90.0,21.97,68.03,2
8610,ml_baseline_90deg,2026-07-09 23:30:50.846761+05:30,90.0,22.5,67.5,2
8611,ml_baseline_90deg,2026-07-09 23:30:50.947227+05:30,90.0,22.85,67.15,2
8612,ml_baseline_90deg,2026-07-09 23:30:51.047657+05:30,90.0,23.2,66.8,1
8613,ml_baseline_90deg,2026-07-09 23:30:51.145934+05:30,90.0,23.55,66.45,2
8614,ml_baseline_90deg,2026-07-09 23:30:51.246897+05:30,90.0,24.08,65.92,2
8615,ml_baseline_90deg,2026-07-09 23:30:51.349982+05:30,90.0,24.43,65.57,2
8616,ml_baseline_90deg,2026-07-09 23:30:51.445234+05:30,90.0,24.96,65.04,2
8617,ml_baseline_90deg,2026-07-09 23:30:51.546285+05:30,90.0,25.31,64.69,2
8618,ml_baseline_90deg,2026-07-09 23:30:51.647852+05:30,90.0,25.66,64.34,2
8619,ml_baseline_90deg,2026-07-09 23:30:51.746363+05:30,90.0,26.19,63.81,2
8620,ml_baseline_90deg,2026-07-09 23:30:51.846570+05:30,90.0,26.54,63.46,2
8621,ml_baseline_90deg,2026-07-09 23:30:51.954228+05:30,90.0,26.89,63.11,1
8622,ml_baseline_90deg,2026-07-09 23:30:52.045022+05:30,90.0,27.25,62.75,2
8623,ml_baseline_90deg,2026-07-09 23:30:52.146976+05:30,90.0,27.6,62.4,2
8624,ml_baseline_90deg,2026-07-09 23:30:52.248079+05:30,90.0,28.12,61.88,2
8625,ml_baseline_90deg,2026-07-09 23:30:52.347947+05:30,90.0,28.48,61.52,2
8626,ml_baseline_90deg,2026-07-09 23:30:52.449089+05:30,90.0,28.83,61.17,2
8627,ml_baseline_90deg,2026-07-09 23:30:52.545760+05:30,90.0,29.36,60.64,2
8628,ml_baseline_90deg,2026-07-09 23:30:52.647894+05:30,90.0,29.71,60.29,2
8629,ml_baseline_90deg,2026-07-09 23:30:52.747995+05:30,90.0,30.23,59.77,2
8630,ml_baseline_90deg,2026-07-09 23:30:52.849116+05:30,90.0,30.59,59.41,1
8631,ml_baseline_90deg,2026-07-09 23:30:52.946392+05:30,90.0,30.76,59.24,2
8632,ml_baseline_90deg,2026-07-09 23:30:53.047964+05:30,90.0,31.29,58.71,2
8633,ml_baseline_90deg,2026-07-09 23:30:53.146039+05:30,90.0,31.64,58.36,2
8634,ml_baseline_90deg,2026-07-09 23:30:53.246038+05:30,90.0,32.17,57.83,2
8635,ml_baseline_90deg,2026-07-09 23:30:53.349560+05:30,90.0,32.52,57.48,2
8636,ml_baseline_90deg,2026-07-09 23:30:53.448773+05:30,90.0,33.05,56.95,2
8637,ml_baseline_90deg,2026-07-09 23:30:53.548457+05:30,90.0,33.4,56.6,2
8638,ml_baseline_90deg,2026-07-09 23:30:53.646451+05:30,90.0,33.93,56.07,2
8639,ml_baseline_90deg,2026-07-09 23:30:53.748437+05:30,90.0,34.28,55.72,1
8640,ml_baseline_90deg,2026-07-09 23:30:53.846187+05:30,90.0,34.45,55.55,2
8641,ml_baseline_90deg,2026-07-09 23:30:53.945745+05:30,90.0,34.98,55.02,2
8642,ml_baseline_90deg,2026-07-09 23:30:54.046260+05:30,90.0,35.33,54.67,2
8643,ml_baseline_90deg,2026-07-09 23:30:54.146631+05:30,90.0,35.86,54.14,2
8644,ml_baseline_90deg,2026-07-09 23:30:54.244868+05:30,90.0,36.21,53.79,2
8645,ml_baseline_90deg,2026-07-09 23:30:54.352499+05:30,90.0,36.74,53.26,2
8646,ml_baseline_90deg,2026-07-09 23:30:54.446082+05:30,90.0,37.09,52.91,2
8647,ml_baseline_90deg,2026-07-09 23:30:54.544673+05:30,90.0,37.44,52.56,2
8648,ml_baseline_90deg,2026-07-09 23:30:54.646587+05:30,90.0,37.79,52.21,1
8649,ml_baseline_90deg,2026-07-09 23:30:54.744136+05:30,90.0,38.14,51.86,2
8650,ml_baseline_90deg,2026-07-09 23:30:54.845346+05:30,90.0,38.5,51.5,2
8651,ml_baseline_90deg,2026-07-09 23:30:54.948147+05:30,90.0,38.85,51.15,2
8652,ml_baseline_90deg,2026-07-09 23:30:55.047838+05:30,90.0,39.38,50.63,2
8653,ml_baseline_90deg,2026-07-09 23:30:55.147155+05:30,90.0,39.73,50.27,2
8654,ml_baseline_90deg,2026-07-09 23:30:55.246343+05:30,90.0,40.08,49.92,2
8655,ml_baseline_90deg,2026-07-09 23:30:55.347749+05:30,90.0,40.61,49.39,2
8656,ml_baseline_90deg,2026-07-09 23:30:55.447064+05:30,90.0,40.96,49.04,2
8657,ml_baseline_90deg,2026-07-09 23:30:55.550022+05:30,90.0,41.31,48.69,1
8658,ml_baseline_90deg,2026-07-09 23:30:55.646484+05:30,90.0,41.66,48.34,2
8659,ml_baseline_90deg,2026-07-09 23:30:55.753781+05:30,90.0,42.01,47.99,2
8660,ml_baseline_90deg,2026-07-09 23:30:55.845471+05:30,90.0,42.54,47.46,2
8661,ml_baseline_90deg,2026-07-09 23:30:55.945806+05:30,90.0,42.89,47.11,2
8662,ml_baseline_90deg,2026-07-09 23:30:56.045175+05:30,90.0,43.24,46.76,2
8663,ml_baseline_90deg,2026-07-09 23:30:56.149490+05:30,90.0,43.77,46.23,2
8664,ml_baseline_90deg,2026-07-09 23:30:56.244806+05:30,90.0,44.12,45.88,2
8665,ml_baseline_90deg,2026-07-09 23:30:56.346803+05:30,90.0,44.65,45.35,2
8666,ml_baseline_90deg,2026-07-09 23:30:56.446963+05:30,90.0,45.0,45.0,1
8667,ml_baseline_90deg,2026-07-09 23:30:56.546223+05:30,90.0,45.18,44.82,2
8668,ml_baseline_90deg,2026-07-09 23:30:56.644971+05:30,90.0,45.7,44.3,2
8669,ml_baseline_90deg,2026-07-09 23:30:56.746873+05:30,90.0,46.05,43.95,2
8670,ml_baseline_90deg,2026-07-09 23:30:56.845982+05:30,90.0,46.58,43.42,2
8671,ml_baseline_90deg,2026-07-09 23:30:56.948972+05:30,90.0,46.93,43.07,2
8672,ml_baseline_90deg,2026-07-09 23:30:57.045282+05:30,90.0,47.29,42.71,2
8673,ml_baseline_90deg,2026-07-09 23:30:57.147572+05:30,90.0,47.64,42.36,2
8674,ml_baseline_90deg,2026-07-09 23:30:57.244685+05:30,90.0,48.16,41.84,2
8675,ml_baseline_90deg,2026-07-09 23:30:57.346049+05:30,90.0,48.52,41.48,1
8676,ml_baseline_90deg,2026-07-09 23:30:57.446597+05:30,90.0,48.69,41.31,2
8677,ml_baseline_90deg,2026-07-09 23:30:57.546414+05:30,90.0,49.22,40.78,2
8678,ml_baseline_90deg,2026-07-09 23:30:57.646142+05:30,90.0,49.57,40.43,2
8679,ml_baseline_90deg,2026-07-09 23:30:57.747762+05:30,90.0,49.92,40.08,2
8680,ml_baseline_90deg,2026-07-09 23:30:57.846645+05:30,90.0,50.45,39.55,2
8681,ml_baseline_90deg,2026-07-09 23:30:57.945531+05:30,90.0,50.8,39.2,2
8682,ml_baseline_90deg,2026-07-09 23:30:58.046720+05:30,90.0,51.15,38.85,2
8683,ml_baseline_90deg,2026-07-09 23:30:58.146997+05:30,90.0,51.68,38.32,2
8684,ml_baseline_90deg,2026-07-09 23:30:58.244425+05:30,90.0,52.03,37.97,1
8685,ml_baseline_90deg,2026-07-09 23:30:58.346685+05:30,90.0,52.21,37.79,2
8686,ml_baseline_90deg,2026-07-09 23:30:58.445931+05:30,90.0,52.73,37.27,2
8687,ml_baseline_90deg,2026-07-09 23:30:58.549407+05:30,90.0,53.09,36.91,2
8688,ml_baseline_90deg,2026-07-09 23:30:58.645781+05:30,90.0,53.44,36.56,2
8689,ml_baseline_90deg,2026-07-09 23:30:58.749812+05:30,90.0,53.96,36.04,2
8690,ml_baseline_90deg,2026-07-09 23:30:58.846159+05:30,90.0,54.32,35.68,2
8691,ml_baseline_90deg,2026-07-09 23:30:58.947130+05:30,90.0,54.67,35.33,2
8692,ml_baseline_90deg,2026-07-09 23:30:59.046287+05:30,90.0,55.2,34.8,2
8693,ml_baseline_90deg,2026-07-09 23:30:59.146257+05:30,90.0,55.55,34.45,1
8694,ml_baseline_90deg,2026-07-09 23:30:59.245118+05:30,90.0,55.9,34.1,2
8695,ml_baseline_90deg,2026-07-09 23:30:59.345559+05:30,90.0,56.25,33.75,2
8696,ml_baseline_90deg,2026-07-09 23:30:59.445607+05:30,90.0,56.78,33.22,2
8697,ml_baseline_90deg,2026-07-09 23:30:59.546426+05:30,90.0,57.13,32.87,2
8698,ml_baseline_90deg,2026-07-09 23:30:59.646874+05:30,90.0,57.48,32.52,2
8699,ml_baseline_90deg,2026-07-09 23:30:59.746212+05:30,90.0,57.83,32.17,2
8700,ml_baseline_90deg,2026-07-09 23:30:59.848923+05:30,90.0,58.36,31.64,2
8701,ml_baseline_90deg,2026-07-09 23:30:59.945995+05:30,90.0,58.71,31.29,2
8702,ml_baseline_90deg,2026-07-09 23:31:00.048635+05:30,90.0,59.06,30.94,1
8703,ml_baseline_90deg,2026-07-09 23:31:00.147791+05:30,90.0,59.41,30.59,2
8704,ml_baseline_90deg,2026-07-09 23:31:00.244147+05:30,90.0,59.77,30.23,2
8705,ml_baseline_90deg,2026-07-09 23:31:00.347686+05:30,90.0,60.29,29.71,2
8706,ml_baseline_90deg,2026-07-09 23:31:00.448439+05:30,90.0,60.64,29.36,2
8707,ml_baseline_90deg,2026-07-09 23:31:00.548172+05:30,90.0,61.0,29.0,2
8708,ml_baseline_90deg,2026-07-09 23:31:00.646932+05:30,90.0,61.52,28.48,2
8709,ml_baseline_90deg,2026-07-09 23:31:00.747492+05:30,90.0,61.88,28.12,2
8710,ml_baseline_90deg,2026-07-09 23:31:00.847481+05:30,90.0,62.23,27.77,2
8711,ml_baseline_90deg,2026-07-09 23:31:00.946079+05:30,90.0,62.58,27.42,1
8712,ml_baseline_90deg,2026-07-09 23:31:01.049720+05:30,90.0,62.93,27.07,2
8713,ml_baseline_90deg,2026-07-09 23:31:01.146499+05:30,90.0,63.28,26.72,2
8714,ml_baseline_90deg,2026-07-09 23:31:01.245075+05:30,90.0,63.81,26.19,2
8715,ml_baseline_90deg,2026-07-09 23:31:01.344166+05:30,90.0,64.16,25.84,2
8716,ml_baseline_90deg,2026-07-09 23:31:01.447086+05:30,90.0,64.51,25.49,2
8717,ml_baseline_90deg,2026-07-09 23:31:01.546203+05:30,90.0,65.04,24.96,2
8718,ml_baseline_90deg,2026-07-09 23:31:01.645658+05:30,90.0,65.39,24.61,2
8719,ml_baseline_90deg,2026-07-09 23:31:01.746667+05:30,90.0,65.92,24.08,2
8720,ml_baseline_90deg,2026-07-09 23:31:01.847046+05:30,90.0,66.27,23.73,1
8721,ml_baseline_90deg,2026-07-09 23:31:01.945970+05:30,90.0,66.45,23.55,2
8722,ml_baseline_90deg,2026-07-09 23:31:02.049326+05:30,90.0,66.97,23.03,2
8723,ml_baseline_90deg,2026-07-09 23:31:02.145795+05:30,90.0,67.32,22.68,2
8724,ml_baseline_90deg,2026-07-09 23:31:02.246461+05:30,90.0,67.85,22.15,2
8725,ml_baseline_90deg,2026-07-09 23:31:02.348341+05:30,90.0,68.2,21.8,2
8726,ml_baseline_90deg,2026-07-09 23:31:02.445429+05:30,90.0,68.73,21.27,2
8727,ml_baseline_90deg,2026-07-09 23:31:02.547159+05:30,90.0,69.08,20.92,2
8728,ml_baseline_90deg,2026-07-09 23:31:02.645036+05:30,90.0,69.61,20.39,2
8729,ml_baseline_90deg,2026-07-09 23:31:02.747589+05:30,90.0,69.96,20.04,1
8730,ml_baseline_90deg,2026-07-09 23:31:02.845486+05:30,90.0,70.14,19.86,2
8731,ml_baseline_90deg,2026-07-09 23:31:02.946724+05:30,90.0,70.66,19.34,2
8732,ml_baseline_90deg,2026-07-09 23:31:03.047618+05:30,90.0,71.02,18.98,2
8733,ml_baseline_90deg,2026-07-09 23:31:03.148361+05:30,90.0,71.54,18.46,2
8734,ml_baseline_90deg,2026-07-09 23:31:03.246770+05:30,90.0,71.89,18.11,2
8735,ml_baseline_90deg,2026-07-09 23:31:03.347688+05:30,90.0,72.42,17.58,2
8736,ml_baseline_90deg,2026-07-09 23:31:03.446857+05:30,90.0,72.77,17.23,2
8737,ml_baseline_90deg,2026-07-09 23:31:03.545904+05:30,90.0,73.3,16.7,2
8738,ml_baseline_90deg,2026-07-09 23:31:03.645782+05:30,90.0,73.65,16.35,1
8739,ml_baseline_90deg,2026-07-09 23:31:03.746340+05:30,90.0,74.0,16.0,2
8740,ml_baseline_90deg,2026-07-09 23:31:03.845594+05:30,90.0,74.36,15.64,2
8741,ml_baseline_90deg,2026-07-09 23:31:03.946371+05:30,90.0,74.88,15.12,2
8742,ml_baseline_90deg,2026-07-09 23:31:04.045500+05:30,90.0,75.23,14.77,2
8743,ml_baseline_90deg,2026-07-09 23:31:04.146054+05:30,90.0,75.76,14.24,2
8744,ml_baseline_90deg,2026-07-09 23:31:04.246336+05:30,90.0,76.11,13.89,2
8745,ml_baseline_90deg,2026-07-09 23:31:04.346197+05:30,90.0,76.64,13.36,2
8746,ml_baseline_90deg,2026-07-09 23:31:04.446469+05:30,90.0,77.17,12.83,2
8747,ml_baseline_90deg,2026-07-09 23:31:04.545729+05:30,90.0,77.52,12.48,1
8748,ml_baseline_90deg,2026-07-09 23:31:04.646281+05:30,90.0,77.87,12.13,2
8749,ml_baseline_90deg,2026-07-09 23:31:04.747474+05:30,90.0,78.22,11.78,2
8750,ml_baseline_90deg,2026-07-09 23:31:04.847228+05:30,90.0,78.75,11.25,2
8751,ml_baseline_90deg,2026-07-09 23:31:04.944466+05:30,90.0,79.28,10.72,2
8752,ml_baseline_90deg,2026-07-09 23:31:05.045505+05:30,90.0,79.8,10.2,2
8753,ml_baseline_90deg,2026-07-09 23:31:05.152828+05:30,90.0,80.33,9.67,2
8754,ml_baseline_90deg,2026-07-09 23:31:05.245919+05:30,90.0,80.68,9.32,2
8755,ml_baseline_90deg,2026-07-09 23:31:05.346954+05:30,90.0,81.21,8.79,2
8756,ml_baseline_90deg,2026-07-09 23:31:05.446500+05:30,90.0,81.56,8.44,1
8757,ml_baseline_90deg,2026-07-09 23:31:05.546635+05:30,90.0,82.09,7.91,2
8758,ml_baseline_90deg,2026-07-09 23:31:05.645914+05:30,90.0,82.44,7.56,2
8759,ml_baseline_90deg,2026-07-09 23:31:05.746426+05:30,90.0,82.97,7.03,2
8760,ml_baseline_90deg,2026-07-09 23:31:05.846987+05:30,90.0,83.5,6.5,2
8761,ml_baseline_90deg,2026-07-09 23:31:05.946632+05:30,90.0,84.02,5.98,2
8762,ml_baseline_90deg,2026-07-09 23:31:06.044897+05:30,90.0,84.37,5.62,2
8763,ml_baseline_90deg,2026-07-09 23:31:06.145840+05:30,90.0,84.9,5.1,2
8764,ml_baseline_90deg,2026-07-09 23:31:06.246556+05:30,90.0,85.25,4.75,1
8765,ml_baseline_90deg,2026-07-09 23:31:06.352370+05:30,90.0,85.61,4.39,1
8766,ml_baseline_90deg,2026-07-09 23:31:06.446426+05:30,90.0,85.78,4.22,1
8767,ml_baseline_90deg,2026-07-09 23:31:06.553036+05:30,90.0,86.13,3.87,1
8768,ml_baseline_90deg,2026-07-09 23:31:06.645836+05:30,90.0,86.31,3.69,2
8769,ml_baseline_90deg,2026-07-09 23:31:06.750478+05:30,90.0,86.48,3.52,1
8770,ml_baseline_90deg,2026-07-09 23:31:06.849859+05:30,90.0,86.84,3.16,1
8771,ml_baseline_90deg,2026-07-09 23:31:06.952384+05:30,90.0,87.01,2.99,1
8772,ml_baseline_90deg,2026-07-09 23:31:07.047226+05:30,90.0,87.36,2.64,1
8773,ml_baseline_90deg,2026-07-09 23:31:07.147233+05:30,90.0,87.54,2.46,2
8774,ml_baseline_90deg,2026-07-09 23:31:07.244834+05:30,0.0,87.71,-87.71,2
8775,ml_baseline_90deg,2026-07-09 23:31:07.346080+05:30,0.0,87.71,-87.71,2
8776,ml_baseline_90deg,2026-07-09 23:31:07.448972+05:30,0.0,87.71,-87.71,2
8777,ml_baseline_90deg,2026-07-09 23:31:07.545466+05:30,0.0,87.71,-87.71,2
8778,ml_baseline_90deg,2026-07-09 23:31:07.647186+05:30,0.0,87.71,-87.71,2
8779,ml_baseline_90deg,2026-07-09 23:31:07.747030+05:30,0.0,87.71,-87.71,2
8780,ml_baseline_90deg,2026-07-09 23:31:07.845991+05:30,0.0,87.71,-87.71,2
8781,ml_baseline_90deg,2026-07-09 23:31:07.944951+05:30,0.0,87.71,-87.71,2
8782,ml_baseline_90deg,2026-07-09 23:31:08.045430+05:30,0.0,87.71,-87.71,1
8783,ml_baseline_90deg,2026-07-09 23:31:08.146020+05:30,0.0,87.54,-87.54,2
8784,ml_baseline_90deg,2026-07-09 23:31:08.247266+05:30,0.0,87.54,-87.54,2
8785,ml_baseline_90deg,2026-07-09 23:31:08.345556+05:30,0.0,87.36,-87.36,2
8786,ml_baseline_90deg,2026-07-09 23:31:08.447253+05:30,0.0,87.19,-87.19,2
8787,ml_baseline_90deg,2026-07-09 23:31:08.546455+05:30,0.0,86.84,-86.84,2
8788,ml_baseline_90deg,2026-07-09 23:31:08.646468+05:30,0.0,86.66,-86.66,2
8789,ml_baseline_90deg,2026-07-09 23:31:08.749761+05:30,0.0,86.31,-86.31,2
8790,ml_baseline_90deg,2026-07-09 23:31:08.846548+05:30,0.0,85.78,-85.78,2
8791,ml_baseline_90deg,2026-07-09 23:31:08.946694+05:30,0.0,85.25,-85.25,1
8792,ml_baseline_90deg,2026-07-09 23:31:09.048482+05:30,0.0,84.9,-84.9,2
8793,ml_baseline_90deg,2026-07-09 23:31:09.146225+05:30,0.0,84.37,-84.37,2
8794,ml_baseline_90deg,2026-07-09 23:31:09.248082+05:30,0.0,83.85,-83.85,2
8795,ml_baseline_90deg,2026-07-09 23:31:09.345922+05:30,0.0,83.5,-83.5,2
8796,ml_baseline_90deg,2026-07-09 23:31:09.445719+05:30,0.0,82.97,-82.97,2
8797,ml_baseline_90deg,2026-07-09 23:31:09.547918+05:30,0.0,82.44,-82.44,2
8798,ml_baseline_90deg,2026-07-09 23:31:09.648587+05:30,0.0,81.91,-81.91,2
8799,ml_baseline_90deg,2026-07-09 23:31:09.746175+05:30,0.0,81.39,-81.39,2
8800,ml_baseline_90deg,2026-07-09 23:31:09.847145+05:30,0.0,81.04,-81.04,1
8801,ml_baseline_90deg,2026-07-09 23:31:09.947631+05:30,0.0,80.51,-80.51,2
8802,ml_baseline_90deg,2026-07-09 23:31:10.046808+05:30,0.0,79.98,-79.98,2
8803,ml_baseline_90deg,2026-07-09 23:31:10.150105+05:30,0.0,79.45,-79.45,2
8804,ml_baseline_90deg,2026-07-09 23:31:10.246087+05:30,0.0,78.93,-78.93,2
8805,ml_baseline_90deg,2026-07-09 23:31:10.346758+05:30,0.0,78.57,-78.57,2
8806,ml_baseline_90deg,2026-07-09 23:31:10.448839+05:30,0.0,78.05,-78.05,2
8807,ml_baseline_90deg,2026-07-09 23:31:10.545901+05:30,0.0,77.52,-77.52,2
8808,ml_baseline_90deg,2026-07-09 23:31:10.646134+05:30,0.0,76.99,-76.99,2
8809,ml_baseline_90deg,2026-07-09 23:31:10.746117+05:30,0.0,76.46,-76.46,1
8810,ml_baseline_90deg,2026-07-09 23:31:10.846857+05:30,0.0,76.11,-76.11,2
8811,ml_baseline_90deg,2026-07-09 23:31:10.947021+05:30,0.0,75.76,-75.76,2
8812,ml_baseline_90deg,2026-07-09 23:31:11.046222+05:30,0.0,75.23,-75.23,2
8813,ml_baseline_90deg,2026-07-09 23:31:11.146425+05:30,0.0,74.71,-74.71,2
8814,ml_baseline_90deg,2026-07-09 23:31:11.245893+05:30,0.0,74.18,-74.18,2
8815,ml_baseline_90deg,2026-07-09 23:31:11.344363+05:30,0.0,73.65,-73.65,2
8816,ml_baseline_90deg,2026-07-09 23:31:11.446267+05:30,0.0,73.3,-73.3,2
8817,ml_baseline_90deg,2026-07-09 23:31:11.544386+05:30,0.0,72.77,-72.77,2
8818,ml_baseline_90deg,2026-07-09 23:31:11.646115+05:30,0.0,72.25,-72.25,1
8819,ml_baseline_90deg,2026-07-09 23:31:11.745903+05:30,0.0,71.89,-71.89,2
8820,ml_baseline_90deg,2026-07-09 23:31:11.845984+05:30,0.0,71.54,-71.54,2
8821,ml_baseline_90deg,2026-07-09 23:31:11.945434+05:30,0.0,71.02,-71.02,2
8822,ml_baseline_90deg,2026-07-09 23:31:12.045027+05:30,0.0,70.49,-70.49,2
8823,ml_baseline_90deg,2026-07-09 23:31:12.148262+05:30,0.0,69.96,-69.96,2
8824,ml_baseline_90deg,2026-07-09 23:31:12.244208+05:30,0.0,69.61,-69.61,2
8825,ml_baseline_90deg,2026-07-09 23:31:12.346102+05:30,0.0,69.08,-69.08,2
8826,ml_baseline_90deg,2026-07-09 23:31:12.447901+05:30,0.0,68.55,-68.55,2
8827,ml_baseline_90deg,2026-07-09 23:31:12.548937+05:30,0.0,68.2,-68.2,1
8828,ml_baseline_90deg,2026-07-09 23:31:12.645399+05:30,0.0,67.85,-67.85,2
8829,ml_baseline_90deg,2026-07-09 23:31:12.746427+05:30,0.0,67.32,-67.32,2
8830,ml_baseline_90deg,2026-07-09 23:31:12.847149+05:30,0.0,66.97,-66.97,2
8831,ml_baseline_90deg,2026-07-09 23:31:12.946698+05:30,0.0,66.45,-66.45,2
8832,ml_baseline_90deg,2026-07-09 23:31:13.050925+05:30,0.0,65.92,-65.92,2
8833,ml_baseline_90deg,2026-07-09 23:31:13.146249+05:30,0.0,65.57,-65.57,2
8834,ml_baseline_90deg,2026-07-09 23:31:13.248160+05:30,0.0,65.04,-65.04,2
8835,ml_baseline_90deg,2026-07-09 23:31:13.348263+05:30,0.0,64.51,-64.51,2
8836,ml_baseline_90deg,2026-07-09 23:31:13.447567+05:30,0.0,64.16,-64.16,1
8837,ml_baseline_90deg,2026-07-09 23:31:13.547122+05:30,0.0,63.81,-63.81,2
8838,ml_baseline_90deg,2026-07-09 23:31:13.648495+05:30,0.0,63.28,-63.28,2
8839,ml_baseline_90deg,2026-07-09 23:31:13.746942+05:30,0.0,62.75,-62.75,2
8840,ml_baseline_90deg,2026-07-09 23:31:13.846127+05:30,0.0,62.4,-62.4,2
8841,ml_baseline_90deg,2026-07-09 23:31:13.945825+05:30,0.0,61.88,-61.88,2
8842,ml_baseline_90deg,2026-07-09 23:31:14.046463+05:30,0.0,61.35,-61.35,2
8843,ml_baseline_90deg,2026-07-09 23:31:14.146255+05:30,0.0,61.0,-61.0,2
8844,ml_baseline_90deg,2026-07-09 23:31:14.246861+05:30,0.0,60.47,-60.47,2
8845,ml_baseline_90deg,2026-07-09 23:31:14.346856+05:30,0.0,59.94,-59.94,1
8846,ml_baseline_90deg,2026-07-09 23:31:14.447506+05:30,0.0,59.59,-59.59,2
8847,ml_baseline_90deg,2026-07-09 23:31:14.547398+05:30,0.0,59.24,-59.24,2
8848,ml_baseline_90deg,2026-07-09 23:31:14.648987+05:30,0.0,58.71,-58.71,2
8849,ml_baseline_90deg,2026-07-09 23:31:14.746292+05:30,0.0,58.36,-58.36,2
8850,ml_baseline_90deg,2026-07-09 23:31:14.846007+05:30,0.0,57.83,-57.83,2
8851,ml_baseline_90deg,2026-07-09 23:31:14.947471+05:30,0.0,57.48,-57.48,2
8852,ml_baseline_90deg,2026-07-09 23:31:15.046771+05:30,0.0,56.95,-56.95,2
8853,ml_baseline_90deg,2026-07-09 23:31:15.149009+05:30,0.0,56.6,-56.6,2
8854,ml_baseline_90deg,2026-07-09 23:31:15.246212+05:30,0.0,56.07,-56.07,1
8855,ml_baseline_90deg,2026-07-09 23:31:15.347876+05:30,0.0,55.72,-55.72,2
8856,ml_baseline_90deg,2026-07-09 23:31:15.446609+05:30,0.0,55.2,-55.2,2
8857,ml_baseline_90deg,2026-07-09 23:31:15.548430+05:30,0.0,54.84,-54.84,2
8858,ml_baseline_90deg,2026-07-09 23:31:15.649056+05:30,0.0,54.32,-54.32,2
8859,ml_baseline_90deg,2026-07-09 23:31:15.747390+05:30,0.0,53.96,-53.96,2
8860,ml_baseline_90deg,2026-07-09 23:31:15.846916+05:30,0.0,53.44,-53.44,2
8861,ml_baseline_90deg,2026-07-09 23:31:15.945343+05:30,0.0,52.91,-52.91,2
8862,ml_baseline_90deg,2026-07-09 23:31:16.046207+05:30,0.0,52.38,-52.38,2
8863,ml_baseline_90deg,2026-07-09 23:31:16.145636+05:30,0.0,52.03,-52.03,1
8864,ml_baseline_90deg,2026-07-09 23:31:16.243746+05:30,0.0,51.68,-51.68,2
8865,ml_baseline_90deg,2026-07-09 23:31:16.346478+05:30,0.0,51.15,-51.15,2
8866,ml_baseline_90deg,2026-07-09 23:31:16.445973+05:30,0.0,50.8,-50.8,2
8867,ml_baseline_90deg,2026-07-09 23:31:16.547126+05:30,0.0,50.27,-50.27,2
8868,ml_baseline_90deg,2026-07-09 23:31:16.647212+05:30,0.0,49.92,-49.92,2
8869,ml_baseline_90deg,2026-07-09 23:31:16.746410+05:30,0.0,49.39,-49.39,2
8870,ml_baseline_90deg,2026-07-09 23:31:16.847189+05:30,0.0,48.87,-48.87,2
8871,ml_baseline_90deg,2026-07-09 23:31:16.946554+05:30,0.0,48.52,-48.52,2
8872,ml_baseline_90deg,2026-07-09 23:31:17.046242+05:30,0.0,47.99,-47.99,1
8873,ml_baseline_90deg,2026-07-09 23:31:17.145775+05:30,0.0,47.64,-47.64,2
8874,ml_baseline_90deg,2026-07-09 23:31:17.245717+05:30,0.0,47.11,-47.11,2
8875,ml_baseline_90deg,2026-07-09 23:31:17.347957+05:30,0.0,46.76,-46.76,2
8876,ml_baseline_90deg,2026-07-09 23:31:17.447428+05:30,0.0,46.23,-46.23,2
8877,ml_baseline_90deg,2026-07-09 23:31:17.547220+05:30,0.0,45.88,-45.88,2
8878,ml_baseline_90deg,2026-07-09 23:31:17.645745+05:30,0.0,45.35,-45.35,2
8879,ml_baseline_90deg,2026-07-09 23:31:17.746855+05:30,0.0,45.0,-45.0,2
8880,ml_baseline_90deg,2026-07-09 23:31:17.847030+05:30,0.0,44.47,-44.47,2
8881,ml_baseline_90deg,2026-07-09 23:31:17.946226+05:30,0.0,43.95,-43.95,1
8882,ml_baseline_90deg,2026-07-09 23:31:18.045718+05:30,0.0,43.59,-43.59,2
8883,ml_baseline_90deg,2026-07-09 23:31:18.146218+05:30,0.0,43.24,-43.24,2
8884,ml_baseline_90deg,2026-07-09 23:31:18.246427+05:30,0.0,42.71,-42.71,2
8885,ml_baseline_90deg,2026-07-09 23:31:18.345646+05:30,0.0,42.36,-42.36,2
8886,ml_baseline_90deg,2026-07-09 23:31:18.456442+05:30,0.0,41.84,-41.84,2
8887,ml_baseline_90deg,2026-07-09 23:31:18.547174+05:30,0.0,41.31,-41.31,2
8888,ml_baseline_90deg,2026-07-09 23:31:18.645938+05:30,0.0,40.96,-40.96,2
8889,ml_baseline_90deg,2026-07-09 23:31:18.745864+05:30,0.0,40.43,-40.43,2
8890,ml_baseline_90deg,2026-07-09 23:31:18.846531+05:30,0.0,40.08,-40.08,1
8891,ml_baseline_90deg,2026-07-09 23:31:18.945936+05:30,0.0,39.73,-39.73,2
8892,ml_baseline_90deg,2026-07-09 23:31:19.045646+05:30,0.0,39.2,-39.2,2
8893,ml_baseline_90deg,2026-07-09 23:31:19.146325+05:30,0.0,38.85,-38.85,2
8894,ml_baseline_90deg,2026-07-09 23:31:19.245940+05:30,0.0,38.32,-38.32,2
8895,ml_baseline_90deg,2026-07-09 23:31:19.347798+05:30,0.0,37.79,-37.79,2
8896,ml_baseline_90deg,2026-07-09 23:31:19.445232+05:30,0.0,37.44,-37.44,2
8897,ml_baseline_90deg,2026-07-09 23:31:19.545267+05:30,0.0,36.91,-36.91,2
8898,ml_baseline_90deg,2026-07-09 23:31:19.648143+05:30,0.0,36.39,-36.39,2
8899,ml_baseline_90deg,2026-07-09 23:31:19.746645+05:30,0.0,35.86,-35.86,1
8900,ml_baseline_90deg,2026-07-09 23:31:19.847374+05:30,0.0,35.51,-35.51,2
8901,ml_baseline_90deg,2026-07-09 23:31:19.947432+05:30,0.0,35.16,-35.16,2
8902,ml_baseline_90deg,2026-07-09 23:31:20.045886+05:30,0.0,34.63,-34.63,2
8903,ml_baseline_90deg,2026-07-09 23:31:20.145894+05:30,0.0,34.28,-34.28,2
8904,ml_baseline_90deg,2026-07-09 23:31:20.246681+05:30,0.0,33.75,-33.75,2
8905,ml_baseline_90deg,2026-07-09 23:31:20.346393+05:30,0.0,33.22,-33.22,2
8906,ml_baseline_90deg,2026-07-09 23:31:20.446979+05:30,0.0,32.87,-32.87,2
8907,ml_baseline_90deg,2026-07-09 23:31:20.545333+05:30,0.0,32.34,-32.34,2
8908,ml_baseline_90deg,2026-07-09 23:31:20.646288+05:30,0.0,31.82,-31.82,1
8909,ml_baseline_90deg,2026-07-09 23:31:20.746109+05:30,0.0,31.46,-31.46,2
8910,ml_baseline_90deg,2026-07-09 23:31:20.847113+05:30,0.0,31.11,-31.11,2
8911,ml_baseline_90deg,2026-07-09 23:31:20.948251+05:30,0.0,30.59,-30.59,2
8912,ml_baseline_90deg,2026-07-09 23:31:21.048097+05:30,0.0,30.23,-30.23,2
8913,ml_baseline_90deg,2026-07-09 23:31:21.146385+05:30,0.0,29.88,-29.88,2
8914,ml_baseline_90deg,2026-07-09 23:31:21.245621+05:30,0.0,29.36,-29.36,2
8915,ml_baseline_90deg,2026-07-09 23:31:21.345293+05:30,0.0,28.83,-28.83,2
8916,ml_baseline_90deg,2026-07-09 23:31:21.446040+05:30,0.0,28.48,-28.48,2
8917,ml_baseline_90deg,2026-07-09 23:31:21.544378+05:30,0.0,27.95,-27.95,1
8918,ml_baseline_90deg,2026-07-09 23:31:21.650300+05:30,0.0,27.6,-27.6,2
8919,ml_baseline_90deg,2026-07-09 23:31:21.744309+05:30,0.0,27.07,-27.07,2
8920,ml_baseline_90deg,2026-07-09 23:31:21.846653+05:30,0.0,26.72,-26.72,2
8921,ml_baseline_90deg,2026-07-09 23:31:21.945072+05:30,0.0,26.19,-26.19,2
8922,ml_baseline_90deg,2026-07-09 23:31:22.046366+05:30,0.0,25.84,-25.84,2
8923,ml_baseline_90deg,2026-07-09 23:31:22.146097+05:30,0.0,25.31,-25.31,2
8924,ml_baseline_90deg,2026-07-09 23:31:22.244966+05:30,0.0,24.96,-24.96,2
8925,ml_baseline_90deg,2026-07-09 23:31:22.346037+05:30,0.0,24.43,-24.43,2
8926,ml_baseline_90deg,2026-07-09 23:31:22.446571+05:30,0.0,24.08,-24.08,1
8927,ml_baseline_90deg,2026-07-09 23:31:22.546244+05:30,0.0,23.73,-23.73,2
8928,ml_baseline_90deg,2026-07-09 23:31:22.645264+05:30,0.0,23.2,-23.2,2
8929,ml_baseline_90deg,2026-07-09 23:31:22.748561+05:30,0.0,22.85,-22.85,2
8930,ml_baseline_90deg,2026-07-09 23:31:22.846489+05:30,0.0,22.5,-22.5,2
8931,ml_baseline_90deg,2026-07-09 23:31:22.945527+05:30,0.0,21.97,-21.97,2
8932,ml_baseline_90deg,2026-07-09 23:31:23.046604+05:30,0.0,21.45,-21.45,2
8933,ml_baseline_90deg,2026-07-09 23:31:23.145709+05:30,0.0,21.09,-21.09,2
8934,ml_baseline_90deg,2026-07-09 23:31:23.245645+05:30,0.0,20.74,-20.74,2
8935,ml_baseline_90deg,2026-07-09 23:31:23.346114+05:30,0.0,20.21,-20.21,1
8936,ml_baseline_90deg,2026-07-09 23:31:23.445114+05:30,0.0,19.86,-19.86,2
8937,ml_baseline_90deg,2026-07-09 23:31:23.547906+05:30,0.0,19.51,-19.51,2
8938,ml_baseline_90deg,2026-07-09 23:31:23.645194+05:30,0.0,18.98,-18.98,2
8939,ml_baseline_90deg,2026-07-09 23:31:23.746028+05:30,0.0,18.46,-18.46,2
8940,ml_baseline_90deg,2026-07-09 23:31:23.845996+05:30,0.0,18.11,-18.11,2
8941,ml_baseline_90deg,2026-07-09 23:31:23.945262+05:30,0.0,17.58,-17.58,2
8942,ml_baseline_90deg,2026-07-09 23:31:24.045189+05:30,0.0,17.05,-17.05,2
8943,ml_baseline_90deg,2026-07-09 23:31:24.147316+05:30,0.0,16.7,-16.7,2
8944,ml_baseline_90deg,2026-07-09 23:31:24.244363+05:30,0.0,16.35,-16.35,1
8945,ml_baseline_90deg,2026-07-09 23:31:24.346050+05:30,0.0,15.82,-15.82,2
8946,ml_baseline_90deg,2026-07-09 23:31:24.446763+05:30,0.0,15.47,-15.47,2
8947,ml_baseline_90deg,2026-07-09 23:31:24.544201+05:30,0.0,14.94,-14.94,2
8948,ml_baseline_90deg,2026-07-09 23:31:24.648499+05:30,0.0,14.59,-14.59,2
8949,ml_baseline_90deg,2026-07-09 23:31:24.747423+05:30,0.0,14.24,-14.24,2
8950,ml_baseline_90deg,2026-07-09 23:31:24.845873+05:30,0.0,13.71,-13.71,2
8951,ml_baseline_90deg,2026-07-09 23:31:24.945972+05:30,0.0,13.18,-13.18,2
8952,ml_baseline_90deg,2026-07-09 23:31:25.045853+05:30,0.0,12.66,-12.66,2
8953,ml_baseline_90deg,2026-07-09 23:31:25.148622+05:30,0.0,12.3,-12.3,1
8954,ml_baseline_90deg,2026-07-09 23:31:25.247780+05:30,0.0,11.95,-11.95,2
8955,ml_baseline_90deg,2026-07-09 23:31:25.346352+05:30,0.0,11.6,-11.6,2
8956,ml_baseline_90deg,2026-07-09 23:31:25.447121+05:30,0.0,11.07,-11.07,2
8957,ml_baseline_90deg,2026-07-09 23:31:25.545795+05:30,0.0,10.37,-10.37,2
8958,ml_baseline_90deg,2026-07-09 23:31:25.647356+05:30,0.0,9.84,-9.84,2
8959,ml_baseline_90deg,2026-07-09 23:31:25.748749+05:30,0.0,9.32,-9.32,2
8960,ml_baseline_90deg,2026-07-09 23:31:25.849921+05:30,0.0,8.79,-8.79,2
8961,ml_baseline_90deg,2026-07-09 23:31:25.946402+05:30,0.0,8.26,-8.26,2
8962,ml_baseline_90deg,2026-07-09 23:31:26.045510+05:30,0.0,7.73,-7.73,1
8963,ml_baseline_90deg,2026-07-09 23:31:26.146276+05:30,0.0,7.21,-7.21,2
8964,ml_baseline_90deg,2026-07-09 23:31:26.246646+05:30,0.0,7.03,-7.03,2
8965,ml_baseline_90deg,2026-07-09 23:31:26.345673+05:30,0.0,7.03,-7.03,2
8966,ml_baseline_90deg,2026-07-09 23:31:26.447244+05:30,0.0,6.86,-6.86,2
8967,ml_baseline_90deg,2026-07-09 23:31:26.549430+05:30,0.0,6.86,-6.86,2
8968,ml_baseline_90deg,2026-07-09 23:31:26.646940+05:30,90.0,6.68,83.32,2
8969,ml_baseline_90deg,2026-07-09 23:31:26.746131+05:30,90.0,6.68,83.32,2
8970,ml_baseline_90deg,2026-07-09 23:31:26.848024+05:30,90.0,6.68,83.32,2
8971,ml_baseline_90deg,2026-07-09 23:31:26.946221+05:30,90.0,6.68,83.32,2
8972,ml_baseline_90deg,2026-07-09 23:31:27.044970+05:30,90.0,6.68,83.32,2
8973,ml_baseline_90deg,2026-07-09 23:31:27.146430+05:30,90.0,6.68,83.32,2
8974,ml_baseline_90deg,2026-07-09 23:31:27.243993+05:30,90.0,6.68,83.32,2
8975,ml_baseline_90deg,2026-07-09 23:31:27.346186+05:30,90.0,6.68,83.32,2
8976,ml_baseline_90deg,2026-07-09 23:31:27.445938+05:30,90.0,6.68,83.32,1
8977,ml_baseline_90deg,2026-07-09 23:31:27.546208+05:30,90.0,6.86,83.14,2
8978,ml_baseline_90deg,2026-07-09 23:31:27.647043+05:30,90.0,7.03,82.97,2
8979,ml_baseline_90deg,2026-07-09 23:31:27.746878+05:30,90.0,7.21,82.79,2
8980,ml_baseline_90deg,2026-07-09 23:31:27.846844+05:30,90.0,7.38,82.62,2
8981,ml_baseline_90deg,2026-07-09 23:31:27.945722+05:30,90.0,7.73,82.27,2
8982,ml_baseline_90deg,2026-07-09 23:31:28.044935+05:30,90.0,8.26,81.74,2
8983,ml_baseline_90deg,2026-07-09 23:31:28.144700+05:30,90.0,8.79,81.21,2
8984,ml_baseline_90deg,2026-07-09 23:31:28.245368+05:30,90.0,9.32,80.68,2
8985,ml_baseline_90deg,2026-07-09 23:31:28.345402+05:30,90.0,9.67,80.33,1
8986,ml_baseline_90deg,2026-07-09 23:31:28.448166+05:30,90.0,10.02,79.98,2
8987,ml_baseline_90deg,2026-07-09 23:31:28.547767+05:30,90.0,10.55,79.45,2
8988,ml_baseline_90deg,2026-07-09 23:31:28.648037+05:30,90.0,11.07,78.93,2
8989,ml_baseline_90deg,2026-07-09 23:31:28.745521+05:30,90.0,11.43,78.57,2
8990,ml_baseline_90deg,2026-07-09 23:31:28.847289+05:30,90.0,11.95,78.05,2
8991,ml_baseline_90deg,2026-07-09 23:31:28.946865+05:30,90.0,12.48,77.52,2
8992,ml_baseline_90deg,2026-07-09 23:31:29.045303+05:30,90.0,13.01,76.99,2
8993,ml_baseline_90deg,2026-07-09 23:31:29.146044+05:30,90.0,13.36,76.64,2
8994,ml_baseline_90deg,2026-07-09 23:31:29.245745+05:30,90.0,13.89,76.11,1
8995,ml_baseline_90deg,2026-07-09 23:31:29.346244+05:30,90.0,14.24,75.76,2
8996,ml_baseline_90deg,2026-07-09 23:31:29.445341+05:30,90.0,14.77,75.23,2
8997,ml_baseline_90deg,2026-07-09 23:31:29.550911+05:30,90.0,15.12,74.88,2
8998,ml_baseline_90deg,2026-07-09 23:31:29.646136+05:30,90.0,15.64,74.36,2
8999,ml_baseline_90deg,2026-07-09 23:31:29.746098+05:30,90.0,16.0,74.0,2
9000,ml_baseline_90deg,2026-07-09 23:31:29.845821+05:30,90.0,16.52,73.48,2
9001,ml_baseline_90deg,2026-07-09 23:31:29.945812+05:30,90.0,16.87,73.12,2
9002,ml_baseline_90deg,2026-07-09 23:31:30.045983+05:30,90.0,17.4,72.6,2
9003,ml_baseline_90deg,2026-07-09 23:31:30.145441+05:30,90.0,17.75,72.25,1
9004,ml_baseline_90deg,2026-07-09 23:31:30.244641+05:30,90.0,18.11,71.89,2
9005,ml_baseline_90deg,2026-07-09 23:31:30.346075+05:30,90.0,18.46,71.54,2
9006,ml_baseline_90deg,2026-07-09 23:31:30.449339+05:30,90.0,18.98,71.02,2
9007,ml_baseline_90deg,2026-07-09 23:31:30.545006+05:30,90.0,19.34,70.66,2
9008,ml_baseline_90deg,2026-07-09 23:31:30.645447+05:30,90.0,19.86,70.14,2
9009,ml_baseline_90deg,2026-07-09 23:31:30.745636+05:30,90.0,20.21,69.79,2
9010,ml_baseline_90deg,2026-07-09 23:31:30.847304+05:30,90.0,20.74,69.26,2
9011,ml_baseline_90deg,2026-07-09 23:31:30.947805+05:30,90.0,21.09,68.91,2
9012,ml_baseline_90deg,2026-07-09 23:31:31.046416+05:30,90.0,21.62,68.38,1
9013,ml_baseline_90deg,2026-07-09 23:31:31.149880+05:30,90.0,21.8,68.2,2
9014,ml_baseline_90deg,2026-07-09 23:31:31.245765+05:30,90.0,22.32,67.68,2
9015,ml_baseline_90deg,2026-07-09 23:31:31.349715+05:30,90.0,22.68,67.32,2
9016,ml_baseline_90deg,2026-07-09 23:31:31.446380+05:30,90.0,23.2,66.8,2
9017,ml_baseline_90deg,2026-07-09 23:31:31.548529+05:30,90.0,23.73,66.27,2
9018,ml_baseline_90deg,2026-07-09 23:31:31.646341+05:30,90.0,24.08,65.92,2
9019,ml_baseline_90deg,2026-07-09 23:31:31.747689+05:30,90.0,24.43,65.57,2
9020,ml_baseline_90deg,2026-07-09 23:31:31.845661+05:30,90.0,24.96,65.04,2
9021,ml_baseline_90deg,2026-07-09 23:31:31.948717+05:30,90.0,25.31,64.69,1
9022,ml_baseline_90deg,2026-07-09 23:31:32.046077+05:30,90.0,25.66,64.34,2
9023,ml_baseline_90deg,2026-07-09 23:31:32.146580+05:30,90.0,26.19,63.81,2
9024,ml_baseline_90deg,2026-07-09 23:31:32.245366+05:30,90.0,26.54,63.46,2
9025,ml_baseline_90deg,2026-07-09 23:31:32.346792+05:30,90.0,26.89,63.11,2
9026,ml_baseline_90deg,2026-07-09 23:31:32.446229+05:30,90.0,27.42,62.58,2
9027,ml_baseline_90deg,2026-07-09 23:31:32.545628+05:30,90.0,27.77,62.23,2
9028,ml_baseline_90deg,2026-07-09 23:31:32.648949+05:30,90.0,28.3,61.7,2
9029,ml_baseline_90deg,2026-07-09 23:31:32.750824+05:30,90.0,28.65,61.35,2
9030,ml_baseline_90deg,2026-07-09 23:31:32.846777+05:30,90.0,29.0,61.0,1
9031,ml_baseline_90deg,2026-07-09 23:31:32.949495+05:30,90.0,29.36,60.64,2
9032,ml_baseline_90deg,2026-07-09 23:31:33.046242+05:30,90.0,29.88,60.12,2
9033,ml_baseline_90deg,2026-07-09 23:31:33.148488+05:30,90.0,30.23,59.77,2
9034,ml_baseline_90deg,2026-07-09 23:31:33.246163+05:30,90.0,30.59,59.41,2
9035,ml_baseline_90deg,2026-07-09 23:31:33.346996+05:30,90.0,31.11,58.89,2
9036,ml_baseline_90deg,2026-07-09 23:31:33.445823+05:30,90.0,31.46,58.54,2
9037,ml_baseline_90deg,2026-07-09 23:31:33.546368+05:30,90.0,31.99,58.01,2
9038,ml_baseline_90deg,2026-07-09 23:31:33.646474+05:30,90.0,32.34,57.66,2
9039,ml_baseline_90deg,2026-07-09 23:31:33.746700+05:30,90.0,32.7,57.3,1
9040,ml_baseline_90deg,2026-07-09 23:31:33.848920+05:30,90.0,33.05,56.95,2
9041,ml_baseline_90deg,2026-07-09 23:31:33.947739+05:30,90.0,33.4,56.6,2
9042,ml_baseline_90deg,2026-07-09 23:31:34.045172+05:30,90.0,33.93,56.07,2
9043,ml_baseline_90deg,2026-07-09 23:31:34.146870+05:30,90.0,34.28,55.72,2
9044,ml_baseline_90deg,2026-07-09 23:31:34.245608+05:30,90.0,34.8,55.2,2
9045,ml_baseline_90deg,2026-07-09 23:31:34.346710+05:30,90.0,35.16,54.84,2
9046,ml_baseline_90deg,2026-07-09 23:31:34.446357+05:30,90.0,35.51,54.49,2
9047,ml_baseline_90deg,2026-07-09 23:31:34.546411+05:30,90.0,36.04,53.96,2
9048,ml_baseline_90deg,2026-07-09 23:31:34.649058+05:30,90.0,36.39,53.61,1
9049,ml_baseline_90deg,2026-07-09 23:31:34.745463+05:30,90.0,36.74,53.26,2
9050,ml_baseline_90deg,2026-07-09 23:31:34.847081+05:30,90.0,37.09,52.91,2
9051,ml_baseline_90deg,2026-07-09 23:31:34.950409+05:30,90.0,37.62,52.38,2
9052,ml_baseline_90deg,2026-07-09 23:31:35.046588+05:30,90.0,37.97,52.03,2
9053,ml_baseline_90deg,2026-07-09 23:31:35.145610+05:30,90.0,38.5,51.5,2
9054,ml_baseline_90deg,2026-07-09 23:31:35.246579+05:30,90.0,38.85,51.15,2
9055,ml_baseline_90deg,2026-07-09 23:31:35.347289+05:30,90.0,39.2,50.8,2
9056,ml_baseline_90deg,2026-07-09 23:31:35.445597+05:30,90.0,39.73,50.27,2
9057,ml_baseline_90deg,2026-07-09 23:31:35.548083+05:30,90.0,40.08,49.92,1
9058,ml_baseline_90deg,2026-07-09 23:31:35.645722+05:30,90.0,40.25,49.75,2
9059,ml_baseline_90deg,2026-07-09 23:31:35.746291+05:30,90.0,40.78,49.22,2
9060,ml_baseline_90deg,2026-07-09 23:31:35.845815+05:30,90.0,41.13,48.87,2
9061,ml_baseline_90deg,2026-07-09 23:31:35.948559+05:30,90.0,41.66,48.34,2
9062,ml_baseline_90deg,2026-07-09 23:31:36.047757+05:30,90.0,42.01,47.99,2
9063,ml_baseline_90deg,2026-07-09 23:31:36.146416+05:30,90.0,42.36,47.64,2
9064,ml_baseline_90deg,2026-07-09 23:31:36.244447+05:30,90.0,42.89,47.11,2
9065,ml_baseline_90deg,2026-07-09 23:31:36.345783+05:30,90.0,43.24,46.76,2
9066,ml_baseline_90deg,2026-07-09 23:31:36.447116+05:30,90.0,43.77,46.23,1
9067,ml_baseline_90deg,2026-07-09 23:31:36.544535+05:30,90.0,43.95,46.05,2
9068,ml_baseline_90deg,2026-07-09 23:31:36.648087+05:30,90.0,44.47,45.53,2
9069,ml_baseline_90deg,2026-07-09 23:31:36.746695+05:30,90.0,44.82,45.18,2
9070,ml_baseline_90deg,2026-07-09 23:31:36.848465+05:30,90.0,45.18,44.82,2
9071,ml_baseline_90deg,2026-07-09 23:31:36.945373+05:30,90.0,45.7,44.3,2
9072,ml_baseline_90deg,2026-07-09 23:31:37.047166+05:30,90.0,46.05,43.95,2
9073,ml_baseline_90deg,2026-07-09 23:31:37.145455+05:30,90.0,46.41,43.59,2
9074,ml_baseline_90deg,2026-07-09 23:31:37.244876+05:30,90.0,46.93,43.07,2
9075,ml_baseline_90deg,2026-07-09 23:31:37.345318+05:30,90.0,47.29,42.71,1
9076,ml_baseline_90deg,2026-07-09 23:31:37.445786+05:30,90.0,47.46,42.54,2
9077,ml_baseline_90deg,2026-07-09 23:31:37.548902+05:30,90.0,47.99,42.01,2
9078,ml_baseline_90deg,2026-07-09 23:31:37.648192+05:30,90.0,48.34,41.66,2
9079,ml_baseline_90deg,2026-07-09 23:31:37.747101+05:30,90.0,48.69,41.31,2
9080,ml_baseline_90deg,2026-07-09 23:31:37.846683+05:30,90.0,49.22,40.78,2
9081,ml_baseline_90deg,2026-07-09 23:31:37.946168+05:30,90.0,49.57,40.43,2
9082,ml_baseline_90deg,2026-07-09 23:31:38.047809+05:30,90.0,49.92,40.08,2
9083,ml_baseline_90deg,2026-07-09 23:31:38.145941+05:30,90.0,50.45,39.55,2
9084,ml_baseline_90deg,2026-07-09 23:31:38.245881+05:30,90.0,50.8,39.2,1
9085,ml_baseline_90deg,2026-07-09 23:31:38.346660+05:30,90.0,51.15,38.85,2
9086,ml_baseline_90deg,2026-07-09 23:31:38.445547+05:30,90.0,51.5,38.5,2
9087,ml_baseline_90deg,2026-07-09 23:31:38.549817+05:30,90.0,51.86,38.14,2
9088,ml_baseline_90deg,2026-07-09 23:31:38.646510+05:30,90.0,52.38,37.62,2
9089,ml_baseline_90deg,2026-07-09 23:31:38.748354+05:30,90.0,52.73,37.27,2
9090,ml_baseline_90deg,2026-07-09 23:31:38.846091+05:30,90.0,53.09,36.91,2
9091,ml_baseline_90deg,2026-07-09 23:31:38.946519+05:30,90.0,53.61,36.39,2
9092,ml_baseline_90deg,2026-07-09 23:31:39.044633+05:30,90.0,53.96,36.04,2
9093,ml_baseline_90deg,2026-07-09 23:31:39.146404+05:30,90.0,54.49,35.51,1
9094,ml_baseline_90deg,2026-07-09 23:31:39.247267+05:30,90.0,54.67,35.33,2
9095,ml_baseline_90deg,2026-07-09 23:31:39.345117+05:30,90.0,55.02,34.98,2
9096,ml_baseline_90deg,2026-07-09 23:31:39.447831+05:30,90.0,55.55,34.45,2
9097,ml_baseline_90deg,2026-07-09 23:31:39.544951+05:30,90.0,55.9,34.1,2
9098,ml_baseline_90deg,2026-07-09 23:31:39.646571+05:30,90.0,56.25,33.75,2
9099,ml_baseline_90deg,2026-07-09 23:31:39.746673+05:30,90.0,56.6,33.4,2
9100,ml_baseline_90deg,2026-07-09 23:31:39.847288+05:30,90.0,57.13,32.87,2
9101,ml_baseline_90deg,2026-07-09 23:31:39.946534+05:30,90.0,57.48,32.52,2
9102,ml_baseline_90deg,2026-07-09 23:31:40.047534+05:30,90.0,57.83,32.17,1
9103,ml_baseline_90deg,2026-07-09 23:31:40.146220+05:30,90.0,58.18,31.82,2
9104,ml_baseline_90deg,2026-07-09 23:31:40.246196+05:30,90.0,58.54,31.46,2
9105,ml_baseline_90deg,2026-07-09 23:31:40.345447+05:30,90.0,58.89,31.11,2
9106,ml_baseline_90deg,2026-07-09 23:31:40.446621+05:30,90.0,59.41,30.59,2
9107,ml_baseline_90deg,2026-07-09 23:31:40.544447+05:30,90.0,59.77,30.23,2
9108,ml_baseline_90deg,2026-07-09 23:31:40.648581+05:30,90.0,60.12,29.88,2
9109,ml_baseline_90deg,2026-07-09 23:31:40.746897+05:30,90.0,60.47,29.53,2
9110,ml_baseline_90deg,2026-07-09 23:31:40.846611+05:30,90.0,61.0,29.0,2
9111,ml_baseline_90deg,2026-07-09 23:31:40.946952+05:30,90.0,61.35,28.65,1
9112,ml_baseline_90deg,2026-07-09 23:31:41.045232+05:30,90.0,61.52,28.48,2
9113,ml_baseline_90deg,2026-07-09 23:31:41.145827+05:30,90.0,62.05,27.95,2
9114,ml_baseline_90deg,2026-07-09 23:31:41.245653+05:30,90.0,62.4,27.6,2
9115,ml_baseline_90deg,2026-07-09 23:31:41.348142+05:30,90.0,62.75,27.25,2
9116,ml_baseline_90deg,2026-07-09 23:31:41.445948+05:30,90.0,63.11,26.89,2
9117,ml_baseline_90deg,2026-07-09 23:31:41.548355+05:30,90.0,63.63,26.37,2
9118,ml_baseline_90deg,2026-07-09 23:31:41.646720+05:30,90.0,63.98,26.02,2
9119,ml_baseline_90deg,2026-07-09 23:31:41.747028+05:30,90.0,64.34,25.66,2
9120,ml_baseline_90deg,2026-07-09 23:31:41.847098+05:30,90.0,64.86,25.14,1
9121,ml_baseline_90deg,2026-07-09 23:31:41.946901+05:30,90.0,65.04,24.96,2
9122,ml_baseline_90deg,2026-07-09 23:31:42.045355+05:30,90.0,65.57,24.43,2
9123,ml_baseline_90deg,2026-07-09 23:31:42.149237+05:30,90.0,65.92,24.08,2
9124,ml_baseline_90deg,2026-07-09 23:31:42.245981+05:30,90.0,66.45,23.55,2
9125,ml_baseline_90deg,2026-07-09 23:31:42.345517+05:30,90.0,66.8,23.2,2
9126,ml_baseline_90deg,2026-07-09 23:31:42.449450+05:30,90.0,67.15,22.85,2
9127,ml_baseline_90deg,2026-07-09 23:31:42.546391+05:30,90.0,67.68,22.32,2
9128,ml_baseline_90deg,2026-07-09 23:31:42.645804+05:30,90.0,68.03,21.97,2
9129,ml_baseline_90deg,2026-07-09 23:31:42.746158+05:30,90.0,68.55,21.45,1
9130,ml_baseline_90deg,2026-07-09 23:31:42.850354+05:30,90.0,68.73,21.27,2
9131,ml_baseline_90deg,2026-07-09 23:31:42.945247+05:30,90.0,69.08,20.92,2
9132,ml_baseline_90deg,2026-07-09 23:31:43.045711+05:30,90.0,69.61,20.39,2
9133,ml_baseline_90deg,2026-07-09 23:31:43.146636+05:30,90.0,69.96,20.04,2
9134,ml_baseline_90deg,2026-07-09 23:31:43.245421+05:30,90.0,70.49,19.51,2
9135,ml_baseline_90deg,2026-07-09 23:31:43.346026+05:30,90.0,70.84,19.16,2
9136,ml_baseline_90deg,2026-07-09 23:31:43.450776+05:30,90.0,71.37,18.63,2
9137,ml_baseline_90deg,2026-07-09 23:31:43.547165+05:30,90.0,71.72,18.28,2
9138,ml_baseline_90deg,2026-07-09 23:31:43.645769+05:30,90.0,72.25,17.75,1
9139,ml_baseline_90deg,2026-07-09 23:31:43.746719+05:30,90.0,72.6,17.4,2
9140,ml_baseline_90deg,2026-07-09 23:31:43.846672+05:30,90.0,72.95,17.05,2
9141,ml_baseline_90deg,2026-07-09 23:31:43.948916+05:30,90.0,73.48,16.52,2
9142,ml_baseline_90deg,2026-07-09 23:31:44.045736+05:30,90.0,73.83,16.17,2
9143,ml_baseline_90deg,2026-07-09 23:31:44.149067+05:30,90.0,74.36,15.64,2
9144,ml_baseline_90deg,2026-07-09 23:31:44.247056+05:30,90.0,74.71,15.29,2
9145,ml_baseline_90deg,2026-07-09 23:31:44.346343+05:30,90.0,75.23,14.77,2
9146,ml_baseline_90deg,2026-07-09 23:31:44.445870+05:30,90.0,75.59,14.41,2
9147,ml_baseline_90deg,2026-07-09 23:31:44.546023+05:30,90.0,76.11,13.89,1
9148,ml_baseline_90deg,2026-07-09 23:31:44.646464+05:30,90.0,76.29,13.71,2
9149,ml_baseline_90deg,2026-07-09 23:31:44.745336+05:30,90.0,76.82,13.18,2
9150,ml_baseline_90deg,2026-07-09 23:31:44.845822+05:30,90.0,77.17,12.83,2
9151,ml_baseline_90deg,2026-07-09 23:31:44.945765+05:30,90.0,77.7,12.3,2
9152,ml_baseline_90deg,2026-07-09 23:31:45.044992+05:30,90.0,78.22,11.78,2
9153,ml_baseline_90deg,2026-07-09 23:31:45.145376+05:30,90.0,78.57,11.43,2
9154,ml_baseline_90deg,2026-07-09 23:31:45.246350+05:30,90.0,79.1,10.9,2
9155,ml_baseline_90deg,2026-07-09 23:31:45.346968+05:30,90.0,79.63,10.37,2
9156,ml_baseline_90deg,2026-07-09 23:31:45.446492+05:30,90.0,79.98,10.02,1
9157,ml_baseline_90deg,2026-07-09 23:31:45.546800+05:30,90.0,80.33,9.67,2
9158,ml_baseline_90deg,2026-07-09 23:31:45.646285+05:30,90.0,80.68,9.32,2
9159,ml_baseline_90deg,2026-07-09 23:31:45.745815+05:30,90.0,81.21,8.79,2
9160,ml_baseline_90deg,2026-07-09 23:31:45.846457+05:30,90.0,81.56,8.44,2
9161,ml_baseline_90deg,2026-07-09 23:31:45.946384+05:30,90.0,82.09,7.91,2
9162,ml_baseline_90deg,2026-07-09 23:31:46.047608+05:30,90.0,82.44,7.56,2
9163,ml_baseline_90deg,2026-07-09 23:31:46.146185+05:30,90.0,82.97,7.03,2
9164,ml_baseline_90deg,2026-07-09 23:31:46.246452+05:30,90.0,83.32,6.68,2
9165,ml_baseline_90deg,2026-07-09 23:31:46.346008+05:30,90.0,83.85,6.15,1
9166,ml_baseline_90deg,2026-07-09 23:31:46.445964+05:30,90.0,84.02,5.98,2
9167,ml_baseline_90deg,2026-07-09 23:31:46.544588+05:30,90.0,84.55,5.45,2
9168,ml_baseline_90deg,2026-07-09 23:31:46.648677+05:30,90.0,84.9,5.1,2
9169,ml_baseline_90deg,2026-07-09 23:31:46.746730+05:30,90.0,85.08,4.92,1
9170,ml_baseline_90deg,2026-07-09 23:31:46.845976+05:30,90.0,85.25,4.75,1
9171,ml_baseline_90deg,2026-07-09 23:31:46.948876+05:30,90.0,85.43,4.57,1
9172,ml_baseline_90deg,2026-07-09 23:31:47.049367+05:30,90.0,85.61,4.39,2
9173,ml_baseline_90deg,2026-07-09 23:31:47.147590+05:30,0.0,85.61,-85.61,2
9174,ml_baseline_90deg,2026-07-09 23:31:47.247963+05:30,0.0,85.61,-85.61,2
9175,ml_baseline_90deg,2026-07-09 23:31:47.346801+05:30,0.0,85.61,-85.61,2
9176,ml_baseline_90deg,2026-07-09 23:31:47.446776+05:30,0.0,85.61,-85.61,2
9177,ml_baseline_90deg,2026-07-09 23:31:47.547234+05:30,0.0,85.61,-85.61,2
9178,ml_baseline_90deg,2026-07-09 23:31:47.646527+05:30,0.0,85.61,-85.61,2
9179,ml_baseline_90deg,2026-07-09 23:31:47.746922+05:30,0.0,85.61,-85.61,2
9180,ml_baseline_90deg,2026-07-09 23:31:47.846142+05:30,0.0,85.61,-85.61,2
9181,ml_baseline_90deg,2026-07-09 23:31:47.945293+05:30,0.0,85.43,-85.43,1
9182,ml_baseline_90deg,2026-07-09 23:31:48.045787+05:30,0.0,85.43,-85.43,2
9183,ml_baseline_90deg,2026-07-09 23:31:48.146686+05:30,0.0,85.43,-85.43,2
9184,ml_baseline_90deg,2026-07-09 23:31:48.247317+05:30,0.0,85.25,-85.25,2
9185,ml_baseline_90deg,2026-07-09 23:31:48.346944+05:30,0.0,85.08,-85.08,2
9186,ml_baseline_90deg,2026-07-09 23:31:48.445169+05:30,0.0,84.9,-84.9,2
9187,ml_baseline_90deg,2026-07-09 23:31:48.548540+05:30,0.0,84.55,-84.55,2
9188,ml_baseline_90deg,2026-07-09 23:31:48.646430+05:30,0.0,84.2,-84.2,2
9189,ml_baseline_90deg,2026-07-09 23:31:48.746596+05:30,0.0,83.85,-83.85,2
9190,ml_baseline_90deg,2026-07-09 23:31:48.846637+05:30,0.0,83.5,-83.5,1
9191,ml_baseline_90deg,2026-07-09 23:31:48.946132+05:30,0.0,83.14,-83.14,2
9192,ml_baseline_90deg,2026-07-09 23:31:49.045067+05:30,0.0,82.62,-82.62,2
9193,ml_baseline_90deg,2026-07-09 23:31:49.145525+05:30,0.0,82.09,-82.09,2
9194,ml_baseline_90deg,2026-07-09 23:31:49.246016+05:30,0.0,81.56,-81.56,2
9195,ml_baseline_90deg,2026-07-09 23:31:49.348294+05:30,0.0,81.21,-81.21,2
9196,ml_baseline_90deg,2026-07-09 23:31:49.446719+05:30,0.0,80.68,-80.68,2
9197,ml_baseline_90deg,2026-07-09 23:31:49.544882+05:30,0.0,80.16,-80.16,2
9198,ml_baseline_90deg,2026-07-09 23:31:49.647801+05:30,0.0,79.63,-79.63,2
9199,ml_baseline_90deg,2026-07-09 23:31:49.746735+05:30,0.0,79.28,-79.28,1
9200,ml_baseline_90deg,2026-07-09 23:31:49.845971+05:30,0.0,78.75,-78.75,2
9201,ml_baseline_90deg,2026-07-09 23:31:49.947222+05:30,0.0,78.4,-78.4,2
9202,ml_baseline_90deg,2026-07-09 23:31:50.045480+05:30,0.0,77.87,-77.87,2
9203,ml_baseline_90deg,2026-07-09 23:31:50.145366+05:30,0.0,77.34,-77.34,2
9204,ml_baseline_90deg,2026-07-09 23:31:50.243831+05:30,0.0,76.99,-76.99,2
9205,ml_baseline_90deg,2026-07-09 23:31:50.346191+05:30,0.0,76.46,-76.46,2
9206,ml_baseline_90deg,2026-07-09 23:31:50.446988+05:30,0.0,75.94,-75.94,2
9207,ml_baseline_90deg,2026-07-09 23:31:50.545055+05:30,0.0,75.41,-75.41,2
9208,ml_baseline_90deg,2026-07-09 23:31:50.646614+05:30,0.0,75.06,-75.06,1
9209,ml_baseline_90deg,2026-07-09 23:31:50.745888+05:30,0.0,74.71,-74.71,2
9210,ml_baseline_90deg,2026-07-09 23:31:50.846792+05:30,0.0,74.18,-74.18,2
9211,ml_baseline_90deg,2026-07-09 23:31:50.946037+05:30,0.0,73.65,-73.65,2
9212,ml_baseline_90deg,2026-07-09 23:31:51.046076+05:30,0.0,73.3,-73.3,2
9213,ml_baseline_90deg,2026-07-09 23:31:51.148879+05:30,0.0,72.77,-72.77,2
9214,ml_baseline_90deg,2026-07-09 23:31:51.245717+05:30,0.0,72.42,-72.42,2
9215,ml_baseline_90deg,2026-07-09 23:31:51.349964+05:30,0.0,71.89,-71.89,2
9216,ml_baseline_90deg,2026-07-09 23:31:51.446419+05:30,0.0,71.37,-71.37,2
9217,ml_baseline_90deg,2026-07-09 23:31:51.545956+05:30,0.0,70.84,-70.84,1
9218,ml_baseline_90deg,2026-07-09 23:31:51.646537+05:30,0.0,70.49,-70.49,2
9219,ml_baseline_90deg,2026-07-09 23:31:51.748759+05:30,0.0,69.96,-69.96,2
9220,ml_baseline_90deg,2026-07-09 23:31:51.845878+05:30,0.0,69.61,-69.61,2
9221,ml_baseline_90deg,2026-07-09 23:31:51.946943+05:30,0.0,69.08,-69.08,2
9222,ml_baseline_90deg,2026-07-09 23:31:52.046395+05:30,0.0,68.73,-68.73,2
9223,ml_baseline_90deg,2026-07-09 23:31:52.149863+05:30,0.0,68.2,-68.2,2
9224,ml_baseline_90deg,2026-07-09 23:31:52.250401+05:30,0.0,67.85,-67.85,2
9225,ml_baseline_90deg,2026-07-09 23:31:52.345588+05:30,0.0,67.32,-67.32,2
9226,ml_baseline_90deg,2026-07-09 23:31:52.448594+05:30,0.0,66.97,-66.97,1
9227,ml_baseline_90deg,2026-07-09 23:31:52.547855+05:30,0.0,66.45,-66.45,2
9228,ml_baseline_90deg,2026-07-09 23:31:52.645897+05:30,0.0,66.09,-66.09,2
9229,ml_baseline_90deg,2026-07-09 23:31:52.746820+05:30,0.0,65.57,-65.57,2
9230,ml_baseline_90deg,2026-07-09 23:31:52.848538+05:30,0.0,65.21,-65.21,2
9231,ml_baseline_90deg,2026-07-09 23:31:52.946270+05:30,0.0,64.69,-64.69,2
9232,ml_baseline_90deg,2026-07-09 23:31:53.046189+05:30,0.0,64.34,-64.34,2
9233,ml_baseline_90deg,2026-07-09 23:31:53.147964+05:30,0.0,63.81,-63.81,2
9234,ml_baseline_90deg,2026-07-09 23:31:53.246518+05:30,0.0,63.28,-63.28,2
9235,ml_baseline_90deg,2026-07-09 23:31:53.345364+05:30,0.0,62.93,-62.93,1
9236,ml_baseline_90deg,2026-07-09 23:31:53.446068+05:30,0.0,62.58,-62.58,2
9237,ml_baseline_90deg,2026-07-09 23:31:53.544236+05:30,0.0,62.05,-62.05,2
9238,ml_baseline_90deg,2026-07-09 23:31:53.645896+05:30,0.0,61.52,-61.52,2
9239,ml_baseline_90deg,2026-07-09 23:31:53.750195+05:30,0.0,61.17,-61.17,2
9240,ml_baseline_90deg,2026-07-09 23:31:53.852713+05:30,0.0,60.64,-60.64,2
9241,ml_baseline_90deg,2026-07-09 23:31:53.946512+05:30,0.0,60.29,-60.29,2
9242,ml_baseline_90deg,2026-07-09 23:31:54.047423+05:30,0.0,59.77,-59.77,2
9243,ml_baseline_90deg,2026-07-09 23:31:54.146487+05:30,0.0,59.41,-59.41,2
9244,ml_baseline_90deg,2026-07-09 23:31:54.248146+05:30,0.0,58.89,-58.89,1
9245,ml_baseline_90deg,2026-07-09 23:31:54.346459+05:30,0.0,58.54,-58.54,2
9246,ml_baseline_90deg,2026-07-09 23:31:54.447114+05:30,0.0,58.01,-58.01,2
9247,ml_baseline_90deg,2026-07-09 23:31:54.547569+05:30,0.0,57.66,-57.66,2
9248,ml_baseline_90deg,2026-07-09 23:31:54.648729+05:30,0.0,57.13,-57.13,2
9249,ml_baseline_90deg,2026-07-09 23:31:54.747490+05:30,0.0,56.78,-56.78,2
9250,ml_baseline_90deg,2026-07-09 23:31:54.845369+05:30,0.0,56.25,-56.25,2
9251,ml_baseline_90deg,2026-07-09 23:31:54.948527+05:30,0.0,55.9,-55.9,2
9252,ml_baseline_90deg,2026-07-09 23:31:55.045772+05:30,0.0,55.37,-55.37,2
9253,ml_baseline_90deg,2026-07-09 23:31:55.147398+05:30,0.0,55.02,-55.02,1
9254,ml_baseline_90deg,2026-07-09 23:31:55.246146+05:30,0.0,54.49,-54.49,2
9255,ml_baseline_90deg,2026-07-09 23:31:55.346558+05:30,0.0,54.14,-54.14,2
9256,ml_baseline_90deg,2026-07-09 23:31:55.447109+05:30,0.0,53.61,-53.61,2
9257,ml_baseline_90deg,2026-07-09 23:31:55.545917+05:30,0.0,53.09,-53.09,2
9258,ml_baseline_90deg,2026-07-09 23:31:55.648473+05:30,0.0,52.73,-52.73,2
9259,ml_baseline_90deg,2026-07-09 23:31:55.745644+05:30,0.0,52.21,-52.21,2
9260,ml_baseline_90deg,2026-07-09 23:31:55.847715+05:30,0.0,51.86,-51.86,2
9261,ml_baseline_90deg,2026-07-09 23:31:55.947716+05:30,0.0,51.33,-51.33,2
9262,ml_baseline_90deg,2026-07-09 23:31:56.045311+05:30,0.0,50.8,-50.8,1
9263,ml_baseline_90deg,2026-07-09 23:31:56.146175+05:30,0.0,50.45,-50.45,2
9264,ml_baseline_90deg,2026-07-09 23:31:56.247167+05:30,0.0,49.92,-49.92,2
9265,ml_baseline_90deg,2026-07-09 23:31:56.345402+05:30,0.0,49.57,-49.57,2
9266,ml_baseline_90deg,2026-07-09 23:31:56.445337+05:30,0.0,49.04,-49.04,2
9267,ml_baseline_90deg,2026-07-09 23:31:56.545414+05:30,0.0,48.69,-48.69,2
9268,ml_baseline_90deg,2026-07-09 23:31:56.644100+05:30,0.0,48.16,-48.16,2
9269,ml_baseline_90deg,2026-07-09 23:31:56.746241+05:30,0.0,47.81,-47.81,2
9270,ml_baseline_90deg,2026-07-09 23:31:56.846047+05:30,0.0,47.29,-47.29,2
9271,ml_baseline_90deg,2026-07-09 23:31:56.946534+05:30,0.0,46.93,-46.93,1
9272,ml_baseline_90deg,2026-07-09 23:31:57.045722+05:30,0.0,46.58,-46.58,2
9273,ml_baseline_90deg,2026-07-09 23:31:57.145247+05:30,0.0,46.05,-46.05,2
9274,ml_baseline_90deg,2026-07-09 23:31:57.245963+05:30,0.0,45.7,-45.7,2
9275,ml_baseline_90deg,2026-07-09 23:31:57.347590+05:30,0.0,45.18,-45.18,2
9276,ml_baseline_90deg,2026-07-09 23:31:57.444702+05:30,0.0,44.65,-44.65,2
9277,ml_baseline_90deg,2026-07-09 23:31:57.546619+05:30,0.0,44.3,-44.3,2
9278,ml_baseline_90deg,2026-07-09 23:31:57.648837+05:30,0.0,43.77,-43.77,2
9279,ml_baseline_90deg,2026-07-09 23:31:57.746420+05:30,0.0,43.42,-43.42,2
9280,ml_baseline_90deg,2026-07-09 23:31:57.846542+05:30,0.0,42.89,-42.89,1
9281,ml_baseline_90deg,2026-07-09 23:31:57.946110+05:30,0.0,42.54,-42.54,2
9282,ml_baseline_90deg,2026-07-09 23:31:58.046096+05:30,0.0,42.01,-42.01,2
9283,ml_baseline_90deg,2026-07-09 23:31:58.146385+05:30,0.0,41.66,-41.66,2
9284,ml_baseline_90deg,2026-07-09 23:31:58.246748+05:30,0.0,41.13,-41.13,2
9285,ml_baseline_90deg,2026-07-09 23:31:58.347030+05:30,0.0,40.61,-40.61,2
9286,ml_baseline_90deg,2026-07-09 23:31:58.447538+05:30,0.0,40.25,-40.25,2
9287,ml_baseline_90deg,2026-07-09 23:31:58.545629+05:30,0.0,39.73,-39.73,2
9288,ml_baseline_90deg,2026-07-09 23:31:58.645841+05:30,0.0,39.2,-39.2,2
9289,ml_baseline_90deg,2026-07-09 23:31:58.747518+05:30,0.0,38.85,-38.85,1
9290,ml_baseline_90deg,2026-07-09 23:31:58.847228+05:30,0.0,38.5,-38.5,2
9291,ml_baseline_90deg,2026-07-09 23:31:58.947112+05:30,0.0,37.97,-37.97,2
9292,ml_baseline_90deg,2026-07-09 23:31:59.045967+05:30,0.0,37.44,-37.44,2
9293,ml_baseline_90deg,2026-07-09 23:31:59.146244+05:30,0.0,37.09,-37.09,2
9294,ml_baseline_90deg,2026-07-09 23:31:59.244566+05:30,0.0,36.56,-36.56,2
9295,ml_baseline_90deg,2026-07-09 23:31:59.346143+05:30,0.0,36.21,-36.21,2
9296,ml_baseline_90deg,2026-07-09 23:31:59.446208+05:30,0.0,35.68,-35.68,2
9297,ml_baseline_90deg,2026-07-09 23:31:59.544735+05:30,0.0,35.33,-35.33,2
9298,ml_baseline_90deg,2026-07-09 23:31:59.645441+05:30,0.0,34.8,-34.8,1
9299,ml_baseline_90deg,2026-07-09 23:31:59.746146+05:30,0.0,34.45,-34.45,2
9300,ml_baseline_90deg,2026-07-09 23:31:59.846525+05:30,0.0,33.93,-33.93,2
9301,ml_baseline_90deg,2026-07-09 23:31:59.947214+05:30,0.0,33.57,-33.57,2
9302,ml_baseline_90deg,2026-07-09 23:32:00.047540+05:30,0.0,33.05,-33.05,2
9303,ml_baseline_90deg,2026-07-09 23:32:00.146115+05:30,0.0,32.7,-32.7,2
9304,ml_baseline_90deg,2026-07-09 23:32:00.247603+05:30,0.0,32.17,-32.17,2
9305,ml_baseline_90deg,2026-07-09 23:32:00.347952+05:30,0.0,31.64,-31.64,2
9306,ml_baseline_90deg,2026-07-09 23:32:00.447649+05:30,0.0,31.29,-31.29,2
9307,ml_baseline_90deg,2026-07-09 23:32:00.546284+05:30,0.0,30.94,-30.94,1
9308,ml_baseline_90deg,2026-07-09 23:32:00.646119+05:30,0.0,30.41,-30.41,2
9309,ml_baseline_90deg,2026-07-09 23:32:00.744774+05:30,0.0,30.06,-30.06,2
9310,ml_baseline_90deg,2026-07-09 23:32:00.848546+05:30,0.0,29.71,-29.71,2
9311,ml_baseline_90deg,2026-07-09 23:32:00.945814+05:30,0.0,29.18,-29.18,2
9312,ml_baseline_90deg,2026-07-09 23:32:01.045812+05:30,0.0,28.65,-28.65,2
9313,ml_baseline_90deg,2026-07-09 23:32:01.146176+05:30,0.0,28.3,-28.3,2
9314,ml_baseline_90deg,2026-07-09 23:32:01.246179+05:30,0.0,27.77,-27.77,2
9315,ml_baseline_90deg,2026-07-09 23:32:01.349754+05:30,0.0,27.25,-27.25,2
9316,ml_baseline_90deg,2026-07-09 23:32:01.448269+05:30,0.0,26.89,-26.89,1
9317,ml_baseline_90deg,2026-07-09 23:32:01.545445+05:30,0.0,26.54,-26.54,2
9318,ml_baseline_90deg,2026-07-09 23:32:01.646999+05:30,0.0,26.19,-26.19,2
9319,ml_baseline_90deg,2026-07-09 23:32:01.748025+05:30,0.0,25.66,-25.66,2
9320,ml_baseline_90deg,2026-07-09 23:32:01.846804+05:30,0.0,25.31,-25.31,2
9321,ml_baseline_90deg,2026-07-09 23:32:01.947718+05:30,0.0,24.79,-24.79,2
9322,ml_baseline_90deg,2026-07-09 23:32:02.050040+05:30,0.0,24.43,-24.43,2
9323,ml_baseline_90deg,2026-07-09 23:32:02.147245+05:30,0.0,23.91,-23.91,2
9324,ml_baseline_90deg,2026-07-09 23:32:02.250494+05:30,0.0,23.38,-23.38,2
9325,ml_baseline_90deg,2026-07-09 23:32:02.347776+05:30,0.0,23.03,-23.03,1
9326,ml_baseline_90deg,2026-07-09 23:32:02.446690+05:30,0.0,22.68,-22.68,2
9327,ml_baseline_90deg,2026-07-09 23:32:02.546436+05:30,0.0,22.15,-22.15,2
9328,ml_baseline_90deg,2026-07-09 23:32:02.645124+05:30,0.0,21.62,-21.62,2
9329,ml_baseline_90deg,2026-07-09 23:32:02.745865+05:30,0.0,21.27,-21.27,2
9330,ml_baseline_90deg,2026-07-09 23:32:02.845013+05:30,0.0,20.74,-20.74,2
9331,ml_baseline_90deg,2026-07-09 23:32:02.946242+05:30,0.0,20.39,-20.39,2
9332,ml_baseline_90deg,2026-07-09 23:32:03.045324+05:30,0.0,19.86,-19.86,2
9333,ml_baseline_90deg,2026-07-09 23:32:03.148179+05:30,0.0,19.34,-19.34,2
9334,ml_baseline_90deg,2026-07-09 23:32:03.246685+05:30,0.0,18.98,-18.98,1
9335,ml_baseline_90deg,2026-07-09 23:32:03.347085+05:30,0.0,18.63,-18.63,2
9336,ml_baseline_90deg,2026-07-09 23:32:03.445608+05:30,0.0,18.11,-18.11,2
9337,ml_baseline_90deg,2026-07-09 23:32:03.545264+05:30,0.0,17.75,-17.75,2
9338,ml_baseline_90deg,2026-07-09 23:32:03.647240+05:30,0.0,17.23,-17.23,2
9339,ml_baseline_90deg,2026-07-09 23:32:03.746977+05:30,0.0,16.87,-16.87,2
9340,ml_baseline_90deg,2026-07-09 23:32:03.847336+05:30,0.0,16.35,-16.35,2
9341,ml_baseline_90deg,2026-07-09 23:32:03.946451+05:30,0.0,15.64,-15.64,2
9342,ml_baseline_90deg,2026-07-09 23:32:04.046738+05:30,0.0,15.29,-15.29,2
9343,ml_baseline_90deg,2026-07-09 23:32:04.146820+05:30,0.0,14.94,-14.94,1
9344,ml_baseline_90deg,2026-07-09 23:32:04.246276+05:30,0.0,14.41,-14.41,2
9345,ml_baseline_90deg,2026-07-09 23:32:04.344263+05:30,0.0,13.89,-13.89,2
9346,ml_baseline_90deg,2026-07-09 23:32:04.445786+05:30,0.0,13.36,-13.36,2
9347,ml_baseline_90deg,2026-07-09 23:32:04.544520+05:30,0.0,12.83,-12.83,2
9348,ml_baseline_90deg,2026-07-09 23:32:04.646207+05:30,0.0,12.3,-12.3,2
9349,ml_baseline_90deg,2026-07-09 23:32:04.746843+05:30,0.0,11.78,-11.78,2
9350,ml_baseline_90deg,2026-07-09 23:32:04.847464+05:30,0.0,11.25,-11.25,2
9351,ml_baseline_90deg,2026-07-09 23:32:04.946731+05:30,0.0,10.72,-10.72,2
9352,ml_baseline_90deg,2026-07-09 23:32:05.044795+05:30,0.0,10.37,-10.37,1
9353,ml_baseline_90deg,2026-07-09 23:32:05.145666+05:30,0.0,10.02,-10.02,2
9354,ml_baseline_90deg,2026-07-09 23:32:05.246124+05:30,0.0,9.32,-9.32,2
9355,ml_baseline_90deg,2026-07-09 23:32:05.347488+05:30,0.0,8.79,-8.79,2
9356,ml_baseline_90deg,2026-07-09 23:32:05.449972+05:30,0.0,8.09,-8.09,2
9357,ml_baseline_90deg,2026-07-09 23:32:05.546806+05:30,0.0,7.56,-7.56,2
9358,ml_baseline_90deg,2026-07-09 23:32:05.647459+05:30,0.0,7.03,-7.03,2
9359,ml_baseline_90deg,2026-07-09 23:32:05.747976+05:30,0.0,6.86,-6.86,2
9360,ml_baseline_90deg,2026-07-09 23:32:05.846775+05:30,0.0,6.86,-6.86,2
9361,ml_baseline_90deg,2026-07-09 23:32:05.947098+05:30,0.0,6.86,-6.86,1
9362,ml_baseline_90deg,2026-07-09 23:32:06.046134+05:30,0.0,6.68,-6.68,2
9363,ml_baseline_90deg,2026-07-09 23:32:06.146796+05:30,0.0,6.68,-6.68,2
9364,ml_baseline_90deg,2026-07-09 23:32:06.245702+05:30,0.0,6.68,-6.68,2
9365,ml_baseline_90deg,2026-07-09 23:32:06.345475+05:30,0.0,6.68,-6.68,2
9366,ml_baseline_90deg,2026-07-09 23:32:06.446935+05:30,0.0,6.5,-6.5,2
9367,ml_baseline_90deg,2026-07-09 23:32:06.550256+05:30,0.0,6.5,-6.5,2
9368,ml_baseline_90deg,2026-07-09 23:32:06.645586+05:30,0.0,6.5,-6.5,2
9369,ml_baseline_90deg,2026-07-09 23:32:06.746749+05:30,0.0,6.33,-6.33,2
9370,ml_baseline_90deg,2026-07-09 23:32:06.845813+05:30,0.0,5.98,-5.98,1
9371,ml_baseline_90deg,2026-07-09 23:32:06.947439+05:30,0.0,5.62,-5.62,2
9372,ml_baseline_90deg,2026-07-09 23:32:07.045648+05:30,0.0,4.92,-4.92,1
9373,ml_baseline_90deg,2026-07-09 23:32:07.149122+05:30,0.0,4.39,-4.39,2
9374,ml_baseline_90deg,2026-07-09 23:32:07.251532+05:30,0.0,3.87,-3.87,1
9375,ml_baseline_90deg,2026-07-09 23:32:07.345307+05:30,0.0,3.34,-3.34,1
9376,ml_baseline_90deg,2026-07-09 23:32:07.448729+05:30,0.0,2.81,-2.81,1
9377,ml_baseline_90deg,2026-07-09 23:32:07.549050+05:30,90.0,2.46,87.54,2
9378,ml_baseline_90deg,2026-07-09 23:32:07.646944+05:30,90.0,2.29,87.71,2
9379,ml_baseline_90deg,2026-07-09 23:32:07.748834+05:30,90.0,2.29,87.71,2
9380,ml_baseline_90deg,2026-07-09 23:32:07.848776+05:30,90.0,2.29,87.71,2
9381,ml_baseline_90deg,2026-07-09 23:32:07.946394+05:30,90.0,2.29,87.71,2
9382,ml_baseline_90deg,2026-07-09 23:32:08.045278+05:30,90.0,2.29,87.71,2
9383,ml_baseline_90deg,2026-07-09 23:32:08.147456+05:30,90.0,2.29,87.71,2
9384,ml_baseline_90deg,2026-07-09 23:32:08.244884+05:30,90.0,2.29,87.71,2
9385,ml_baseline_90deg,2026-07-09 23:32:08.347076+05:30,90.0,2.29,87.71,1
9386,ml_baseline_90deg,2026-07-09 23:32:08.449119+05:30,90.0,2.46,87.54,2
9387,ml_baseline_90deg,2026-07-09 23:32:08.545971+05:30,90.0,2.64,87.36,2
9388,ml_baseline_90deg,2026-07-09 23:32:08.647542+05:30,90.0,2.99,87.01,2
9389,ml_baseline_90deg,2026-07-09 23:32:08.746847+05:30,90.0,3.34,86.66,2
9390,ml_baseline_90deg,2026-07-09 23:32:08.846020+05:30,90.0,3.87,86.13,2
9391,ml_baseline_90deg,2026-07-09 23:32:08.947674+05:30,90.0,4.57,85.43,2
9392,ml_baseline_90deg,2026-07-09 23:32:09.044495+05:30,90.0,5.1,84.9,2
9393,ml_baseline_90deg,2026-07-09 23:32:09.148505+05:30,90.0,5.62,84.37,2
9394,ml_baseline_90deg,2026-07-09 23:32:09.247725+05:30,90.0,6.33,83.67,1
9395,ml_baseline_90deg,2026-07-09 23:32:09.346920+05:30,90.0,6.68,83.32,2
9396,ml_baseline_90deg,2026-07-09 23:32:09.447959+05:30,90.0,7.21,82.79,2
9397,ml_baseline_90deg,2026-07-09 23:32:09.548975+05:30,90.0,7.73,82.27,2
9398,ml_baseline_90deg,2026-07-09 23:32:09.646347+05:30,90.0,8.26,81.74,2
9399,ml_baseline_90deg,2026-07-09 23:32:09.749663+05:30,90.0,8.96,81.04,2
9400,ml_baseline_90deg,2026-07-09 23:32:09.847701+05:30,90.0,9.49,80.51,2
9401,ml_baseline_90deg,2026-07-09 23:32:09.946355+05:30,90.0,10.02,79.98,2
9402,ml_baseline_90deg,2026-07-09 23:32:10.046434+05:30,90.0,10.55,79.45,2
9403,ml_baseline_90deg,2026-07-09 23:32:10.147284+05:30,90.0,11.07,78.93,1
9404,ml_baseline_90deg,2026-07-09 23:32:10.247808+05:30,90.0,11.43,78.57,2
9405,ml_baseline_90deg,2026-07-09 23:32:10.350365+05:30,90.0,11.95,78.05,2
9406,ml_baseline_90deg,2026-07-09 23:32:10.446319+05:30,90.0,12.48,77.52,2
9407,ml_baseline_90deg,2026-07-09 23:32:10.547876+05:30,90.0,13.01,76.99,2
9408,ml_baseline_90deg,2026-07-09 23:32:10.650219+05:30,90.0,13.54,76.46,2
9409,ml_baseline_90deg,2026-07-09 23:32:10.745748+05:30,90.0,14.06,75.94,2
9410,ml_baseline_90deg,2026-07-09 23:32:10.846294+05:30,90.0,14.41,75.59,2
9411,ml_baseline_90deg,2026-07-09 23:32:10.948829+05:30,90.0,14.94,75.06,2
9412,ml_baseline_90deg,2026-07-09 23:32:11.045565+05:30,90.0,15.47,74.53,1
9413,ml_baseline_90deg,2026-07-09 23:32:11.145067+05:30,90.0,15.82,74.18,2
9414,ml_baseline_90deg,2026-07-09 23:32:11.243740+05:30,90.0,16.35,73.65,2
9415,ml_baseline_90deg,2026-07-09 23:32:11.345619+05:30,90.0,16.87,73.12,2
9416,ml_baseline_90deg,2026-07-09 23:32:11.446856+05:30,90.0,17.4,72.6,2
9417,ml_baseline_90deg,2026-07-09 23:32:11.545115+05:30,90.0,17.93,72.07,2
9418,ml_baseline_90deg,2026-07-09 23:32:11.646192+05:30,90.0,18.46,71.54,2
9419,ml_baseline_90deg,2026-07-09 23:32:11.747066+05:30,90.0,18.98,71.02,2
9420,ml_baseline_90deg,2026-07-09 23:32:11.847771+05:30,90.0,19.34,70.66,2
9421,ml_baseline_90deg,2026-07-09 23:32:11.946306+05:30,90.0,19.86,70.14,1
9422,ml_baseline_90deg,2026-07-09 23:32:12.044965+05:30,90.0,20.21,69.79,2
9423,ml_baseline_90deg,2026-07-09 23:32:12.146642+05:30,90.0,20.74,69.26,2
9424,ml_baseline_90deg,2026-07-09 23:32:12.246450+05:30,90.0,21.09,68.91,2
9425,ml_baseline_90deg,2026-07-09 23:32:12.347191+05:30,90.0,21.62,68.38,2
9426,ml_baseline_90deg,2026-07-09 23:32:12.449435+05:30,90.0,22.15,67.85,2
9427,ml_baseline_90deg,2026-07-09 23:32:12.550413+05:30,90.0,22.5,67.5,2
9428,ml_baseline_90deg,2026-07-09 23:32:12.647229+05:30,90.0,23.03,66.97,2
9429,ml_baseline_90deg,2026-07-09 23:32:12.750001+05:30,90.0,23.55,66.45,2
9430,ml_baseline_90deg,2026-07-09 23:32:12.847851+05:30,90.0,23.91,66.09,1
9431,ml_baseline_90deg,2026-07-09 23:32:12.948687+05:30,90.0,24.26,65.74,2
9432,ml_baseline_90deg,2026-07-09 23:32:13.045973+05:30,90.0,24.79,65.21,2
9433,ml_baseline_90deg,2026-07-09 23:32:13.146581+05:30,90.0,25.14,64.86,2
9434,ml_baseline_90deg,2026-07-09 23:32:13.246599+05:30,90.0,25.66,64.34,2
9435,ml_baseline_90deg,2026-07-09 23:32:13.348535+05:30,90.0,26.02,63.98,2
9436,ml_baseline_90deg,2026-07-09 23:32:13.445933+05:30,90.0,26.54,63.46,2
9437,ml_baseline_90deg,2026-07-09 23:32:13.546748+05:30,90.0,26.89,63.11,2
9438,ml_baseline_90deg,2026-07-09 23:32:13.648232+05:30,90.0,27.42,62.58,2
9439,ml_baseline_90deg,2026-07-09 23:32:13.746672+05:30,90.0,27.77,62.23,1
9440,ml_baseline_90deg,2026-07-09 23:32:13.848463+05:30,90.0,28.12,61.88,2
9441,ml_baseline_90deg,2026-07-09 23:32:13.947034+05:30,90.0,28.48,61.52,2
9442,ml_baseline_90deg,2026-07-09 23:32:14.046127+05:30,90.0,28.83,61.17,2
9443,ml_baseline_90deg,2026-07-09 23:32:14.147502+05:30,90.0,29.36,60.64,2
9444,ml_baseline_90deg,2026-07-09 23:32:14.247227+05:30,90.0,29.88,60.12,2
9445,ml_baseline_90deg,2026-07-09 23:32:14.347177+05:30,90.0,30.23,59.77,2
9446,ml_baseline_90deg,2026-07-09 23:32:14.446478+05:30,90.0,30.59,59.41,2
9447,ml_baseline_90deg,2026-07-09 23:32:14.544814+05:30,90.0,31.11,58.89,2
9448,ml_baseline_90deg,2026-07-09 23:32:14.647438+05:30,90.0,31.46,58.54,1
9449,ml_baseline_90deg,2026-07-09 23:32:14.745088+05:30,90.0,31.82,58.18,2
9450,ml_baseline_90deg,2026-07-09 23:32:14.846919+05:30,90.0,32.17,57.83,2
9451,ml_baseline_90deg,2026-07-09 23:32:14.946451+05:30,90.0,32.7,57.3,2
9452,ml_baseline_90deg,2026-07-09 23:32:15.046398+05:30,90.0,33.05,56.95,2
9453,ml_baseline_90deg,2026-07-09 23:32:15.147502+05:30,90.0,33.4,56.6,2
9454,ml_baseline_90deg,2026-07-09 23:32:15.245690+05:30,90.0,33.93,56.07,2
9455,ml_baseline_90deg,2026-07-09 23:32:15.348841+05:30,90.0,34.28,55.72,2
9456,ml_baseline_90deg,2026-07-09 23:32:15.448493+05:30,90.0,34.8,55.2,2
9457,ml_baseline_90deg,2026-07-09 23:32:15.545810+05:30,90.0,35.16,54.84,1
9458,ml_baseline_90deg,2026-07-09 23:32:15.647377+05:30,90.0,35.51,54.49,2
9459,ml_baseline_90deg,2026-07-09 23:32:15.748614+05:30,90.0,35.86,54.14,2
9460,ml_baseline_90deg,2026-07-09 23:32:15.846883+05:30,90.0,36.39,53.61,2
9461,ml_baseline_90deg,2026-07-09 23:32:15.947844+05:30,90.0,36.74,53.26,2
9462,ml_baseline_90deg,2026-07-09 23:32:16.048061+05:30,90.0,37.27,52.73,2
9463,ml_baseline_90deg,2026-07-09 23:32:16.145861+05:30,90.0,37.62,52.38,2
9464,ml_baseline_90deg,2026-07-09 23:32:16.245381+05:30,90.0,38.14,51.86,2
9465,ml_baseline_90deg,2026-07-09 23:32:16.345874+05:30,90.0,38.5,51.5,2
9466,ml_baseline_90deg,2026-07-09 23:32:16.446194+05:30,90.0,39.02,50.98,1
9467,ml_baseline_90deg,2026-07-09 23:32:16.548452+05:30,90.0,39.2,50.8,2
9468,ml_baseline_90deg,2026-07-09 23:32:16.646636+05:30,90.0,39.73,50.27,2
9469,ml_baseline_90deg,2026-07-09 23:32:16.747852+05:30,90.0,40.08,49.92,2
9470,ml_baseline_90deg,2026-07-09 23:32:16.847016+05:30,90.0,40.43,49.57,2
9471,ml_baseline_90deg,2026-07-09 23:32:16.947806+05:30,90.0,40.96,49.04,2
9472,ml_baseline_90deg,2026-07-09 23:32:17.046785+05:30,90.0,41.31,48.69,2
9473,ml_baseline_90deg,2026-07-09 23:32:17.144612+05:30,90.0,41.84,48.16,2
9474,ml_baseline_90deg,2026-07-09 23:32:17.246555+05:30,90.0,42.19,47.81,2
9475,ml_baseline_90deg,2026-07-09 23:32:17.346933+05:30,90.0,42.54,47.46,1
9476,ml_baseline_90deg,2026-07-09 23:32:17.445857+05:30,90.0,42.89,47.11,2
9477,ml_baseline_90deg,2026-07-09 23:32:17.546829+05:30,90.0,43.24,46.76,2
9478,ml_baseline_90deg,2026-07-09 23:32:17.648492+05:30,90.0,43.77,46.23,2
9479,ml_baseline_90deg,2026-07-09 23:32:17.750620+05:30,90.0,44.12,45.88,2
9480,ml_baseline_90deg,2026-07-09 23:32:17.846355+05:30,90.0,44.65,45.35,2
9481,ml_baseline_90deg,2026-07-09 23:32:17.946746+05:30,90.0,45.0,45.0,2
9482,ml_baseline_90deg,2026-07-09 23:32:18.047213+05:30,90.0,45.35,44.65,2
9483,ml_baseline_90deg,2026-07-09 23:32:18.147102+05:30,90.0,45.88,44.12,2
9484,ml_baseline_90deg,2026-07-09 23:32:18.246571+05:30,90.0,46.23,43.77,1
9485,ml_baseline_90deg,2026-07-09 23:32:18.346680+05:30,90.0,46.41,43.59,2
9486,ml_baseline_90deg,2026-07-09 23:32:18.447242+05:30,90.0,46.93,43.07,2
9487,ml_baseline_90deg,2026-07-09 23:32:18.546708+05:30,90.0,47.29,42.71,2
9488,ml_baseline_90deg,2026-07-09 23:32:18.646614+05:30,90.0,47.64,42.36,2
9489,ml_baseline_90deg,2026-07-09 23:32:18.746314+05:30,90.0,48.16,41.84,2
9490,ml_baseline_90deg,2026-07-09 23:32:18.845383+05:30,90.0,48.52,41.48,2
9491,ml_baseline_90deg,2026-07-09 23:32:18.947539+05:30,90.0,49.04,40.96,2
9492,ml_baseline_90deg,2026-07-09 23:32:19.043692+05:30,90.0,49.39,40.61,2
9493,ml_baseline_90deg,2026-07-09 23:32:19.145022+05:30,90.0,49.75,40.25,1
9494,ml_baseline_90deg,2026-07-09 23:32:19.247984+05:30,90.0,50.1,39.9,2
9495,ml_baseline_90deg,2026-07-09 23:32:19.345144+05:30,90.0,50.45,39.55,2
9496,ml_baseline_90deg,2026-07-09 23:32:19.446264+05:30,90.0,50.8,39.2,2
9497,ml_baseline_90deg,2026-07-09 23:32:19.547510+05:30,90.0,51.33,38.67,2
9498,ml_baseline_90deg,2026-07-09 23:32:19.651582+05:30,90.0,51.68,38.32,2
9499,ml_baseline_90deg,2026-07-09 23:32:19.745332+05:30,90.0,52.03,37.97,2
9500,ml_baseline_90deg,2026-07-09 23:32:19.845420+05:30,90.0,52.38,37.62,2
9501,ml_baseline_90deg,2026-07-09 23:32:19.947137+05:30,90.0,52.91,37.09,2
9502,ml_baseline_90deg,2026-07-09 23:32:20.048905+05:30,90.0,53.26,36.74,1
9503,ml_baseline_90deg,2026-07-09 23:32:20.147119+05:30,90.0,53.61,36.39,2
9504,ml_baseline_90deg,2026-07-09 23:32:20.245736+05:30,90.0,53.96,36.04,2
9505,ml_baseline_90deg,2026-07-09 23:32:20.344755+05:30,90.0,54.32,35.68,2
9506,ml_baseline_90deg,2026-07-09 23:32:20.445632+05:30,90.0,54.67,35.33,2
9507,ml_baseline_90deg,2026-07-09 23:32:20.545271+05:30,90.0,55.02,34.98,2
9508,ml_baseline_90deg,2026-07-09 23:32:20.647173+05:30,90.0,55.37,34.63,2
9509,ml_baseline_90deg,2026-07-09 23:32:20.746466+05:30,90.0,55.72,34.28,2
9510,ml_baseline_90deg,2026-07-09 23:32:20.845623+05:30,90.0,56.07,33.93,2
9511,ml_baseline_90deg,2026-07-09 23:32:20.945138+05:30,90.0,56.43,33.57,1
9512,ml_baseline_90deg,2026-07-09 23:32:21.048505+05:30,90.0,56.78,33.22,2
9513,ml_baseline_90deg,2026-07-09 23:32:21.146851+05:30,90.0,57.13,32.87,2
9514,ml_baseline_90deg,2026-07-09 23:32:21.245851+05:30,90.0,57.48,32.52,2
9515,ml_baseline_90deg,2026-07-09 23:32:21.345785+05:30,90.0,57.83,32.17,2
9516,ml_baseline_90deg,2026-07-09 23:32:21.447741+05:30,90.0,58.18,31.82,2
9517,ml_baseline_90deg,2026-07-09 23:32:21.545420+05:30,90.0,58.71,31.29,2
9518,ml_baseline_90deg,2026-07-09 23:32:21.647460+05:30,90.0,59.06,30.94,2
9519,ml_baseline_90deg,2026-07-09 23:32:21.750667+05:30,90.0,59.41,30.59,2
9520,ml_baseline_90deg,2026-07-09 23:32:21.847115+05:30,90.0,59.94,30.06,1
9521,ml_baseline_90deg,2026-07-09 23:32:21.948091+05:30,90.0,60.12,29.88,2
9522,ml_baseline_90deg,2026-07-09 23:32:22.044480+05:30,90.0,60.64,29.36,2
9523,ml_baseline_90deg,2026-07-09 23:32:22.147245+05:30,90.0,61.0,29.0,2
9524,ml_baseline_90deg,2026-07-09 23:32:22.246992+05:30,90.0,61.35,28.65,2
9525,ml_baseline_90deg,2026-07-09 23:32:22.345667+05:30,90.0,61.7,28.3,2
9526,ml_baseline_90deg,2026-07-09 23:32:22.447646+05:30,90.0,62.23,27.77,2
9527,ml_baseline_90deg,2026-07-09 23:32:22.547119+05:30,90.0,62.58,27.42,2
9528,ml_baseline_90deg,2026-07-09 23:32:22.649336+05:30,90.0,62.93,27.07,2
9529,ml_baseline_90deg,2026-07-09 23:32:22.747034+05:30,90.0,63.46,26.54,1
9530,ml_baseline_90deg,2026-07-09 23:32:22.847768+05:30,90.0,63.63,26.37,2
9531,ml_baseline_90deg,2026-07-09 23:32:22.947957+05:30,90.0,64.16,25.84,2
9532,ml_baseline_90deg,2026-07-09 23:32:23.046636+05:30,90.0,64.51,25.49,2
9533,ml_baseline_90deg,2026-07-09 23:32:23.149884+05:30,90.0,65.04,24.96,2
9534,ml_baseline_90deg,2026-07-09 23:32:23.247321+05:30,90.0,65.39,24.61,2
9535,ml_baseline_90deg,2026-07-09 23:32:23.346371+05:30,90.0,65.74,24.26,2
9536,ml_baseline_90deg,2026-07-09 23:32:23.447713+05:30,90.0,66.27,23.73,2
9537,ml_baseline_90deg,2026-07-09 23:32:23.547808+05:30,90.0,66.62,23.38,2
9538,ml_baseline_90deg,2026-07-09 23:32:23.647258+05:30,90.0,66.97,23.03,1
9539,ml_baseline_90deg,2026-07-09 23:32:23.750834+05:30,90.0,67.15,22.85,2
9540,ml_baseline_90deg,2026-07-09 23:32:23.845004+05:30,90.0,67.68,22.32,2
9541,ml_baseline_90deg,2026-07-09 23:32:23.948047+05:30,90.0,68.03,21.97,2
9542,ml_baseline_90deg,2026-07-09 23:32:24.045739+05:30,90.0,68.38,21.62,2
9543,ml_baseline_90deg,2026-07-09 23:32:24.149362+05:30,90.0,68.91,21.09,2
9544,ml_baseline_90deg,2026-07-09 23:32:24.245577+05:30,90.0,69.26,20.74,2
9545,ml_baseline_90deg,2026-07-09 23:32:24.346857+05:30,90.0,69.61,20.39,2
9546,ml_baseline_90deg,2026-07-09 23:32:24.447306+05:30,90.0,70.14,19.86,2
9547,ml_baseline_90deg,2026-07-09 23:32:24.548756+05:30,90.0,70.49,19.51,1
9548,ml_baseline_90deg,2026-07-09 23:32:24.647678+05:30,90.0,70.84,19.16,2
9549,ml_baseline_90deg,2026-07-09 23:32:24.747341+05:30,90.0,71.19,18.81,2
9550,ml_baseline_90deg,2026-07-09 23:32:24.847694+05:30,90.0,71.54,18.46,2
9551,ml_baseline_90deg,2026-07-09 23:32:24.947482+05:30,90.0,72.07,17.93,2
9552,ml_baseline_90deg,2026-07-09 23:32:25.046307+05:30,90.0,72.42,17.58,2
9553,ml_baseline_90deg,2026-07-09 23:32:25.147126+05:30,90.0,72.95,17.05,2
9554,ml_baseline_90deg,2026-07-09 23:32:25.247252+05:30,90.0,73.3,16.7,2
9555,ml_baseline_90deg,2026-07-09 23:32:25.347196+05:30,90.0,73.83,16.17,2
9556,ml_baseline_90deg,2026-07-09 23:32:25.446485+05:30,90.0,74.18,15.82,1
9557,ml_baseline_90deg,2026-07-09 23:32:25.547192+05:30,90.0,74.53,15.47,2
9558,ml_baseline_90deg,2026-07-09 23:32:25.649505+05:30,90.0,74.88,15.12,2
9559,ml_baseline_90deg,2026-07-09 23:32:25.746669+05:30,90.0,75.41,14.59,2
9560,ml_baseline_90deg,2026-07-09 23:32:25.847137+05:30,90.0,75.76,14.24,2
9561,ml_baseline_90deg,2026-07-09 23:32:25.948063+05:30,90.0,76.29,13.71,2
9562,ml_baseline_90deg,2026-07-09 23:32:26.047859+05:30,90.0,76.64,13.36,2
9563,ml_baseline_90deg,2026-07-09 23:32:26.147297+05:30,90.0,77.17,12.83,2
9564,ml_baseline_90deg,2026-07-09 23:32:26.245928+05:30,90.0,77.52,12.48,2
9565,ml_baseline_90deg,2026-07-09 23:32:26.345910+05:30,90.0,77.87,12.13,1
9566,ml_baseline_90deg,2026-07-09 23:32:26.444961+05:30,90.0,78.22,11.78,2
9567,ml_baseline_90deg,2026-07-09 23:32:26.547203+05:30,90.0,78.75,11.25,2
9568,ml_baseline_90deg,2026-07-09 23:32:26.646907+05:30,90.0,79.1,10.9,2
9569,ml_baseline_90deg,2026-07-09 23:32:26.748014+05:30,90.0,79.63,10.37,2
9570,ml_baseline_90deg,2026-07-09 23:32:26.846463+05:30,90.0,79.98,10.02,2
9571,ml_baseline_90deg,2026-07-09 23:32:26.951935+05:30,90.0,80.33,9.67,2
9572,ml_baseline_90deg,2026-07-09 23:32:27.045303+05:30,90.0,80.33,9.67,2
9573,ml_baseline_90deg,2026-07-09 23:32:27.148276+05:30,90.0,80.33,9.67,2
9574,ml_baseline_90deg,2026-07-09 23:32:27.245403+05:30,90.0,80.33,9.67,1
9575,ml_baseline_90deg,2026-07-09 23:32:27.346483+05:30,90.0,80.51,9.49,2
9576,ml_baseline_90deg,2026-07-09 23:32:27.448037+05:30,90.0,80.68,9.32,2
9577,ml_baseline_90deg,2026-07-09 23:32:27.548127+05:30,90.0,80.68,9.32,2
9578,ml_baseline_90deg,2026-07-09 23:32:27.646106+05:30,90.0,80.86,9.14,2
9579,ml_baseline_90deg,2026-07-09 23:32:27.748716+05:30,90.0,81.04,8.96,2
9580,ml_baseline_90deg,2026-07-09 23:32:27.848690+05:30,90.0,81.39,8.61,2
9581,ml_baseline_90deg,2026-07-09 23:32:27.947511+05:30,90.0,81.39,8.61,2
9582,ml_baseline_90deg,2026-07-09 23:32:28.047432+05:30,90.0,81.56,8.44,2
9583,ml_baseline_90deg,2026-07-09 23:32:28.147445+05:30,90.0,81.74,8.26,1
9584,ml_baseline_90deg,2026-07-09 23:32:28.249559+05:30,90.0,82.09,7.91,2
9585,ml_baseline_90deg,2026-07-09 23:32:28.348181+05:30,90.0,82.44,7.56,2
9586,ml_baseline_90deg,2026-07-09 23:32:28.446903+05:30,90.0,82.79,7.21,2
9587,ml_baseline_90deg,2026-07-09 23:32:28.549553+05:30,90.0,83.14,6.86,2
9588,ml_baseline_90deg,2026-07-09 23:32:28.647774+05:30,90.0,83.67,6.33,2
9589,ml_baseline_90deg,2026-07-09 23:32:28.748404+05:30,90.0,84.2,5.8,2
9590,ml_baseline_90deg,2026-07-09 23:32:28.850777+05:30,90.0,84.55,5.45,2
9591,ml_baseline_90deg,2026-07-09 23:32:28.950667+05:30,90.0,85.08,4.92,1
9592,ml_baseline_90deg,2026-07-09 23:32:29.047164+05:30,0.0,85.43,-85.43,2
9593,ml_baseline_90deg,2026-07-09 23:32:29.147551+05:30,0.0,85.43,-85.43,2
9594,ml_baseline_90deg,2026-07-09 23:32:29.246720+05:30,0.0,85.43,-85.43,2
9595,ml_baseline_90deg,2026-07-09 23:32:29.346182+05:30,0.0,85.43,-85.43,2
9596,ml_baseline_90deg,2026-07-09 23:32:29.446090+05:30,0.0,85.43,-85.43,2
9597,ml_baseline_90deg,2026-07-09 23:32:29.547606+05:30,0.0,85.43,-85.43,2
9598,ml_baseline_90deg,2026-07-09 23:32:29.648357+05:30,0.0,85.43,-85.43,2
9599,ml_baseline_90deg,2026-07-09 23:32:29.746047+05:30,0.0,85.43,-85.43,2
9600,ml_baseline_90deg,2026-07-09 23:32:29.847194+05:30,0.0,85.43,-85.43,1
9601,ml_baseline_90deg,2026-07-09 23:32:29.948880+05:30,0.0,85.43,-85.43,2
9602,ml_baseline_90deg,2026-07-09 23:32:30.048564+05:30,0.0,85.43,-85.43,2
9603,ml_baseline_90deg,2026-07-09 23:32:30.147745+05:30,0.0,85.25,-85.25,2
9604,ml_baseline_90deg,2026-07-09 23:32:30.246813+05:30,0.0,85.08,-85.08,2
9605,ml_baseline_90deg,2026-07-09 23:32:30.346385+05:30,0.0,84.9,-84.9,2
9606,ml_baseline_90deg,2026-07-09 23:32:30.445908+05:30,0.0,84.73,-84.73,2
9607,ml_baseline_90deg,2026-07-09 23:32:30.545584+05:30,0.0,84.37,-84.37,2
9608,ml_baseline_90deg,2026-07-09 23:32:30.646752+05:30,0.0,84.02,-84.02,2
9609,ml_baseline_90deg,2026-07-09 23:32:30.745741+05:30,0.0,83.67,-83.67,1
9610,ml_baseline_90deg,2026-07-09 23:32:30.844541+05:30,0.0,83.32,-83.32,2
9611,ml_baseline_90deg,2026-07-09 23:32:30.946813+05:30,0.0,82.97,-82.97,2
9612,ml_baseline_90deg,2026-07-09 23:32:31.051015+05:30,0.0,82.44,-82.44,2
9613,ml_baseline_90deg,2026-07-09 23:32:31.147524+05:30,0.0,81.91,-81.91,2
9614,ml_baseline_90deg,2026-07-09 23:32:31.244909+05:30,0.0,81.39,-81.39,2
9615,ml_baseline_90deg,2026-07-09 23:32:31.345506+05:30,0.0,80.86,-80.86,2
9616,ml_baseline_90deg,2026-07-09 23:32:31.447497+05:30,0.0,80.33,-80.33,2
9617,ml_baseline_90deg,2026-07-09 23:32:31.545918+05:30,0.0,79.98,-79.98,2
9618,ml_baseline_90deg,2026-07-09 23:32:31.648428+05:30,0.0,79.45,-79.45,1
9619,ml_baseline_90deg,2026-07-09 23:32:31.749686+05:30,0.0,79.1,-79.1,2
9620,ml_baseline_90deg,2026-07-09 23:32:31.848303+05:30,0.0,78.57,-78.57,2
9621,ml_baseline_90deg,2026-07-09 23:32:31.947974+05:30,0.0,78.05,-78.05,2
9622,ml_baseline_90deg,2026-07-09 23:32:32.047767+05:30,0.0,77.7,-77.7,2
9623,ml_baseline_90deg,2026-07-09 23:32:32.148406+05:30,0.0,77.17,-77.17,2
9624,ml_baseline_90deg,2026-07-09 23:32:32.247814+05:30,0.0,76.64,-76.64,2
9625,ml_baseline_90deg,2026-07-09 23:32:32.347081+05:30,0.0,76.11,-76.11,2
9626,ml_baseline_90deg,2026-07-09 23:32:32.445753+05:30,0.0,75.76,-75.76,2
9627,ml_baseline_90deg,2026-07-09 23:32:32.546893+05:30,0.0,75.23,-75.23,1
9628,ml_baseline_90deg,2026-07-09 23:32:32.645576+05:30,0.0,74.88,-74.88,2
9629,ml_baseline_90deg,2026-07-09 23:32:32.746734+05:30,0.0,74.53,-74.53,2
9630,ml_baseline_90deg,2026-07-09 23:32:32.846139+05:30,0.0,74.0,-74.0,2
9631,ml_baseline_90deg,2026-07-09 23:32:32.946307+05:30,0.0,73.65,-73.65,2
9632,ml_baseline_90deg,2026-07-09 23:32:33.046326+05:30,0.0,73.12,-73.12,2
9633,ml_baseline_90deg,2026-07-09 23:32:33.146295+05:30,0.0,72.6,-72.6,2
9634,ml_baseline_90deg,2026-07-09 23:32:33.249818+05:30,0.0,72.07,-72.07,2
9635,ml_baseline_90deg,2026-07-09 23:32:33.348661+05:30,0.0,71.72,-71.72,2
9636,ml_baseline_90deg,2026-07-09 23:32:33.448394+05:30,0.0,71.19,-71.19,1
9637,ml_baseline_90deg,2026-07-09 23:32:33.547418+05:30,0.0,70.84,-70.84,2
9638,ml_baseline_90deg,2026-07-09 23:32:33.647440+05:30,0.0,70.49,-70.49,2
9639,ml_baseline_90deg,2026-07-09 23:32:33.749170+05:30,0.0,69.96,-69.96,2
9640,ml_baseline_90deg,2026-07-09 23:32:33.847265+05:30,0.0,69.61,-69.61,2
9641,ml_baseline_90deg,2026-07-09 23:32:33.948253+05:30,0.0,69.08,-69.08,2
9642,ml_baseline_90deg,2026-07-09 23:32:34.046108+05:30,0.0,68.73,-68.73,2
9643,ml_baseline_90deg,2026-07-09 23:32:34.147508+05:30,0.0,68.2,-68.2,2
9644,ml_baseline_90deg,2026-07-09 23:32:34.246222+05:30,0.0,67.68,-67.68,2
9645,ml_baseline_90deg,2026-07-09 23:32:34.346790+05:30,0.0,67.32,-67.32,1
9646,ml_baseline_90deg,2026-07-09 23:32:34.448266+05:30,0.0,67.15,-67.15,2
9647,ml_baseline_90deg,2026-07-09 23:32:34.547331+05:30,0.0,66.62,-66.62,2
9648,ml_baseline_90deg,2026-07-09 23:32:34.646968+05:30,0.0,66.27,-66.27,2
9649,ml_baseline_90deg,2026-07-09 23:32:34.748138+05:30,0.0,65.74,-65.74,2
9650,ml_baseline_90deg,2026-07-09 23:32:34.860039+05:30,0.0,65.21,-65.21,2
9651,ml_baseline_90deg,2026-07-09 23:32:34.949555+05:30,0.0,64.86,-64.86,2
9652,ml_baseline_90deg,2026-07-09 23:32:35.045202+05:30,0.0,64.34,-64.34,2
9653,ml_baseline_90deg,2026-07-09 23:32:35.146264+05:30,0.0,63.98,-63.98,2
9654,ml_baseline_90deg,2026-07-09 23:32:35.244360+05:30,0.0,63.46,-63.46,1
9655,ml_baseline_90deg,2026-07-09 23:32:35.345091+05:30,0.0,63.28,-63.28,2
9656,ml_baseline_90deg,2026-07-09 23:32:35.445308+05:30,0.0,62.93,-62.93,2
9657,ml_baseline_90deg,2026-07-09 23:32:35.546013+05:30,0.0,62.4,-62.4,2
9658,ml_baseline_90deg,2026-07-09 23:32:35.649487+05:30,0.0,61.88,-61.88,2
9659,ml_baseline_90deg,2026-07-09 23:32:35.749067+05:30,0.0,61.52,-61.52,2
9660,ml_baseline_90deg,2026-07-09 23:32:35.850293+05:30,0.0,61.17,-61.17,2
9661,ml_baseline_90deg,2026-07-09 23:32:35.946957+05:30,0.0,60.64,-60.64,2
9662,ml_baseline_90deg,2026-07-09 23:32:36.045113+05:30,0.0,60.12,-60.12,2
9663,ml_baseline_90deg,2026-07-09 23:32:36.146892+05:30,0.0,59.94,-59.94,1
9664,ml_baseline_90deg,2026-07-09 23:32:36.245860+05:30,90.0,59.77,30.23,2
9665,ml_baseline_90deg,2026-07-09 23:32:36.344676+05:30,90.0,59.77,30.23,2
9666,ml_baseline_90deg,2026-07-09 23:32:36.445340+05:30,90.0,59.77,30.23,2
9667,ml_baseline_90deg,2026-07-09 23:32:36.548624+05:30,90.0,59.77,30.23,2
9668,ml_baseline_90deg,2026-07-09 23:32:36.646921+05:30,90.0,59.77,30.23,2
9669,ml_baseline_90deg,2026-07-09 23:32:36.746132+05:30,90.0,59.77,30.23,2
9670,ml_baseline_90deg,2026-07-09 23:32:36.846593+05:30,90.0,59.77,30.23,2
9671,ml_baseline_90deg,2026-07-09 23:32:36.945815+05:30,90.0,59.77,30.23,2
9672,ml_baseline_90deg,2026-07-09 23:32:37.046706+05:30,90.0,59.77,30.23,1
9673,ml_baseline_90deg,2026-07-09 23:32:37.146978+05:30,90.0,59.77,30.23,2
9674,ml_baseline_90deg,2026-07-09 23:32:37.245740+05:30,90.0,59.94,30.06,2
9675,ml_baseline_90deg,2026-07-09 23:32:37.344713+05:30,90.0,59.94,30.06,2
9676,ml_baseline_90deg,2026-07-09 23:32:37.447505+05:30,90.0,60.12,29.88,2
9677,ml_baseline_90deg,2026-07-09 23:32:37.546157+05:30,90.0,60.29,29.71,2
9678,ml_baseline_90deg,2026-07-09 23:32:37.644739+05:30,90.0,60.64,29.36,2
9679,ml_baseline_90deg,2026-07-09 23:32:37.749227+05:30,90.0,61.0,29.0,2
9680,ml_baseline_90deg,2026-07-09 23:32:37.844236+05:30,90.0,61.35,28.65,2
9681,ml_baseline_90deg,2026-07-09 23:32:37.944796+05:30,90.0,61.52,28.48,1
9682,ml_baseline_90deg,2026-07-09 23:32:38.045146+05:30,90.0,61.88,28.12,2
9683,ml_baseline_90deg,2026-07-09 23:32:38.144909+05:30,90.0,62.4,27.6,2
9684,ml_baseline_90deg,2026-07-09 23:32:38.244888+05:30,90.0,62.75,27.25,2
9685,ml_baseline_90deg,2026-07-09 23:32:38.343802+05:30,90.0,63.28,26.72,2
9686,ml_baseline_90deg,2026-07-09 23:32:38.444737+05:30,90.0,63.63,26.37,2
9687,ml_baseline_90deg,2026-07-09 23:32:38.545744+05:30,90.0,63.98,26.02,2
9688,ml_baseline_90deg,2026-07-09 23:32:38.645799+05:30,90.0,64.51,25.49,2
9689,ml_baseline_90deg,2026-07-09 23:32:38.744620+05:30,90.0,64.86,25.14,2
9690,ml_baseline_90deg,2026-07-09 23:32:38.846603+05:30,90.0,65.21,24.79,1
9691,ml_baseline_90deg,2026-07-09 23:32:38.944051+05:30,90.0,65.57,24.43,2
9692,ml_baseline_90deg,2026-07-09 23:32:39.045279+05:30,90.0,65.92,24.08,2
9693,ml_baseline_90deg,2026-07-09 23:32:39.144825+05:30,90.0,66.27,23.73,2
9694,ml_baseline_90deg,2026-07-09 23:32:39.246357+05:30,90.0,66.62,23.38,2
9695,ml_baseline_90deg,2026-07-09 23:32:39.345073+05:30,90.0,67.15,22.85,2
9696,ml_baseline_90deg,2026-07-09 23:32:39.445735+05:30,90.0,67.5,22.5,2
9697,ml_baseline_90deg,2026-07-09 23:32:39.546376+05:30,90.0,67.85,22.15,2
9698,ml_baseline_90deg,2026-07-09 23:32:39.644486+05:30,90.0,68.38,21.62,2
9699,ml_baseline_90deg,2026-07-09 23:32:39.745882+05:30,90.0,68.73,21.27,1
9700,ml_baseline_90deg,2026-07-09 23:32:39.847200+05:30,90.0,68.91,21.09,2
9701,ml_baseline_90deg,2026-07-09 23:32:39.945730+05:30,90.0,69.43,20.57,2
9702,ml_baseline_90deg,2026-07-09 23:32:40.044948+05:30,90.0,69.79,20.21,2
9703,ml_baseline_90deg,2026-07-09 23:32:40.146485+05:30,90.0,70.31,19.69,2
9704,ml_baseline_90deg,2026-07-09 23:32:40.247830+05:30,90.0,70.66,19.34,2
9705,ml_baseline_90deg,2026-07-09 23:32:40.344770+05:30,90.0,71.02,18.98,2
9706,ml_baseline_90deg,2026-07-09 23:32:40.444846+05:30,90.0,71.54,18.46,2
9707,ml_baseline_90deg,2026-07-09 23:32:40.544661+05:30,90.0,71.89,18.11,2
9708,ml_baseline_90deg,2026-07-09 23:32:40.645970+05:30,90.0,72.25,17.75,1
9709,ml_baseline_90deg,2026-07-09 23:32:40.744411+05:30,90.0,72.6,17.4,2
9710,ml_baseline_90deg,2026-07-09 23:32:40.847168+05:30,90.0,73.12,16.87,2
9711,ml_baseline_90deg,2026-07-09 23:32:40.947269+05:30,90.0,73.48,16.52,2
9712,ml_baseline_90deg,2026-07-09 23:32:41.044717+05:30,90.0,74.0,16.0,2
9713,ml_baseline_90deg,2026-07-09 23:32:41.147527+05:30,90.0,74.36,15.64,2
9714,ml_baseline_90deg,2026-07-09 23:32:41.247556+05:30,90.0,74.88,15.12,2
9715,ml_baseline_90deg,2026-07-09 23:32:41.362094+05:30,90.0,75.23,14.77,2
9716,ml_baseline_90deg,2026-07-09 23:32:41.445121+05:30,90.0,75.76,14.24,2
9717,ml_baseline_90deg,2026-07-09 23:32:41.546520+05:30,90.0,76.11,13.89,1
9718,ml_baseline_90deg,2026-07-09 23:32:41.646266+05:30,90.0,76.46,13.54,2
9719,ml_baseline_90deg,2026-07-09 23:32:41.745552+05:30,90.0,76.99,13.01,2
9720,ml_baseline_90deg,2026-07-09 23:32:41.846713+05:30,90.0,77.34,12.66,2
9721,ml_baseline_90deg,2026-07-09 23:32:41.947694+05:30,90.0,77.87,12.13,2
9722,ml_baseline_90deg,2026-07-09 23:32:42.045152+05:30,90.0,78.22,11.78,2
9723,ml_baseline_90deg,2026-07-09 23:32:42.145563+05:30,90.0,78.75,11.25,2
9724,ml_baseline_90deg,2026-07-09 23:32:42.245516+05:30,90.0,79.28,10.72,2
9725,ml_baseline_90deg,2026-07-09 23:32:42.345233+05:30,90.0,79.63,10.37,2
9726,ml_baseline_90deg,2026-07-09 23:32:42.447257+05:30,90.0,80.16,9.84,1
9727,ml_baseline_90deg,2026-07-09 23:32:42.547292+05:30,90.0,80.33,9.67,2
9728,ml_baseline_90deg,2026-07-09 23:32:42.644969+05:30,90.0,80.86,9.14,2
9729,ml_baseline_90deg,2026-07-09 23:32:42.749440+05:30,90.0,81.39,8.61,2
9730,ml_baseline_90deg,2026-07-09 23:32:42.847401+05:30,90.0,81.74,8.26,2
9731,ml_baseline_90deg,2026-07-09 23:32:42.949474+05:30,90.0,82.27,7.73,2
9732,ml_baseline_90deg,2026-07-09 23:32:43.046892+05:30,90.0,82.79,7.21,2
9733,ml_baseline_90deg,2026-07-09 23:32:43.147056+05:30,90.0,83.14,6.86,2
9734,ml_baseline_90deg,2026-07-09 23:32:43.248465+05:30,90.0,83.67,6.33,2
9735,ml_baseline_90deg,2026-07-09 23:32:43.346559+05:30,90.0,84.02,5.98,1
9736,ml_baseline_90deg,2026-07-09 23:32:43.447883+05:30,90.0,84.37,5.62,2
9737,ml_baseline_90deg,2026-07-09 23:32:43.547058+05:30,90.0,84.9,5.1,2
9738,ml_baseline_90deg,2026-07-09 23:32:43.646571+05:30,90.0,85.25,4.75,1
9739,ml_baseline_90deg,2026-07-09 23:32:43.748319+05:30,90.0,85.61,4.39,1
9740,ml_baseline_90deg,2026-07-09 23:32:43.846373+05:30,90.0,85.78,4.22,1
9741,ml_baseline_90deg,2026-07-09 23:32:43.946530+05:30,90.0,86.13,3.87,1
9742,ml_baseline_90deg,2026-07-09 23:32:44.045341+05:30,90.0,86.31,3.69,2
9743,ml_baseline_90deg,2026-07-09 23:32:44.147260+05:30,90.0,86.66,3.34,1
9744,ml_baseline_90deg,2026-07-09 23:32:44.247369+05:30,90.0,86.84,3.16,1
9745,ml_baseline_90deg,2026-07-09 23:32:44.347280+05:30,90.0,87.19,2.81,1
9746,ml_baseline_90deg,2026-07-09 23:32:44.445505+05:30,0.0,87.36,-87.36,2
9747,ml_baseline_90deg,2026-07-09 23:32:44.548160+05:30,0.0,87.36,-87.36,2
9748,ml_baseline_90deg,2026-07-09 23:32:44.646592+05:30,0.0,87.36,-87.36,2
9749,ml_baseline_90deg,2026-07-09 23:32:44.746992+05:30,0.0,87.36,-87.36,2
9750,ml_baseline_90deg,2026-07-09 23:32:44.846366+05:30,0.0,87.36,-87.36,2
9751,ml_baseline_90deg,2026-07-09 23:32:44.946225+05:30,0.0,87.36,-87.36,2
9752,ml_baseline_90deg,2026-07-09 23:32:45.045371+05:30,0.0,87.36,-87.36,2
9753,ml_baseline_90deg,2026-07-09 23:32:45.147001+05:30,0.0,87.36,-87.36,2
9754,ml_baseline_90deg,2026-07-09 23:32:45.245046+05:30,0.0,87.36,-87.36,1
9755,ml_baseline_90deg,2026-07-09 23:32:45.345007+05:30,0.0,87.36,-87.36,2
9756,ml_baseline_90deg,2026-07-09 23:32:45.445494+05:30,0.0,87.36,-87.36,2
9757,ml_baseline_90deg,2026-07-09 23:32:45.546743+05:30,0.0,87.19,-87.19,2
9758,ml_baseline_90deg,2026-07-09 23:32:45.646445+05:30,0.0,87.01,-87.01,2
9759,ml_baseline_90deg,2026-07-09 23:32:45.745461+05:30,0.0,86.84,-86.84,2
9760,ml_baseline_90deg,2026-07-09 23:32:45.845499+05:30,0.0,86.48,-86.48,2
9761,ml_baseline_90deg,2026-07-09 23:32:45.948052+05:30,0.0,85.96,-85.96,2
9762,ml_baseline_90deg,2026-07-09 23:32:46.045972+05:30,0.0,85.43,-85.43,2
9763,ml_baseline_90deg,2026-07-09 23:32:46.150120+05:30,0.0,85.08,-85.08,1
9764,ml_baseline_90deg,2026-07-09 23:32:46.247334+05:30,0.0,84.73,-84.73,2
9765,ml_baseline_90deg,2026-07-09 23:32:46.347016+05:30,0.0,84.2,-84.2,2
9766,ml_baseline_90deg,2026-07-09 23:32:46.449866+05:30,0.0,83.67,-83.67,2
9767,ml_baseline_90deg,2026-07-09 23:32:46.549043+05:30,0.0,83.14,-83.14,2
9768,ml_baseline_90deg,2026-07-09 23:32:46.647800+05:30,0.0,82.62,-82.62,2
9769,ml_baseline_90deg,2026-07-09 23:32:46.747925+05:30,0.0,82.27,-82.27,2
9770,ml_baseline_90deg,2026-07-09 23:32:46.846486+05:30,0.0,81.74,-81.74,2
9771,ml_baseline_90deg,2026-07-09 23:32:46.948034+05:30,0.0,81.21,-81.21,2
9772,ml_baseline_90deg,2026-07-09 23:32:47.045780+05:30,0.0,80.68,-80.68,1
9773,ml_baseline_90deg,2026-07-09 23:32:47.149152+05:30,0.0,80.33,-80.33,2
9774,ml_baseline_90deg,2026-07-09 23:32:47.248122+05:30,0.0,79.8,-79.8,2
9775,ml_baseline_90deg,2026-07-09 23:32:47.346377+05:30,0.0,79.28,-79.28,2
9776,ml_baseline_90deg,2026-07-09 23:32:47.446944+05:30,0.0,78.93,-78.93,2
9777,ml_baseline_90deg,2026-07-09 23:32:47.550084+05:30,0.0,78.4,-78.4,2
9778,ml_baseline_90deg,2026-07-09 23:32:47.647116+05:30,0.0,77.87,-77.87,2
9779,ml_baseline_90deg,2026-07-09 23:32:47.748497+05:30,0.0,77.34,-77.34,2
9780,ml_baseline_90deg,2026-07-09 23:32:47.848467+05:30,0.0,76.99,-76.99,2
9781,ml_baseline_90deg,2026-07-09 23:32:47.946494+05:30,0.0,76.46,-76.46,1
9782,ml_baseline_90deg,2026-07-09 23:32:48.046930+05:30,0.0,76.11,-76.11,2
9783,ml_baseline_90deg,2026-07-09 23:32:48.147901+05:30,0.0,75.59,-75.59,2
9784,ml_baseline_90deg,2026-07-09 23:32:48.251596+05:30,0.0,75.06,-75.06,2
9785,ml_baseline_90deg,2026-07-09 23:32:48.351470+05:30,0.0,74.71,-74.71,2
9786,ml_baseline_90deg,2026-07-09 23:32:48.448441+05:30,0.0,74.18,-74.18,2
9787,ml_baseline_90deg,2026-07-09 23:32:48.547199+05:30,0.0,73.83,-73.83,2
9788,ml_baseline_90deg,2026-07-09 23:32:48.648419+05:30,0.0,73.3,-73.3,2
9789,ml_baseline_90deg,2026-07-09 23:32:48.746346+05:30,0.0,72.77,-72.77,2
9790,ml_baseline_90deg,2026-07-09 23:32:48.849180+05:30,0.0,72.42,-72.42,1
9791,ml_baseline_90deg,2026-07-09 23:32:48.945913+05:30,0.0,71.89,-71.89,2
9792,ml_baseline_90deg,2026-07-09 23:32:49.045922+05:30,0.0,71.54,-71.54,2
9793,ml_baseline_90deg,2026-07-09 23:32:49.146085+05:30,0.0,71.02,-71.02,2
9794,ml_baseline_90deg,2026-07-09 23:32:49.247741+05:30,0.0,70.66,-70.66,2
9795,ml_baseline_90deg,2026-07-09 23:32:49.348534+05:30,0.0,70.14,-70.14,2
9796,ml_baseline_90deg,2026-07-09 23:32:49.447103+05:30,0.0,69.79,-69.79,2
9797,ml_baseline_90deg,2026-07-09 23:32:49.553187+05:30,0.0,69.26,-69.26,2
9798,ml_baseline_90deg,2026-07-09 23:32:49.647314+05:30,0.0,68.73,-68.73,2
9799,ml_baseline_90deg,2026-07-09 23:32:49.746218+05:30,0.0,68.38,-68.38,1
9800,ml_baseline_90deg,2026-07-09 23:32:49.846545+05:30,0.0,67.85,-67.85,2
9801,ml_baseline_90deg,2026-07-09 23:32:49.948766+05:30,0.0,67.32,-67.32,2
9802,ml_baseline_90deg,2026-07-09 23:32:50.045391+05:30,0.0,66.97,-66.97,2
9803,ml_baseline_90deg,2026-07-09 23:32:50.146330+05:30,0.0,66.45,-66.45,2
9804,ml_baseline_90deg,2026-07-09 23:32:50.247983+05:30,0.0,66.09,-66.09,2
9805,ml_baseline_90deg,2026-07-09 23:32:50.348087+05:30,0.0,65.57,-65.57,2
9806,ml_baseline_90deg,2026-07-09 23:32:50.445458+05:30,0.0,65.21,-65.21,2
9807,ml_baseline_90deg,2026-07-09 23:32:50.547827+05:30,0.0,64.69,-64.69,2
9808,ml_baseline_90deg,2026-07-09 23:32:50.647519+05:30,0.0,64.34,-64.34,1
9809,ml_baseline_90deg,2026-07-09 23:32:50.749844+05:30,0.0,63.98,-63.98,2
9810,ml_baseline_90deg,2026-07-09 23:32:50.848014+05:30,0.0,63.46,-63.46,2
9811,ml_baseline_90deg,2026-07-09 23:32:50.947274+05:30,0.0,62.93,-62.93,2
9812,ml_baseline_90deg,2026-07-09 23:32:51.049175+05:30,0.0,62.58,-62.58,2
9813,ml_baseline_90deg,2026-07-09 23:32:51.146269+05:30,0.0,62.05,-62.05,2
9814,ml_baseline_90deg,2026-07-09 23:32:51.247908+05:30,0.0,61.7,-61.7,2
9815,ml_baseline_90deg,2026-07-09 23:32:51.347298+05:30,0.0,61.17,-61.17,2
9816,ml_baseline_90deg,2026-07-09 23:32:51.445990+05:30,0.0,60.82,-60.82,2
9817,ml_baseline_90deg,2026-07-09 23:32:51.547945+05:30,0.0,60.47,-60.47,1
9818,ml_baseline_90deg,2026-07-09 23:32:51.650122+05:30,0.0,60.12,-60.12,2
9819,ml_baseline_90deg,2026-07-09 23:32:51.747089+05:30,0.0,59.59,-59.59,2
9820,ml_baseline_90deg,2026-07-09 23:32:51.846629+05:30,0.0,59.24,-59.24,2
9821,ml_baseline_90deg,2026-07-09 23:32:51.947577+05:30,0.0,58.54,-58.54,2
9822,ml_baseline_90deg,2026-07-09 23:32:52.047182+05:30,0.0,58.18,-58.18,2
9823,ml_baseline_90deg,2026-07-09 23:32:52.147443+05:30,0.0,57.83,-57.83,2
9824,ml_baseline_90deg,2026-07-09 23:32:52.245750+05:30,0.0,57.3,-57.3,2
9825,ml_baseline_90deg,2026-07-09 23:32:52.344560+05:30,0.0,56.95,-56.95,2
9826,ml_baseline_90deg,2026-07-09 23:32:52.445685+05:30,0.0,56.43,-56.43,1
9827,ml_baseline_90deg,2026-07-09 23:32:52.548702+05:30,0.0,56.07,-56.07,2
9828,ml_baseline_90deg,2026-07-09 23:32:52.647679+05:30,0.0,55.55,-55.55,2
9829,ml_baseline_90deg,2026-07-09 23:32:52.747571+05:30,0.0,55.2,-55.2,2
9830,ml_baseline_90deg,2026-07-09 23:32:52.848474+05:30,0.0,54.67,-54.67,2
9831,ml_baseline_90deg,2026-07-09 23:32:52.946214+05:30,0.0,54.32,-54.32,2
9832,ml_baseline_90deg,2026-07-09 23:32:53.045122+05:30,0.0,53.79,-53.79,2
9833,ml_baseline_90deg,2026-07-09 23:32:53.146329+05:30,0.0,53.26,-53.26,2
9834,ml_baseline_90deg,2026-07-09 23:32:53.244405+05:30,0.0,52.73,-52.73,2
9835,ml_baseline_90deg,2026-07-09 23:32:53.345010+05:30,0.0,52.38,-52.38,1
9836,ml_baseline_90deg,2026-07-09 23:32:53.445478+05:30,0.0,52.03,-52.03,2
9837,ml_baseline_90deg,2026-07-09 23:32:53.548536+05:30,0.0,51.5,-51.5,2
9838,ml_baseline_90deg,2026-07-09 23:32:53.647075+05:30,0.0,50.98,-50.98,2
9839,ml_baseline_90deg,2026-07-09 23:32:53.748328+05:30,0.0,50.63,-50.63,2
9840,ml_baseline_90deg,2026-07-09 23:32:53.848069+05:30,0.0,50.1,-50.1,2
9841,ml_baseline_90deg,2026-07-09 23:32:53.946274+05:30,0.0,49.57,-49.57,2
9842,ml_baseline_90deg,2026-07-09 23:32:54.046000+05:30,0.0,49.04,-49.04,2
9843,ml_baseline_90deg,2026-07-09 23:32:54.147173+05:30,0.0,48.69,-48.69,2
9844,ml_baseline_90deg,2026-07-09 23:32:54.251321+05:30,0.0,48.34,-48.34,1
9845,ml_baseline_90deg,2026-07-09 23:32:54.344173+05:30,0.0,47.99,-47.99,2
9846,ml_baseline_90deg,2026-07-09 23:32:54.447166+05:30,0.0,47.46,-47.46,2
9847,ml_baseline_90deg,2026-07-09 23:32:54.545837+05:30,0.0,46.93,-46.93,2
9848,ml_baseline_90deg,2026-07-09 23:32:54.646378+05:30,0.0,46.58,-46.58,2
9849,ml_baseline_90deg,2026-07-09 23:32:54.749046+05:30,0.0,46.05,-46.05,2
9850,ml_baseline_90deg,2026-07-09 23:32:54.846935+05:30,0.0,45.7,-45.7,2
9851,ml_baseline_90deg,2026-07-09 23:32:54.947828+05:30,0.0,45.18,-45.18,2
9852,ml_baseline_90deg,2026-07-09 23:32:55.046252+05:30,0.0,44.82,-44.82,2
9853,ml_baseline_90deg,2026-07-09 23:32:55.147607+05:30,0.0,44.3,-44.3,1
9854,ml_baseline_90deg,2026-07-09 23:32:55.249631+05:30,0.0,43.95,-43.95,2
9855,ml_baseline_90deg,2026-07-09 23:32:55.348896+05:30,0.0,43.42,-43.42,2
9856,ml_baseline_90deg,2026-07-09 23:32:55.449246+05:30,0.0,43.07,-43.07,2
9857,ml_baseline_90deg,2026-07-09 23:32:55.547464+05:30,0.0,42.36,-42.36,2
9858,ml_baseline_90deg,2026-07-09 23:32:55.644332+05:30,0.0,42.01,-42.01,2
9859,ml_baseline_90deg,2026-07-09 23:32:55.745675+05:30,0.0,41.48,-41.48,2
9860,ml_baseline_90deg,2026-07-09 23:32:55.845471+05:30,0.0,41.13,-41.13,2
9861,ml_baseline_90deg,2026-07-09 23:32:55.946446+05:30,0.0,40.61,-40.61,2
9862,ml_baseline_90deg,2026-07-09 23:32:56.044828+05:30,0.0,40.25,-40.25,1
9863,ml_baseline_90deg,2026-07-09 23:32:56.146886+05:30,0.0,39.9,-39.9,2
9864,ml_baseline_90deg,2026-07-09 23:32:56.246227+05:30,0.0,39.38,-39.38,2
9865,ml_baseline_90deg,2026-07-09 23:32:56.344697+05:30,0.0,38.85,-38.85,2
9866,ml_baseline_90deg,2026-07-09 23:32:56.446124+05:30,0.0,38.5,-38.5,2
9867,ml_baseline_90deg,2026-07-09 23:32:56.546391+05:30,0.0,37.97,-37.97,2
9868,ml_baseline_90deg,2026-07-09 23:32:56.647315+05:30,0.0,37.62,-37.62,2
9869,ml_baseline_90deg,2026-07-09 23:32:56.746009+05:30,0.0,37.09,-37.09,2
9870,ml_baseline_90deg,2026-07-09 23:32:56.845032+05:30,0.0,36.74,-36.74,2
9871,ml_baseline_90deg,2026-07-09 23:32:56.949647+05:30,0.0,36.21,-36.21,1
9872,ml_baseline_90deg,2026-07-09 23:32:57.046164+05:30,0.0,35.86,-35.86,2
9873,ml_baseline_90deg,2026-07-09 23:32:57.146049+05:30,0.0,35.51,-35.51,2
9874,ml_baseline_90deg,2026-07-09 23:32:57.245490+05:30,0.0,34.98,-34.98,2
9875,ml_baseline_90deg,2026-07-09 23:32:57.344975+05:30,0.0,34.63,-34.63,2
9876,ml_baseline_90deg,2026-07-09 23:32:57.444774+05:30,0.0,34.28,-34.28,2
9877,ml_baseline_90deg,2026-07-09 23:32:57.544866+05:30,0.0,33.75,-33.75,2
9878,ml_baseline_90deg,2026-07-09 23:32:57.644520+05:30,0.0,33.4,-33.4,2
9879,ml_baseline_90deg,2026-07-09 23:32:57.744004+05:30,0.0,32.87,-32.87,2
9880,ml_baseline_90deg,2026-07-09 23:32:57.845697+05:30,0.0,32.34,-32.34,1
9881,ml_baseline_90deg,2026-07-09 23:32:57.943440+05:30,0.0,31.99,-31.99,2
9882,ml_baseline_90deg,2026-07-09 23:32:58.044394+05:30,0.0,31.46,-31.46,2
9883,ml_baseline_90deg,2026-07-09 23:32:58.144300+05:30,0.0,31.11,-31.11,2
9884,ml_baseline_90deg,2026-07-09 23:32:58.246406+05:30,0.0,30.76,-30.76,2
9885,ml_baseline_90deg,2026-07-09 23:32:58.347290+05:30,0.0,30.23,-30.23,2
9886,ml_baseline_90deg,2026-07-09 23:32:58.444929+05:30,0.0,29.71,-29.71,2
9887,ml_baseline_90deg,2026-07-09 23:32:58.545204+05:30,0.0,29.18,-29.18,2
9888,ml_baseline_90deg,2026-07-09 23:32:58.647644+05:30,0.0,28.65,-28.65,2
9889,ml_baseline_90deg,2026-07-09 23:32:58.744445+05:30,0.0,28.3,-28.3,1
9890,ml_baseline_90deg,2026-07-09 23:32:58.847821+05:30,0.0,27.95,-27.95,2
9891,ml_baseline_90deg,2026-07-09 23:32:58.946022+05:30,0.0,27.42,-27.42,2
9892,ml_baseline_90deg,2026-07-09 23:32:59.048112+05:30,0.0,27.07,-27.07,2
9893,ml_baseline_90deg,2026-07-09 23:32:59.146759+05:30,0.0,26.72,-26.72,2
9894,ml_baseline_90deg,2026-07-09 23:32:59.248546+05:30,0.0,26.19,-26.19,2
9895,ml_baseline_90deg,2026-07-09 23:32:59.347433+05:30,0.0,25.84,-25.84,2
9896,ml_baseline_90deg,2026-07-09 23:32:59.449740+05:30,0.0,25.31,-25.31,2
9897,ml_baseline_90deg,2026-07-09 23:32:59.547430+05:30,0.0,24.96,-24.96,2
9898,ml_baseline_90deg,2026-07-09 23:32:59.648886+05:30,0.0,24.26,-24.26,1
9899,ml_baseline_90deg,2026-07-09 23:32:59.748571+05:30,0.0,24.08,-24.08,2
9900,ml_baseline_90deg,2026-07-09 23:32:59.846039+05:30,0.0,23.55,-23.55,2
9901,ml_baseline_90deg,2026-07-09 23:32:59.946706+05:30,0.0,23.03,-23.03,2
9902,ml_baseline_90deg,2026-07-09 23:33:00.045586+05:30,0.0,22.5,-22.5,2
9903,ml_baseline_90deg,2026-07-09 23:33:00.146129+05:30,0.0,22.15,-22.15,2
9904,ml_baseline_90deg,2026-07-09 23:33:00.247559+05:30,0.0,21.62,-21.62,2
9905,ml_baseline_90deg,2026-07-09 23:33:00.346604+05:30,0.0,21.09,-21.09,2
9906,ml_baseline_90deg,2026-07-09 23:33:00.446607+05:30,0.0,20.57,-20.57,2
9907,ml_baseline_90deg,2026-07-09 23:33:00.547977+05:30,0.0,20.04,-20.04,1
9908,ml_baseline_90deg,2026-07-09 23:33:00.646946+05:30,0.0,19.69,-19.69,2
9909,ml_baseline_90deg,2026-07-09 23:33:00.748626+05:30,0.0,19.16,-19.16,2
9910,ml_baseline_90deg,2026-07-09 23:33:00.846185+05:30,0.0,18.63,-18.63,2
9911,ml_baseline_90deg,2026-07-09 23:33:00.946223+05:30,0.0,18.11,-18.11,2
9912,ml_baseline_90deg,2026-07-09 23:33:01.048605+05:30,0.0,17.58,-17.58,2
9913,ml_baseline_90deg,2026-07-09 23:33:01.146312+05:30,0.0,17.05,-17.05,2
9914,ml_baseline_90deg,2026-07-09 23:33:01.247630+05:30,0.0,16.52,-16.52,2
9915,ml_baseline_90deg,2026-07-09 23:33:01.346524+05:30,0.0,16.0,-16.0,2
9916,ml_baseline_90deg,2026-07-09 23:33:01.448728+05:30,0.0,15.64,-15.64,1
9917,ml_baseline_90deg,2026-07-09 23:33:01.544070+05:30,0.0,15.12,-15.12,2
9918,ml_baseline_90deg,2026-07-09 23:33:01.645272+05:30,0.0,14.59,-14.59,2
9919,ml_baseline_90deg,2026-07-09 23:33:01.746319+05:30,0.0,14.24,-14.24,2
9920,ml_baseline_90deg,2026-07-09 23:33:01.847863+05:30,0.0,13.54,-13.54,2
9921,ml_baseline_90deg,2026-07-09 23:33:01.948275+05:30,0.0,13.18,-13.18,2
9922,ml_baseline_90deg,2026-07-09 23:33:02.044478+05:30,0.0,12.66,-12.66,2
9923,ml_baseline_90deg,2026-07-09 23:33:02.146761+05:30,0.0,11.95,-11.95,2
9924,ml_baseline_90deg,2026-07-09 23:33:02.246328+05:30,0.0,11.43,-11.43,2
9925,ml_baseline_90deg,2026-07-09 23:33:02.344967+05:30,0.0,10.9,-10.9,1
9926,ml_baseline_90deg,2026-07-09 23:33:02.446958+05:30,0.0,10.37,-10.37,2
9927,ml_baseline_90deg,2026-07-09 23:33:02.548995+05:30,0.0,9.84,-9.84,2
9928,ml_baseline_90deg,2026-07-09 23:33:02.646536+05:30,0.0,9.32,-9.32,2
9929,ml_baseline_90deg,2026-07-09 23:33:02.747717+05:30,0.0,8.61,-8.61,2
9930,ml_baseline_90deg,2026-07-09 23:33:02.852454+05:30,0.0,8.09,-8.09,2
9931,ml_baseline_90deg,2026-07-09 23:33:02.946380+05:30,0.0,7.38,-7.38,2
9932,ml_baseline_90deg,2026-07-09 23:33:03.045238+05:30,0.0,6.86,-6.86,2
9933,ml_baseline_90deg,2026-07-09 23:33:03.146183+05:30,0.0,6.15,-6.15,2
9934,ml_baseline_90deg,2026-07-09 23:33:03.246248+05:30,0.0,5.62,-5.62,1
9935,ml_baseline_90deg,2026-07-09 23:33:03.345403+05:30,0.0,5.1,-5.1,2
9936,ml_baseline_90deg,2026-07-09 23:33:03.446085+05:30,0.0,4.75,-4.75,1
9937,ml_baseline_90deg,2026-07-09 23:33:03.548777+05:30,0.0,4.22,-4.22,1
9938,ml_baseline_90deg,2026-07-09 23:33:03.648672+05:30,0.0,3.87,-3.87,1
9939,ml_baseline_90deg,2026-07-09 23:33:03.746795+05:30,0.0,3.34,-3.34,1
9940,ml_baseline_90deg,2026-07-09 23:33:03.847223+05:30,0.0,2.99,-2.99,2
9941,ml_baseline_90deg,2026-07-09 23:33:03.946542+05:30,90.0,2.64,87.36,2
9942,ml_baseline_90deg,2026-07-09 23:33:04.045009+05:30,90.0,2.64,87.36,2
9943,ml_baseline_90deg,2026-07-09 23:33:04.149260+05:30,90.0,2.64,87.36,2
9944,ml_baseline_90deg,2026-07-09 23:33:04.247250+05:30,90.0,2.64,87.36,2
9945,ml_baseline_90deg,2026-07-09 23:33:04.345445+05:30,90.0,2.64,87.36,2
9946,ml_baseline_90deg,2026-07-09 23:33:04.448298+05:30,90.0,2.64,87.36,2
9947,ml_baseline_90deg,2026-07-09 23:33:04.546743+05:30,90.0,2.64,87.36,2
9948,ml_baseline_90deg,2026-07-09 23:33:04.646641+05:30,90.0,2.81,87.19,2
9949,ml_baseline_90deg,2026-07-09 23:33:04.749793+05:30,90.0,3.16,86.84,1
9950,ml_baseline_90deg,2026-07-09 23:33:04.845927+05:30,90.0,3.34,86.66,2
9951,ml_baseline_90deg,2026-07-09 23:33:04.950844+05:30,90.0,3.69,86.31,2
9952,ml_baseline_90deg,2026-07-09 23:33:05.045865+05:30,90.0,4.22,85.78,2
9953,ml_baseline_90deg,2026-07-09 23:33:05.148312+05:30,90.0,4.75,85.25,2
9954,ml_baseline_90deg,2026-07-09 23:33:05.246116+05:30,90.0,5.27,84.73,2
9955,ml_baseline_90deg,2026-07-09 23:33:05.346840+05:30,90.0,5.8,84.2,2
9956,ml_baseline_90deg,2026-07-09 23:33:05.448556+05:30,90.0,6.33,83.67,2
9957,ml_baseline_90deg,2026-07-09 23:33:05.548797+05:30,90.0,7.03,82.97,2
9958,ml_baseline_90deg,2026-07-09 23:33:05.645188+05:30,90.0,7.38,82.62,1
9959,ml_baseline_90deg,2026-07-09 23:33:05.747195+05:30,90.0,7.91,82.09,2
9960,ml_baseline_90deg,2026-07-09 23:33:05.846306+05:30,90.0,8.44,81.56,2
9961,ml_baseline_90deg,2026-07-09 23:33:05.947796+05:30,90.0,8.96,81.04,2
9962,ml_baseline_90deg,2026-07-09 23:33:06.045133+05:30,90.0,9.49,80.51,2
9963,ml_baseline_90deg,2026-07-09 23:33:06.149753+05:30,90.0,10.02,79.98,2
9964,ml_baseline_90deg,2026-07-09 23:33:06.248911+05:30,90.0,10.55,79.45,2
9965,ml_baseline_90deg,2026-07-09 23:33:06.347965+05:30,90.0,11.07,78.93,2
9966,ml_baseline_90deg,2026-07-09 23:33:06.445544+05:30,90.0,11.6,78.4,2
9967,ml_baseline_90deg,2026-07-09 23:33:06.549031+05:30,90.0,11.95,78.05,1
9968,ml_baseline_90deg,2026-07-09 23:33:06.645684+05:30,90.0,12.3,77.7,2
9969,ml_baseline_90deg,2026-07-09 23:33:06.748368+05:30,90.0,12.83,77.17,2
9970,ml_baseline_90deg,2026-07-09 23:33:06.844330+05:30,90.0,13.36,76.64,2
9971,ml_baseline_90deg,2026-07-09 23:33:06.949146+05:30,90.0,13.89,76.11,2
9972,ml_baseline_90deg,2026-07-09 23:33:07.046067+05:30,90.0,14.24,75.76,2
9973,ml_baseline_90deg,2026-07-09 23:33:07.145711+05:30,90.0,14.77,75.23,2
9974,ml_baseline_90deg,2026-07-09 23:33:07.245361+05:30,90.0,15.29,74.71,2
9975,ml_baseline_90deg,2026-07-09 23:33:07.345842+05:30,90.0,15.82,74.18,2
9976,ml_baseline_90deg,2026-07-09 23:33:07.447626+05:30,90.0,16.17,73.83,1
9977,ml_baseline_90deg,2026-07-09 23:33:07.546804+05:30,90.0,16.52,73.48,2
9978,ml_baseline_90deg,2026-07-09 23:33:07.646698+05:30,90.0,17.05,72.95,2
9979,ml_baseline_90deg,2026-07-09 23:33:07.746613+05:30,90.0,17.4,72.6,2
9980,ml_baseline_90deg,2026-07-09 23:33:07.845200+05:30,90.0,17.93,72.07,2
9981,ml_baseline_90deg,2026-07-09 23:33:07.945000+05:30,90.0,18.46,71.54,2
9982,ml_baseline_90deg,2026-07-09 23:33:08.046623+05:30,90.0,18.81,71.19,2
9983,ml_baseline_90deg,2026-07-09 23:33:08.146481+05:30,90.0,19.34,70.66,2
9984,ml_baseline_90deg,2026-07-09 23:33:08.245340+05:30,90.0,19.86,70.14,2
9985,ml_baseline_90deg,2026-07-09 23:33:08.347179+05:30,90.0,20.21,69.79,1
9986,ml_baseline_90deg,2026-07-09 23:33:08.447047+05:30,90.0,20.57,69.43,2
9987,ml_baseline_90deg,2026-07-09 23:33:08.548904+05:30,90.0,20.92,69.08,2
9988,ml_baseline_90deg,2026-07-09 23:33:08.644280+05:30,90.0,21.45,68.55,2
9989,ml_baseline_90deg,2026-07-09 23:33:08.746544+05:30,90.0,21.97,68.03,2
9990,ml_baseline_90deg,2026-07-09 23:33:08.845921+05:30,90.0,22.32,67.68,2
9991,ml_baseline_90deg,2026-07-09 23:33:08.948056+05:30,90.0,22.68,67.32,2
9992,ml_baseline_90deg,2026-07-09 23:33:09.046364+05:30,90.0,23.2,66.8,2
9993,ml_baseline_90deg,2026-07-09 23:33:09.149496+05:30,90.0,23.73,66.27,2
9994,ml_baseline_90deg,2026-07-09 23:33:09.251481+05:30,90.0,24.08,65.92,1
9995,ml_baseline_90deg,2026-07-09 23:33:09.347098+05:30,90.0,24.26,65.74,2
9996,ml_baseline_90deg,2026-07-09 23:33:09.448247+05:30,90.0,24.79,65.21,2
9997,ml_baseline_90deg,2026-07-09 23:33:09.546664+05:30,90.0,25.14,64.86,2
9998,ml_baseline_90deg,2026-07-09 23:33:09.649068+05:30,90.0,25.66,64.34,2
9999,ml_baseline_90deg,2026-07-09 23:33:09.750784+05:30,90.0,26.02,63.98,2
10000,ml_baseline_90deg,2026-07-09 23:33:09.845728+05:30,90.0,26.37,63.63,2
10001,ml_baseline_90deg,2026-07-09 23:33:09.946646+05:30,90.0,26.89,63.11,2
10002,ml_baseline_90deg,2026-07-09 23:33:10.046663+05:30,90.0,27.25,62.75,2
10003,ml_baseline_90deg,2026-07-09 23:33:10.147426+05:30,90.0,27.6,62.4,1
10004,ml_baseline_90deg,2026-07-09 23:33:10.245514+05:30,90.0,27.95,62.05,2
10005,ml_baseline_90deg,2026-07-09 23:33:10.346323+05:30,90.0,28.48,61.52,2
10006,ml_baseline_90deg,2026-07-09 23:33:10.449585+05:30,90.0,28.83,61.17,2
10007,ml_baseline_90deg,2026-07-09 23:33:10.546737+05:30,90.0,29.36,60.64,2
10008,ml_baseline_90deg,2026-07-09 23:33:10.646185+05:30,90.0,29.71,60.29,2
10009,ml_baseline_90deg,2026-07-09 23:33:10.747783+05:30,90.0,30.23,59.77,2
10010,ml_baseline_90deg,2026-07-09 23:33:10.846716+05:30,90.0,30.76,59.24,2
10011,ml_baseline_90deg,2026-07-09 23:33:10.946917+05:30,90.0,31.11,58.89,2
10012,ml_baseline_90deg,2026-07-09 23:33:11.048547+05:30,90.0,31.46,58.54,1
10013,ml_baseline_90deg,2026-07-09 23:33:11.146232+05:30,90.0,31.82,58.18,2
10014,ml_baseline_90deg,2026-07-09 23:33:11.247651+05:30,90.0,32.17,57.83,2
10015,ml_baseline_90deg,2026-07-09 23:33:11.346733+05:30,90.0,32.7,57.3,2
10016,ml_baseline_90deg,2026-07-09 23:33:11.444078+05:30,90.0,33.05,56.95,2
10017,ml_baseline_90deg,2026-07-09 23:33:11.546151+05:30,90.0,33.57,56.43,2
10018,ml_baseline_90deg,2026-07-09 23:33:11.644557+05:30,90.0,33.93,56.07,2
10019,ml_baseline_90deg,2026-07-09 23:33:11.746406+05:30,90.0,34.45,55.55,2
10020,ml_baseline_90deg,2026-07-09 23:33:11.845934+05:30,90.0,34.8,55.2,2
10021,ml_baseline_90deg,2026-07-09 23:33:11.946904+05:30,90.0,35.16,54.84,1
10022,ml_baseline_90deg,2026-07-09 23:33:12.044513+05:30,90.0,35.51,54.49,2
10023,ml_baseline_90deg,2026-07-09 23:33:12.147750+05:30,90.0,35.86,54.14,2
10024,ml_baseline_90deg,2026-07-09 23:33:12.244747+05:30,90.0,36.39,53.61,2
10025,ml_baseline_90deg,2026-07-09 23:33:12.349560+05:30,90.0,36.74,53.26,2
10026,ml_baseline_90deg,2026-07-09 23:33:12.447845+05:30,90.0,37.27,52.73,2
10027,ml_baseline_90deg,2026-07-09 23:33:12.545100+05:30,90.0,37.62,52.38,2
10028,ml_baseline_90deg,2026-07-09 23:33:12.645727+05:30,90.0,37.97,52.03,2
10029,ml_baseline_90deg,2026-07-09 23:33:12.747086+05:30,90.0,38.5,51.5,2
10030,ml_baseline_90deg,2026-07-09 23:33:12.846983+05:30,90.0,38.85,51.15,1
10031,ml_baseline_90deg,2026-07-09 23:33:12.945965+05:30,90.0,39.02,50.98,2
10032,ml_baseline_90deg,2026-07-09 23:33:13.046349+05:30,90.0,39.55,50.45,2
10033,ml_baseline_90deg,2026-07-09 23:33:13.146782+05:30,90.0,39.9,50.1,2
10034,ml_baseline_90deg,2026-07-09 23:33:13.248757+05:30,90.0,40.25,49.75,2
10035,ml_baseline_90deg,2026-07-09 23:33:13.345824+05:30,90.0,40.78,49.22,2
10036,ml_baseline_90deg,2026-07-09 23:33:13.445967+05:30,90.0,41.13,48.87,2
10037,ml_baseline_90deg,2026-07-09 23:33:13.545703+05:30,90.0,41.66,48.34,2
10038,ml_baseline_90deg,2026-07-09 23:33:13.645621+05:30,90.0,42.01,47.99,2
10039,ml_baseline_90deg,2026-07-09 23:33:13.746541+05:30,90.0,42.36,47.64,1
10040,ml_baseline_90deg,2026-07-09 23:33:13.845692+05:30,90.0,42.71,47.29,2
10041,ml_baseline_90deg,2026-07-09 23:33:13.945678+05:30,90.0,43.07,46.93,2
10042,ml_baseline_90deg,2026-07-09 23:33:14.046082+05:30,90.0,43.59,46.41,2
10043,ml_baseline_90deg,2026-07-09 23:33:14.145639+05:30,90.0,43.95,46.05,2
10044,ml_baseline_90deg,2026-07-09 23:33:14.245573+05:30,90.0,44.3,45.7,2
10045,ml_baseline_90deg,2026-07-09 23:33:14.346293+05:30,90.0,44.82,45.18,2
10046,ml_baseline_90deg,2026-07-09 23:33:14.445959+05:30,90.0,45.18,44.82,2
10047,ml_baseline_90deg,2026-07-09 23:33:14.545320+05:30,90.0,45.53,44.47,2
10048,ml_baseline_90deg,2026-07-09 23:33:14.646531+05:30,90.0,45.88,44.12,1
10049,ml_baseline_90deg,2026-07-09 23:33:14.746583+05:30,90.0,46.23,43.77,2
10050,ml_baseline_90deg,2026-07-09 23:33:14.845178+05:30,90.0,46.76,43.24,2
10051,ml_baseline_90deg,2026-07-09 23:33:14.945346+05:30,90.0,47.11,42.89,2
10052,ml_baseline_90deg,2026-07-09 23:33:15.044823+05:30,90.0,47.46,42.54,2
10053,ml_baseline_90deg,2026-07-09 23:33:15.145537+05:30,90.0,47.99,42.01,2
10054,ml_baseline_90deg,2026-07-09 23:33:15.247846+05:30,90.0,48.34,41.66,2
10055,ml_baseline_90deg,2026-07-09 23:33:15.346062+05:30,90.0,48.69,41.31,2
10056,ml_baseline_90deg,2026-07-09 23:33:15.444179+05:30,90.0,49.22,40.78,2
10057,ml_baseline_90deg,2026-07-09 23:33:15.544429+05:30,90.0,49.57,40.43,1
10058,ml_baseline_90deg,2026-07-09 23:33:15.646126+05:30,90.0,49.75,40.25,2
10059,ml_baseline_90deg,2026-07-09 23:33:15.744696+05:30,90.0,50.27,39.73,2
10060,ml_baseline_90deg,2026-07-09 23:33:15.845303+05:30,90.0,50.63,39.38,2
10061,ml_baseline_90deg,2026-07-09 23:33:15.947937+05:30,90.0,51.15,38.85,2
10062,ml_baseline_90deg,2026-07-09 23:33:16.046941+05:30,90.0,51.5,38.5,2
10063,ml_baseline_90deg,2026-07-09 23:33:16.145301+05:30,90.0,51.86,38.14,2
10064,ml_baseline_90deg,2026-07-09 23:33:16.244978+05:30,90.0,52.21,37.79,2
10065,ml_baseline_90deg,2026-07-09 23:33:16.346702+05:30,90.0,52.73,37.27,2
10066,ml_baseline_90deg,2026-07-09 23:33:16.445715+05:30,90.0,53.09,36.91,1
10067,ml_baseline_90deg,2026-07-09 23:33:16.544615+05:30,90.0,53.26,36.74,2
10068,ml_baseline_90deg,2026-07-09 23:33:16.644611+05:30,90.0,53.79,36.21,2
10069,ml_baseline_90deg,2026-07-09 23:33:16.745368+05:30,90.0,54.14,35.86,2
10070,ml_baseline_90deg,2026-07-09 23:33:16.845584+05:30,90.0,54.67,35.33,2
10071,ml_baseline_90deg,2026-07-09 23:33:16.949204+05:30,90.0,55.02,34.98,2
10072,ml_baseline_90deg,2026-07-09 23:33:17.046583+05:30,90.0,55.37,34.63,2
10073,ml_baseline_90deg,2026-07-09 23:33:17.149553+05:30,90.0,55.72,34.28,2
10074,ml_baseline_90deg,2026-07-09 23:33:17.246534+05:30,90.0,56.25,33.75,2
10075,ml_baseline_90deg,2026-07-09 23:33:17.342495+05:30,90.0,56.6,33.4,1
10076,ml_baseline_90deg,2026-07-09 23:33:17.446550+05:30,90.0,56.78,33.22,2
10077,ml_baseline_90deg,2026-07-09 23:33:17.545678+05:30,90.0,57.3,32.7,2
10078,ml_baseline_90deg,2026-07-09 23:33:17.645847+05:30,90.0,57.66,32.34,2
10079,ml_baseline_90deg,2026-07-09 23:33:17.747527+05:30,90.0,58.18,31.82,2
10080,ml_baseline_90deg,2026-07-09 23:33:17.847672+05:30,90.0,58.54,31.46,2
10081,ml_baseline_90deg,2026-07-09 23:33:17.946372+05:30,90.0,58.89,31.11,2
10082,ml_baseline_90deg,2026-07-09 23:33:18.046222+05:30,90.0,59.24,30.76,2
10083,ml_baseline_90deg,2026-07-09 23:33:18.146439+05:30,90.0,59.77,30.23,2
10084,ml_baseline_90deg,2026-07-09 23:33:18.245099+05:30,90.0,60.12,29.88,1
10085,ml_baseline_90deg,2026-07-09 23:33:18.344244+05:30,90.0,60.29,29.71,2
10086,ml_baseline_90deg,2026-07-09 23:33:18.446647+05:30,90.0,60.82,29.18,2
10087,ml_baseline_90deg,2026-07-09 23:33:18.544847+05:30,90.0,61.17,28.83,2
10088,ml_baseline_90deg,2026-07-09 23:33:18.644603+05:30,90.0,61.7,28.3,2
10089,ml_baseline_90deg,2026-07-09 23:33:18.744898+05:30,90.0,62.05,27.95,2
10090,ml_baseline_90deg,2026-07-09 23:33:18.845562+05:30,90.0,62.58,27.42,2
10091,ml_baseline_90deg,2026-07-09 23:33:18.945083+05:30,90.0,62.93,27.07,2
10092,ml_baseline_90deg,2026-07-09 23:33:19.045825+05:30,90.0,63.28,26.72,2
10093,ml_baseline_90deg,2026-07-09 23:33:19.145299+05:30,90.0,63.81,26.19,1
10094,ml_baseline_90deg,2026-07-09 23:33:19.245028+05:30,90.0,63.98,26.02,2
10095,ml_baseline_90deg,2026-07-09 23:33:19.345931+05:30,90.0,64.51,25.49,2
10096,ml_baseline_90deg,2026-07-09 23:33:19.446682+05:30,90.0,64.86,25.14,2
10097,ml_baseline_90deg,2026-07-09 23:33:19.548339+05:30,90.0,65.39,24.61,2
10098,ml_baseline_90deg,2026-07-09 23:33:19.646132+05:30,90.0,65.74,24.26,2
10099,ml_baseline_90deg,2026-07-09 23:33:19.747044+05:30,90.0,66.09,23.91,2
10100,ml_baseline_90deg,2026-07-09 23:33:19.845059+05:30,90.0,66.62,23.38,2
10101,ml_baseline_90deg,2026-07-09 23:33:19.946976+05:30,90.0,66.97,23.03,2
10102,ml_baseline_90deg,2026-07-09 23:33:20.046764+05:30,90.0,67.32,22.68,1
10103,ml_baseline_90deg,2026-07-09 23:33:20.148062+05:30,90.0,67.68,22.32,2
10104,ml_baseline_90deg,2026-07-09 23:33:20.245402+05:30,90.0,68.2,21.8,2
10105,ml_baseline_90deg,2026-07-09 23:33:20.345149+05:30,90.0,68.55,21.45,2
10106,ml_baseline_90deg,2026-07-09 23:33:20.448119+05:30,90.0,68.91,21.09,2
10107,ml_baseline_90deg,2026-07-09 23:33:20.545840+05:30,90.0,69.43,20.57,2
10108,ml_baseline_90deg,2026-07-09 23:33:20.644750+05:30,90.0,69.79,20.21,2
10109,ml_baseline_90deg,2026-07-09 23:33:20.747443+05:30,90.0,70.31,19.69,2
10110,ml_baseline_90deg,2026-07-09 23:33:20.845022+05:30,90.0,70.66,19.34,2
10111,ml_baseline_90deg,2026-07-09 23:33:20.948402+05:30,90.0,71.02,18.98,1
10112,ml_baseline_90deg,2026-07-09 23:33:21.046431+05:30,90.0,71.37,18.63,2
10113,ml_baseline_90deg,2026-07-09 23:33:21.146874+05:30,90.0,71.89,18.11,2
10114,ml_baseline_90deg,2026-07-09 23:33:21.244432+05:30,90.0,72.25,17.75,2
10115,ml_baseline_90deg,2026-07-09 23:33:21.345530+05:30,90.0,72.77,17.23,2
10116,ml_baseline_90deg,2026-07-09 23:33:21.445492+05:30,90.0,73.12,16.87,2
10117,ml_baseline_90deg,2026-07-09 23:33:21.548551+05:30,90.0,73.65,16.35,2
10118,ml_baseline_90deg,2026-07-09 23:33:21.649632+05:30,90.0,74.0,16.0,2
10119,ml_baseline_90deg,2026-07-09 23:33:21.747840+05:30,90.0,74.53,15.47,2
10120,ml_baseline_90deg,2026-07-09 23:33:21.846151+05:30,90.0,74.88,15.12,1
10121,ml_baseline_90deg,2026-07-09 23:33:21.945414+05:30,90.0,75.23,14.77,2
10122,ml_baseline_90deg,2026-07-09 23:33:22.047528+05:30,90.0,75.59,14.41,2
10123,ml_baseline_90deg,2026-07-09 23:33:22.146123+05:30,90.0,76.11,13.89,2
10124,ml_baseline_90deg,2026-07-09 23:33:22.249256+05:30,90.0,76.46,13.54,2
10125,ml_baseline_90deg,2026-07-09 23:33:22.347823+05:30,90.0,76.99,13.01,2
10126,ml_baseline_90deg,2026-07-09 23:33:22.444977+05:30,90.0,77.34,12.66,2
10127,ml_baseline_90deg,2026-07-09 23:33:22.546508+05:30,90.0,77.87,12.13,2
10128,ml_baseline_90deg,2026-07-09 23:33:22.647758+05:30,90.0,78.4,11.6,2
10129,ml_baseline_90deg,2026-07-09 23:33:22.745964+05:30,90.0,78.75,11.25,1
10130,ml_baseline_90deg,2026-07-09 23:33:22.846981+05:30,90.0,79.1,10.9,2
10131,ml_baseline_90deg,2026-07-09 23:33:22.946966+05:30,90.0,79.63,10.37,2
10132,ml_baseline_90deg,2026-07-09 23:33:23.046393+05:30,90.0,79.98,10.02,2
10133,ml_baseline_90deg,2026-07-09 23:33:23.145444+05:30,90.0,80.51,9.49,2
10134,ml_baseline_90deg,2026-07-09 23:33:23.248572+05:30,90.0,80.86,9.14,2
10135,ml_baseline_90deg,2026-07-09 23:33:23.346439+05:30,90.0,81.39,8.61,2
10136,ml_baseline_90deg,2026-07-09 23:33:23.447532+05:30,90.0,81.91,8.09,2
10137,ml_baseline_90deg,2026-07-09 23:33:23.545395+05:30,90.0,82.27,7.73,2
10138,ml_baseline_90deg,2026-07-09 23:33:23.645212+05:30,90.0,82.79,7.21,1
10139,ml_baseline_90deg,2026-07-09 23:33:23.746357+05:30,90.0,82.97,7.03,2
10140,ml_baseline_90deg,2026-07-09 23:33:23.846457+05:30,90.0,83.5,6.5,2
10141,ml_baseline_90deg,2026-07-09 23:33:23.947157+05:30,90.0,84.02,5.98,2
10142,ml_baseline_90deg,2026-07-09 23:33:24.045096+05:30,90.0,84.55,5.45,2
10143,ml_baseline_90deg,2026-07-09 23:33:24.146869+05:30,90.0,84.9,5.1,2
10144,ml_baseline_90deg,2026-07-09 23:33:24.248810+05:30,90.0,85.43,4.57,1
10145,ml_baseline_90deg,2026-07-09 23:33:24.346747+05:30,0.0,85.43,-85.43,2
10146,ml_baseline_90deg,2026-07-09 23:33:24.446888+05:30,0.0,85.43,-85.43,2
10147,ml_baseline_90deg,2026-07-09 23:33:24.546133+05:30,0.0,85.43,-85.43,2
10148,ml_baseline_90deg,2026-07-09 23:33:24.645571+05:30,0.0,85.43,-85.43,2
10149,ml_baseline_90deg,2026-07-09 23:33:24.746824+05:30,0.0,85.43,-85.43,2
10150,ml_baseline_90deg,2026-07-09 23:33:24.847803+05:30,0.0,85.43,-85.43,2
10151,ml_baseline_90deg,2026-07-09 23:33:24.946338+05:30,0.0,85.43,-85.43,2
10152,ml_baseline_90deg,2026-07-09 23:33:25.048904+05:30,0.0,85.43,-85.43,2
10153,ml_baseline_90deg,2026-07-09 23:33:25.147062+05:30,0.0,85.43,-85.43,1
10154,ml_baseline_90deg,2026-07-09 23:33:25.246731+05:30,0.0,85.43,-85.43,2
10155,ml_baseline_90deg,2026-07-09 23:33:25.348235+05:30,0.0,85.25,-85.25,2
10156,ml_baseline_90deg,2026-07-09 23:33:25.447162+05:30,0.0,85.08,-85.08,2
10157,ml_baseline_90deg,2026-07-09 23:33:25.545412+05:30,0.0,84.9,-84.9,2
10158,ml_baseline_90deg,2026-07-09 23:33:25.645172+05:30,0.0,84.73,-84.73,2
10159,ml_baseline_90deg,2026-07-09 23:33:25.746165+05:30,0.0,84.37,-84.37,2
10160,ml_baseline_90deg,2026-07-09 23:33:25.846423+05:30,0.0,83.85,-83.85,2
10161,ml_baseline_90deg,2026-07-09 23:33:25.946504+05:30,0.0,83.5,-83.5,2
10162,ml_baseline_90deg,2026-07-09 23:33:26.045800+05:30,0.0,82.97,-82.97,1
10163,ml_baseline_90deg,2026-07-09 23:33:26.146199+05:30,0.0,82.62,-82.62,2
10164,ml_baseline_90deg,2026-07-09 23:33:26.245900+05:30,0.0,82.09,-82.09,2
10165,ml_baseline_90deg,2026-07-09 23:33:26.345285+05:30,0.0,81.56,-81.56,2
10166,ml_baseline_90deg,2026-07-09 23:33:26.446422+05:30,0.0,81.21,-81.21,2
10167,ml_baseline_90deg,2026-07-09 23:33:26.546215+05:30,0.0,80.68,-80.68,2
10168,ml_baseline_90deg,2026-07-09 23:33:26.646773+05:30,0.0,80.16,-80.16,2
10169,ml_baseline_90deg,2026-07-09 23:33:26.749297+05:30,0.0,79.63,-79.63,2
10170,ml_baseline_90deg,2026-07-09 23:33:26.845314+05:30,0.0,79.1,-79.1,2
10171,ml_baseline_90deg,2026-07-09 23:33:26.947665+05:30,0.0,78.75,-78.75,1
10172,ml_baseline_90deg,2026-07-09 23:33:27.047851+05:30,0.0,78.4,-78.4,2
10173,ml_baseline_90deg,2026-07-09 23:33:27.146804+05:30,0.0,77.87,-77.87,2
10174,ml_baseline_90deg,2026-07-09 23:33:27.246972+05:30,0.0,77.34,-77.34,2
10175,ml_baseline_90deg,2026-07-09 23:33:27.346635+05:30,0.0,76.82,-76.82,2
10176,ml_baseline_90deg,2026-07-09 23:33:27.447288+05:30,0.0,76.29,-76.29,2
10177,ml_baseline_90deg,2026-07-09 23:33:27.549007+05:30,0.0,75.94,-75.94,2
10178,ml_baseline_90deg,2026-07-09 23:33:27.647198+05:30,0.0,75.41,-75.41,2
10179,ml_baseline_90deg,2026-07-09 23:33:27.748974+05:30,0.0,74.88,-74.88,2
10180,ml_baseline_90deg,2026-07-09 23:33:27.845940+05:30,0.0,74.53,-74.53,1
10181,ml_baseline_90deg,2026-07-09 23:33:27.946026+05:30,0.0,74.0,-74.0,2
10182,ml_baseline_90deg,2026-07-09 23:33:28.047436+05:30,0.0,73.65,-73.65,2
10183,ml_baseline_90deg,2026-07-09 23:33:28.149320+05:30,0.0,73.12,-73.12,2
10184,ml_baseline_90deg,2026-07-09 23:33:28.246606+05:30,0.0,72.6,-72.6,2
10185,ml_baseline_90deg,2026-07-09 23:33:28.345353+05:30,0.0,72.25,-72.25,2
10186,ml_baseline_90deg,2026-07-09 23:33:28.446020+05:30,0.0,71.72,-71.72,2
10187,ml_baseline_90deg,2026-07-09 23:33:28.547253+05:30,0.0,71.19,-71.19,2
10188,ml_baseline_90deg,2026-07-09 23:33:28.648017+05:30,0.0,70.84,-70.84,2
10189,ml_baseline_90deg,2026-07-09 23:33:28.747075+05:30,0.0,70.31,-70.31,1
10190,ml_baseline_90deg,2026-07-09 23:33:28.847376+05:30,0.0,69.96,-69.96,2
10191,ml_baseline_90deg,2026-07-09 23:33:28.947458+05:30,0.0,69.43,-69.43,2
10192,ml_baseline_90deg,2026-07-09 23:33:29.046551+05:30,0.0,69.08,-69.08,2
10193,ml_baseline_90deg,2026-07-09 23:33:29.145956+05:30,0.0,68.55,-68.55,2
10194,ml_baseline_90deg,2026-07-09 23:33:29.247620+05:30,0.0,68.2,-68.2,2
10195,ml_baseline_90deg,2026-07-09 23:33:29.345744+05:30,0.0,67.68,-67.68,2
10196,ml_baseline_90deg,2026-07-09 23:33:29.448174+05:30,0.0,67.15,-67.15,2
10197,ml_baseline_90deg,2026-07-09 23:33:29.545598+05:30,0.0,66.8,-66.8,2
10198,ml_baseline_90deg,2026-07-09 23:33:29.648147+05:30,0.0,66.27,-66.27,1
10199,ml_baseline_90deg,2026-07-09 23:33:29.746486+05:30,0.0,65.92,-65.92,2
10200,ml_baseline_90deg,2026-07-09 23:33:29.845018+05:30,0.0,65.39,-65.39,2
10201,ml_baseline_90deg,2026-07-09 23:33:29.946757+05:30,0.0,65.04,-65.04,2
10202,ml_baseline_90deg,2026-07-09 23:33:30.045436+05:30,0.0,64.51,-64.51,2
10203,ml_baseline_90deg,2026-07-09 23:33:30.150325+05:30,0.0,64.16,-64.16,2
10204,ml_baseline_90deg,2026-07-09 23:33:30.246215+05:30,0.0,63.63,-63.63,2
10205,ml_baseline_90deg,2026-07-09 23:33:30.348871+05:30,0.0,63.11,-63.11,2
10206,ml_baseline_90deg,2026-07-09 23:33:30.448790+05:30,0.0,62.75,-62.75,2
10207,ml_baseline_90deg,2026-07-09 23:33:30.546529+05:30,0.0,62.23,-62.23,1
10208,ml_baseline_90deg,2026-07-09 23:33:30.647343+05:30,0.0,61.88,-61.88,2
10209,ml_baseline_90deg,2026-07-09 23:33:30.747039+05:30,0.0,61.35,-61.35,2
10210,ml_baseline_90deg,2026-07-09 23:33:30.845241+05:30,0.0,61.0,-61.0,2
10211,ml_baseline_90deg,2026-07-09 23:33:30.945403+05:30,0.0,60.47,-60.47,2
10212,ml_baseline_90deg,2026-07-09 23:33:31.045836+05:30,0.0,60.12,-60.12,2
10213,ml_baseline_90deg,2026-07-09 23:33:31.147987+05:30,0.0,59.59,-59.59,2
10214,ml_baseline_90deg,2026-07-09 23:33:31.245940+05:30,0.0,59.06,-59.06,2
10215,ml_baseline_90deg,2026-07-09 23:33:31.346345+05:30,0.0,58.71,-58.71,2
10216,ml_baseline_90deg,2026-07-09 23:33:31.448896+05:30,0.0,58.18,-58.18,1
10217,ml_baseline_90deg,2026-07-09 23:33:31.545960+05:30,0.0,57.83,-57.83,2
10218,ml_baseline_90deg,2026-07-09 23:33:31.653945+05:30,0.0,57.3,-57.3,2
10219,ml_baseline_90deg,2026-07-09 23:33:31.746026+05:30,0.0,56.95,-56.95,2
10220,ml_baseline_90deg,2026-07-09 23:33:31.845255+05:30,0.0,56.6,-56.6,2
10221,ml_baseline_90deg,2026-07-09 23:33:31.945847+05:30,0.0,56.07,-56.07,2
10222,ml_baseline_90deg,2026-07-09 23:33:32.046295+05:30,0.0,55.55,-55.55,2
10223,ml_baseline_90deg,2026-07-09 23:33:32.146558+05:30,0.0,55.2,-55.2,2
10224,ml_baseline_90deg,2026-07-09 23:33:32.245890+05:30,0.0,54.67,-54.67,2
10225,ml_baseline_90deg,2026-07-09 23:33:32.345000+05:30,0.0,54.32,-54.32,1
10226,ml_baseline_90deg,2026-07-09 23:33:32.445587+05:30,0.0,53.79,-53.79,2
10227,ml_baseline_90deg,2026-07-09 23:33:32.546814+05:30,0.0,53.44,-53.44,2
10228,ml_baseline_90deg,2026-07-09 23:33:32.648068+05:30,0.0,52.91,-52.91,2
10229,ml_baseline_90deg,2026-07-09 23:33:32.746174+05:30,0.0,52.56,-52.56,2
10230,ml_baseline_90deg,2026-07-09 23:33:32.846791+05:30,0.0,52.03,-52.03,2
10231,ml_baseline_90deg,2026-07-09 23:33:32.947487+05:30,0.0,51.5,-51.5,2
10232,ml_baseline_90deg,2026-07-09 23:33:33.048795+05:30,0.0,51.15,-51.15,2
10233,ml_baseline_90deg,2026-07-09 23:33:33.143608+05:30,0.0,50.63,-50.63,2
10234,ml_baseline_90deg,2026-07-09 23:33:33.245783+05:30,0.0,50.27,-50.27,1
10235,ml_baseline_90deg,2026-07-09 23:33:33.344737+05:30,0.0,49.75,-49.75,2
10236,ml_baseline_90deg,2026-07-09 23:33:33.447778+05:30,0.0,49.39,-49.39,2
10237,ml_baseline_90deg,2026-07-09 23:33:33.546722+05:30,0.0,48.87,-48.87,2
10238,ml_baseline_90deg,2026-07-09 23:33:33.645398+05:30,0.0,48.52,-48.52,2
10239,ml_baseline_90deg,2026-07-09 23:33:33.747233+05:30,0.0,47.99,-47.99,2
10240,ml_baseline_90deg,2026-07-09 23:33:33.845418+05:30,0.0,47.64,-47.64,2
10241,ml_baseline_90deg,2026-07-09 23:33:33.947011+05:30,0.0,47.11,-47.11,2
10242,ml_baseline_90deg,2026-07-09 23:33:34.045391+05:30,0.0,46.58,-46.58,2
10243,ml_baseline_90deg,2026-07-09 23:33:34.146305+05:30,0.0,46.23,-46.23,1
10244,ml_baseline_90deg,2026-07-09 23:33:34.246425+05:30,0.0,45.88,-45.88,2
10245,ml_baseline_90deg,2026-07-09 23:33:34.346048+05:30,0.0,45.35,-45.35,2
10246,ml_baseline_90deg,2026-07-09 23:33:34.445765+05:30,0.0,45.0,-45.0,2
10247,ml_baseline_90deg,2026-07-09 23:33:34.548589+05:30,0.0,44.47,-44.47,2
10248,ml_baseline_90deg,2026-07-09 23:33:34.646182+05:30,0.0,43.95,-43.95,2
10249,ml_baseline_90deg,2026-07-09 23:33:34.744972+05:30,0.0,43.59,-43.59,2
10250,ml_baseline_90deg,2026-07-09 23:33:34.846866+05:30,0.0,43.07,-43.07,2
10251,ml_baseline_90deg,2026-07-09 23:33:34.945192+05:30,0.0,42.54,-42.54,2
10252,ml_baseline_90deg,2026-07-09 23:33:35.045454+05:30,0.0,42.19,-42.19,1
10253,ml_baseline_90deg,2026-07-09 23:33:35.146076+05:30,0.0,41.84,-41.84,2
10254,ml_baseline_90deg,2026-07-09 23:33:35.245843+05:30,0.0,41.31,-41.31,2
10255,ml_baseline_90deg,2026-07-09 23:33:35.343905+05:30,0.0,40.96,-40.96,2
10256,ml_baseline_90deg,2026-07-09 23:33:35.446762+05:30,0.0,40.43,-40.43,2
10257,ml_baseline_90deg,2026-07-09 23:33:35.545127+05:30,0.0,39.9,-39.9,2
10258,ml_baseline_90deg,2026-07-09 23:33:35.646423+05:30,0.0,39.38,-39.38,2
10259,ml_baseline_90deg,2026-07-09 23:33:35.746020+05:30,0.0,38.85,-38.85,2
10260,ml_baseline_90deg,2026-07-09 23:33:35.846556+05:30,0.0,38.32,-38.32,2
10261,ml_baseline_90deg,2026-07-09 23:33:35.945224+05:30,0.0,37.97,-37.97,1
10262,ml_baseline_90deg,2026-07-09 23:33:36.045237+05:30,0.0,37.62,-37.62,2
10263,ml_baseline_90deg,2026-07-09 23:33:36.147307+05:30,0.0,37.09,-37.09,2
10264,ml_baseline_90deg,2026-07-09 23:33:36.245533+05:30,0.0,36.56,-36.56,2
10265,ml_baseline_90deg,2026-07-09 23:33:36.345386+05:30,0.0,36.04,-36.04,2
10266,ml_baseline_90deg,2026-07-09 23:33:36.446879+05:30,0.0,35.68,-35.68,2
10267,ml_baseline_90deg,2026-07-09 23:33:36.545070+05:30,0.0,35.16,-35.16,2
10268,ml_baseline_90deg,2026-07-09 23:33:36.646745+05:30,0.0,34.8,-34.8,2
10269,ml_baseline_90deg,2026-07-09 23:33:36.745851+05:30,0.0,34.28,-34.28,2
10270,ml_baseline_90deg,2026-07-09 23:33:36.846177+05:30,0.0,33.75,-33.75,1
10271,ml_baseline_90deg,2026-07-09 23:33:36.946142+05:30,0.0,33.4,-33.4,2
10272,ml_baseline_90deg,2026-07-09 23:33:37.046602+05:30,0.0,32.87,-32.87,2
10273,ml_baseline_90deg,2026-07-09 23:33:37.145941+05:30,0.0,32.52,-32.52,2
10274,ml_baseline_90deg,2026-07-09 23:33:37.247022+05:30,0.0,31.99,-31.99,2
10275,ml_baseline_90deg,2026-07-09 23:33:37.346636+05:30,0.0,31.64,-31.64,2
10276,ml_baseline_90deg,2026-07-09 23:33:37.444344+05:30,0.0,31.11,-31.11,2
10277,ml_baseline_90deg,2026-07-09 23:33:37.547642+05:30,0.0,30.59,-30.59,2
10278,ml_baseline_90deg,2026-07-09 23:33:37.647398+05:30,0.0,30.06,-30.06,2
10279,ml_baseline_90deg,2026-07-09 23:33:37.748956+05:30,0.0,29.53,-29.53,1
10280,ml_baseline_90deg,2026-07-09 23:33:37.845282+05:30,0.0,29.18,-29.18,2
10281,ml_baseline_90deg,2026-07-09 23:33:37.947389+05:30,0.0,28.65,-28.65,2
10282,ml_baseline_90deg,2026-07-09 23:33:38.047435+05:30,0.0,28.12,-28.12,2
10283,ml_baseline_90deg,2026-07-09 23:33:38.145979+05:30,0.0,27.77,-27.77,2
10284,ml_baseline_90deg,2026-07-09 23:33:38.246421+05:30,0.0,27.25,-27.25,2
10285,ml_baseline_90deg,2026-07-09 23:33:38.348659+05:30,0.0,26.89,-26.89,2
10286,ml_baseline_90deg,2026-07-09 23:33:38.447061+05:30,0.0,26.37,-26.37,2
10287,ml_baseline_90deg,2026-07-09 23:33:38.547845+05:30,0.0,26.02,-26.02,2
10288,ml_baseline_90deg,2026-07-09 23:33:38.647672+05:30,0.0,25.49,-25.49,1
10289,ml_baseline_90deg,2026-07-09 23:33:38.747745+05:30,0.0,25.14,-25.14,2
10290,ml_baseline_90deg,2026-07-09 23:33:38.848116+05:30,0.0,24.61,-24.61,2
10291,ml_baseline_90deg,2026-07-09 23:33:38.947753+05:30,0.0,24.26,-24.26,2
10292,ml_baseline_90deg,2026-07-09 23:33:39.047644+05:30,0.0,23.73,-23.73,2
10293,ml_baseline_90deg,2026-07-09 23:33:39.145547+05:30,0.0,23.38,-23.38,2
10294,ml_baseline_90deg,2026-07-09 23:33:39.245586+05:30,0.0,22.85,-22.85,2
10295,ml_baseline_90deg,2026-07-09 23:33:39.344888+05:30,0.0,22.5,-22.5,2
10296,ml_baseline_90deg,2026-07-09 23:33:39.448694+05:30,0.0,21.97,-21.97,2
10297,ml_baseline_90deg,2026-07-09 23:33:39.546459+05:30,0.0,21.45,-21.45,1
10298,ml_baseline_90deg,2026-07-09 23:33:39.648134+05:30,0.0,21.09,-21.09,2
10299,ml_baseline_90deg,2026-07-09 23:33:39.746359+05:30,0.0,20.74,-20.74,2
10300,ml_baseline_90deg,2026-07-09 23:33:39.844649+05:30,0.0,20.21,-20.21,2
10301,ml_baseline_90deg,2026-07-09 23:33:39.945397+05:30,0.0,19.86,-19.86,2
10302,ml_baseline_90deg,2026-07-09 23:33:40.046604+05:30,0.0,19.34,-19.34,2
10303,ml_baseline_90deg,2026-07-09 23:33:40.145992+05:30,0.0,18.98,-18.98,2
10304,ml_baseline_90deg,2026-07-09 23:33:40.246020+05:30,0.0,18.46,-18.46,2
10305,ml_baseline_90deg,2026-07-09 23:33:40.344168+05:30,0.0,18.11,-18.11,2
10306,ml_baseline_90deg,2026-07-09 23:33:40.447577+05:30,0.0,17.58,-17.58,1
10307,ml_baseline_90deg,2026-07-09 23:33:40.545987+05:30,0.0,17.23,-17.23,2
10308,ml_baseline_90deg,2026-07-09 23:33:40.647780+05:30,0.0,16.87,-16.87,2
10309,ml_baseline_90deg,2026-07-09 23:33:40.748545+05:30,0.0,16.35,-16.35,2
10310,ml_baseline_90deg,2026-07-09 23:33:40.845835+05:30,0.0,15.82,-15.82,2
10311,ml_baseline_90deg,2026-07-09 23:33:40.947533+05:30,0.0,15.47,-15.47,2
10312,ml_baseline_90deg,2026-07-09 23:33:41.046065+05:30,0.0,14.94,-14.94,2
10313,ml_baseline_90deg,2026-07-09 23:33:41.146529+05:30,0.0,14.41,-14.41,2
10314,ml_baseline_90deg,2026-07-09 23:33:41.249302+05:30,0.0,14.06,-14.06,2
10315,ml_baseline_90deg,2026-07-09 23:33:41.346066+05:30,0.0,13.54,-13.54,1
10316,ml_baseline_90deg,2026-07-09 23:33:41.444958+05:30,0.0,13.18,-13.18,2
10317,ml_baseline_90deg,2026-07-09 23:33:41.546082+05:30,0.0,12.66,-12.66,2
10318,ml_baseline_90deg,2026-07-09 23:33:41.645511+05:30,0.0,12.3,-12.3,2
10319,ml_baseline_90deg,2026-07-09 23:33:41.746649+05:30,0.0,11.6,-11.6,2
10320,ml_baseline_90deg,2026-07-09 23:33:41.845940+05:30,0.0,11.07,-11.07,2
10321,ml_baseline_90deg,2026-07-09 23:33:41.946477+05:30,0.0,10.55,-10.55,2
10322,ml_baseline_90deg,2026-07-09 23:33:42.046786+05:30,0.0,10.02,-10.02,2
10323,ml_baseline_90deg,2026-07-09 23:33:42.145379+05:30,0.0,9.49,-9.49,2
10324,ml_baseline_90deg,2026-07-09 23:33:42.247789+05:30,0.0,8.96,-8.96,1
10325,ml_baseline_90deg,2026-07-09 23:33:42.345850+05:30,0.0,8.44,-8.44,2
10326,ml_baseline_90deg,2026-07-09 23:33:42.446301+05:30,0.0,7.73,-7.73,2
10327,ml_baseline_90deg,2026-07-09 23:33:42.546433+05:30,0.0,7.21,-7.21,2
10328,ml_baseline_90deg,2026-07-09 23:33:42.645799+05:30,0.0,6.68,-6.68,2
10329,ml_baseline_90deg,2026-07-09 23:33:42.746921+05:30,0.0,5.98,-5.98,2
10330,ml_baseline_90deg,2026-07-09 23:33:42.846884+05:30,0.0,5.45,-5.45,2
10331,ml_baseline_90deg,2026-07-09 23:33:42.945709+05:30,0.0,4.92,-4.92,1
10332,ml_baseline_90deg,2026-07-09 23:33:43.047031+05:30,0.0,4.92,-4.92,2
10333,ml_baseline_90deg,2026-07-09 23:33:43.146327+05:30,0.0,4.75,-4.75,1
10334,ml_baseline_90deg,2026-07-09 23:33:43.246243+05:30,0.0,4.75,-4.75,1
10335,ml_baseline_90deg,2026-07-09 23:33:43.347680+05:30,0.0,4.75,-4.75,1
10336,ml_baseline_90deg,2026-07-09 23:33:43.446412+05:30,0.0,4.57,-4.57,1
10337,ml_baseline_90deg,2026-07-09 23:33:43.546503+05:30,0.0,4.57,-4.57,2
10338,ml_baseline_90deg,2026-07-09 23:33:43.657160+05:30,0.0,4.22,-4.22,1
10339,ml_baseline_90deg,2026-07-09 23:33:43.745847+05:30,90.0,4.22,85.78,2
10340,ml_baseline_90deg,2026-07-09 23:33:43.848459+05:30,90.0,4.22,85.78,2
10341,ml_baseline_90deg,2026-07-09 23:33:43.946073+05:30,90.0,4.22,85.78,2
10342,ml_baseline_90deg,2026-07-09 23:33:44.046381+05:30,90.0,4.22,85.78,2
10343,ml_baseline_90deg,2026-07-09 23:33:44.145871+05:30,90.0,4.22,85.78,2
10344,ml_baseline_90deg,2026-07-09 23:33:44.246217+05:30,90.0,4.22,85.78,2
10345,ml_baseline_90deg,2026-07-09 23:33:44.346807+05:30,90.0,4.39,85.61,2
10346,ml_baseline_90deg,2026-07-09 23:33:44.446024+05:30,90.0,4.57,85.43,2
10347,ml_baseline_90deg,2026-07-09 23:33:44.547610+05:30,90.0,4.75,85.25,1
10348,ml_baseline_90deg,2026-07-09 23:33:44.645728+05:30,90.0,4.92,85.08,2
10349,ml_baseline_90deg,2026-07-09 23:33:44.747384+05:30,90.0,5.27,84.73,2
10350,ml_baseline_90deg,2026-07-09 23:33:44.844521+05:30,90.0,5.62,84.37,2
10351,ml_baseline_90deg,2026-07-09 23:33:44.946658+05:30,90.0,6.15,83.85,2
10352,ml_baseline_90deg,2026-07-09 23:33:45.045445+05:30,90.0,6.68,83.32,2
10353,ml_baseline_90deg,2026-07-09 23:33:45.146562+05:30,90.0,7.21,82.79,2
10354,ml_baseline_90deg,2026-07-09 23:33:45.246218+05:30,90.0,7.73,82.27,2
10355,ml_baseline_90deg,2026-07-09 23:33:45.346198+05:30,90.0,8.26,81.74,2
10356,ml_baseline_90deg,2026-07-09 23:33:45.446574+05:30,90.0,8.79,81.21,1
10357,ml_baseline_90deg,2026-07-09 23:33:45.548456+05:30,90.0,9.32,80.68,2
10358,ml_baseline_90deg,2026-07-09 23:33:45.646127+05:30,90.0,9.84,80.16,2
10359,ml_baseline_90deg,2026-07-09 23:33:45.749503+05:30,90.0,10.37,79.63,2
10360,ml_baseline_90deg,2026-07-09 23:33:45.846728+05:30,90.0,10.9,79.1,2
10361,ml_baseline_90deg,2026-07-09 23:33:45.945401+05:30,90.0,11.43,78.57,2
10362,ml_baseline_90deg,2026-07-09 23:33:46.044968+05:30,90.0,11.95,78.05,2
10363,ml_baseline_90deg,2026-07-09 23:33:46.145367+05:30,90.0,12.3,77.7,2
10364,ml_baseline_90deg,2026-07-09 23:33:46.246069+05:30,90.0,12.83,77.17,2
10365,ml_baseline_90deg,2026-07-09 23:33:46.346624+05:30,90.0,13.18,76.82,1
10366,ml_baseline_90deg,2026-07-09 23:33:46.446698+05:30,90.0,13.71,76.29,2
10367,ml_baseline_90deg,2026-07-09 23:33:46.547281+05:30,90.0,14.24,75.76,2
10368,ml_baseline_90deg,2026-07-09 23:33:46.646490+05:30,90.0,14.77,75.23,2
10369,ml_baseline_90deg,2026-07-09 23:33:46.749572+05:30,90.0,15.12,74.88,2
10370,ml_baseline_90deg,2026-07-09 23:33:46.846026+05:30,90.0,15.64,74.36,2
10371,ml_baseline_90deg,2026-07-09 23:33:46.946944+05:30,90.0,16.17,73.83,2
10372,ml_baseline_90deg,2026-07-09 23:33:47.047612+05:30,90.0,16.52,73.48,2
10373,ml_baseline_90deg,2026-07-09 23:33:47.144435+05:30,90.0,17.05,72.95,2
10374,ml_baseline_90deg,2026-07-09 23:33:47.245365+05:30,90.0,17.4,72.6,1
10375,ml_baseline_90deg,2026-07-09 23:33:47.346380+05:30,90.0,17.93,72.07,2
10376,ml_baseline_90deg,2026-07-09 23:33:47.444686+05:30,90.0,18.46,71.54,2
10377,ml_baseline_90deg,2026-07-09 23:33:47.545591+05:30,90.0,18.81,71.19,2
10378,ml_baseline_90deg,2026-07-09 23:33:47.645522+05:30,90.0,19.34,70.66,2
10379,ml_baseline_90deg,2026-07-09 23:33:47.752760+05:30,90.0,19.86,70.14,2
10380,ml_baseline_90deg,2026-07-09 23:33:47.846334+05:30,90.0,20.21,69.79,2
10381,ml_baseline_90deg,2026-07-09 23:33:47.949027+05:30,90.0,20.74,69.26,2
10382,ml_baseline_90deg,2026-07-09 23:33:48.047279+05:30,90.0,21.27,68.73,2
10383,ml_baseline_90deg,2026-07-09 23:33:48.146179+05:30,90.0,21.62,68.38,1
10384,ml_baseline_90deg,2026-07-09 23:33:48.248593+05:30,90.0,21.97,68.03,2
10385,ml_baseline_90deg,2026-07-09 23:33:48.345942+05:30,90.0,22.5,67.5,2
10386,ml_baseline_90deg,2026-07-09 23:33:48.446205+05:30,90.0,22.85,67.15,2
10387,ml_baseline_90deg,2026-07-09 23:33:48.546249+05:30,90.0,23.2,66.8,2
10388,ml_baseline_90deg,2026-07-09 23:33:48.646995+05:30,90.0,23.73,66.27,2
10389,ml_baseline_90deg,2026-07-09 23:33:48.746104+05:30,90.0,24.26,65.74,2
10390,ml_baseline_90deg,2026-07-09 23:33:48.846115+05:30,90.0,24.61,65.39,2
10391,ml_baseline_90deg,2026-07-09 23:33:48.945985+05:30,90.0,25.14,64.86,2
10392,ml_baseline_90deg,2026-07-09 23:33:49.047056+05:30,90.0,25.49,64.51,1
10393,ml_baseline_90deg,2026-07-09 23:33:49.145536+05:30,90.0,25.84,64.16,2
10394,ml_baseline_90deg,2026-07-09 23:33:49.247232+05:30,90.0,26.19,63.81,2
10395,ml_baseline_90deg,2026-07-09 23:33:49.345759+05:30,90.0,26.72,63.28,2
10396,ml_baseline_90deg,2026-07-09 23:33:49.446215+05:30,90.0,27.07,62.93,2
10397,ml_baseline_90deg,2026-07-09 23:33:49.547845+05:30,90.0,27.6,62.4,2
10398,ml_baseline_90deg,2026-07-09 23:33:49.646323+05:30,90.0,27.95,62.05,2
10399,ml_baseline_90deg,2026-07-09 23:33:49.748014+05:30,90.0,28.48,61.52,2
10400,ml_baseline_90deg,2026-07-09 23:33:49.846910+05:30,90.0,28.83,61.17,2
10401,ml_baseline_90deg,2026-07-09 23:33:49.945468+05:30,90.0,29.18,60.82,1
10402,ml_baseline_90deg,2026-07-09 23:33:50.046708+05:30,90.0,29.53,60.47,2
10403,ml_baseline_90deg,2026-07-09 23:33:50.149935+05:30,90.0,30.06,59.94,2
10404,ml_baseline_90deg,2026-07-09 23:33:50.246017+05:30,90.0,30.41,59.59,2
10405,ml_baseline_90deg,2026-07-09 23:33:50.348130+05:30,90.0,30.94,59.06,2
10406,ml_baseline_90deg,2026-07-09 23:33:50.445300+05:30,90.0,31.29,58.71,2
10407,ml_baseline_90deg,2026-07-09 23:33:50.545619+05:30,90.0,31.82,58.18,2
10408,ml_baseline_90deg,2026-07-09 23:33:50.646303+05:30,90.0,32.17,57.83,2
10409,ml_baseline_90deg,2026-07-09 23:33:50.745682+05:30,90.0,32.7,57.3,2
10410,ml_baseline_90deg,2026-07-09 23:33:50.845802+05:30,90.0,33.05,56.95,1
10411,ml_baseline_90deg,2026-07-09 23:33:50.945422+05:30,90.0,33.4,56.6,2
10412,ml_baseline_90deg,2026-07-09 23:33:51.046052+05:30,90.0,33.75,56.25,2
10413,ml_baseline_90deg,2026-07-09 23:33:51.147172+05:30,90.0,34.1,55.9,2
10414,ml_baseline_90deg,2026-07-09 23:33:51.246694+05:30,90.0,34.63,55.37,2
10415,ml_baseline_90deg,2026-07-09 23:33:51.346134+05:30,90.0,34.98,55.02,2
10416,ml_baseline_90deg,2026-07-09 23:33:51.446088+05:30,90.0,35.51,54.49,2
10417,ml_baseline_90deg,2026-07-09 23:33:51.543992+05:30,90.0,35.86,54.14,2
10418,ml_baseline_90deg,2026-07-09 23:33:51.645752+05:30,90.0,36.39,53.61,2
10419,ml_baseline_90deg,2026-07-09 23:33:51.750934+05:30,90.0,36.56,53.44,1
10420,ml_baseline_90deg,2026-07-09 23:33:51.846201+05:30,90.0,36.91,53.09,2
10421,ml_baseline_90deg,2026-07-09 23:33:51.948555+05:30,90.0,37.44,52.56,2
10422,ml_baseline_90deg,2026-07-09 23:33:52.048121+05:30,90.0,37.79,52.21,2
10423,ml_baseline_90deg,2026-07-09 23:33:52.146233+05:30,90.0,38.14,51.86,2
10424,ml_baseline_90deg,2026-07-09 23:33:52.245477+05:30,90.0,38.67,51.33,2
10425,ml_baseline_90deg,2026-07-09 23:33:52.347468+05:30,90.0,39.02,50.98,2
10426,ml_baseline_90deg,2026-07-09 23:33:52.444536+05:30,90.0,39.55,50.45,2
10427,ml_baseline_90deg,2026-07-09 23:33:52.547885+05:30,90.0,39.9,50.1,2
10428,ml_baseline_90deg,2026-07-09 23:33:52.646556+05:30,90.0,40.25,49.75,1
10429,ml_baseline_90deg,2026-07-09 23:33:52.745369+05:30,90.0,40.61,49.39,2
10430,ml_baseline_90deg,2026-07-09 23:33:52.845562+05:30,90.0,41.13,48.87,2
10431,ml_baseline_90deg,2026-07-09 23:33:52.945503+05:30,90.0,41.48,48.52,2
10432,ml_baseline_90deg,2026-07-09 23:33:53.047623+05:30,90.0,42.01,47.99,2
10433,ml_baseline_90deg,2026-07-09 23:33:53.149253+05:30,90.0,42.36,47.64,2
10434,ml_baseline_90deg,2026-07-09 23:33:53.245718+05:30,90.0,42.71,47.29,2
10435,ml_baseline_90deg,2026-07-09 23:33:53.345310+05:30,90.0,43.24,46.76,2
10436,ml_baseline_90deg,2026-07-09 23:33:53.446400+05:30,90.0,43.77,46.23,2
10437,ml_baseline_90deg,2026-07-09 23:33:53.546174+05:30,90.0,44.12,45.88,1
10438,ml_baseline_90deg,2026-07-09 23:33:53.646231+05:30,90.0,44.3,45.7,2
10439,ml_baseline_90deg,2026-07-09 23:33:53.745802+05:30,90.0,44.82,45.18,2
10440,ml_baseline_90deg,2026-07-09 23:33:53.845166+05:30,90.0,45.18,44.82,2
10441,ml_baseline_90deg,2026-07-09 23:33:53.946187+05:30,90.0,45.7,44.3,2
10442,ml_baseline_90deg,2026-07-09 23:33:54.047326+05:30,90.0,46.05,43.95,2
10443,ml_baseline_90deg,2026-07-09 23:33:54.145916+05:30,90.0,46.58,43.42,2
10444,ml_baseline_90deg,2026-07-09 23:33:54.245817+05:30,90.0,46.93,43.07,2
10445,ml_baseline_90deg,2026-07-09 23:33:54.345070+05:30,90.0,47.29,42.71,2
10446,ml_baseline_90deg,2026-07-09 23:33:54.446847+05:30,90.0,47.64,42.36,1
10447,ml_baseline_90deg,2026-07-09 23:33:54.546551+05:30,90.0,47.99,42.01,2
10448,ml_baseline_90deg,2026-07-09 23:33:54.646828+05:30,90.0,48.34,41.66,2
10449,ml_baseline_90deg,2026-07-09 23:33:54.746437+05:30,90.0,48.87,41.13,2
10450,ml_baseline_90deg,2026-07-09 23:33:54.846732+05:30,90.0,49.22,40.78,2
10451,ml_baseline_90deg,2026-07-09 23:33:54.946884+05:30,90.0,49.57,40.43,2
10452,ml_baseline_90deg,2026-07-09 23:33:55.044932+05:30,90.0,50.1,39.9,2
10453,ml_baseline_90deg,2026-07-09 23:33:55.145571+05:30,90.0,50.45,39.55,2
10454,ml_baseline_90deg,2026-07-09 23:33:55.245982+05:30,90.0,50.98,39.02,2
10455,ml_baseline_90deg,2026-07-09 23:33:55.346074+05:30,90.0,51.15,38.85,1
10456,ml_baseline_90deg,2026-07-09 23:33:55.447813+05:30,90.0,51.5,38.5,2
10457,ml_baseline_90deg,2026-07-09 23:33:55.545347+05:30,90.0,52.03,37.97,2
10458,ml_baseline_90deg,2026-07-09 23:33:55.645937+05:30,90.0,52.38,37.62,2
10459,ml_baseline_90deg,2026-07-09 23:33:55.748397+05:30,90.0,52.91,37.09,2
10460,ml_baseline_90deg,2026-07-09 23:33:55.846567+05:30,90.0,53.26,36.74,2
10461,ml_baseline_90deg,2026-07-09 23:33:55.948681+05:30,90.0,53.61,36.39,2
10462,ml_baseline_90deg,2026-07-09 23:33:56.046362+05:30,90.0,54.14,35.86,2
10463,ml_baseline_90deg,2026-07-09 23:33:56.146858+05:30,90.0,54.49,35.51,2
10464,ml_baseline_90deg,2026-07-09 23:33:56.246322+05:30,90.0,54.67,35.33,1
10465,ml_baseline_90deg,2026-07-09 23:33:56.346358+05:30,90.0,55.02,34.98,2
10466,ml_baseline_90deg,2026-07-09 23:33:56.444935+05:30,90.0,55.55,34.45,2
10467,ml_baseline_90deg,2026-07-09 23:33:56.545391+05:30,90.0,55.9,34.1,2
10468,ml_baseline_90deg,2026-07-09 23:33:56.646246+05:30,90.0,56.25,33.75,2
10469,ml_baseline_90deg,2026-07-09 23:33:56.746811+05:30,90.0,56.6,33.4,2
10470,ml_baseline_90deg,2026-07-09 23:33:56.845355+05:30,90.0,56.95,33.05,2
10471,ml_baseline_90deg,2026-07-09 23:33:56.945830+05:30,90.0,57.3,32.7,2
10472,ml_baseline_90deg,2026-07-09 23:33:57.047787+05:30,90.0,57.83,32.17,2
10473,ml_baseline_90deg,2026-07-09 23:33:57.147304+05:30,90.0,58.01,31.99,1
10474,ml_baseline_90deg,2026-07-09 23:33:57.246118+05:30,90.0,58.36,31.64,2
10475,ml_baseline_90deg,2026-07-09 23:33:57.345302+05:30,90.0,58.89,31.11,2
10476,ml_baseline_90deg,2026-07-09 23:33:57.449008+05:30,90.0,59.24,30.76,2
10477,ml_baseline_90deg,2026-07-09 23:33:57.548428+05:30,90.0,59.59,30.41,2
10478,ml_baseline_90deg,2026-07-09 23:33:57.646576+05:30,90.0,60.12,29.88,2
10479,ml_baseline_90deg,2026-07-09 23:33:57.746778+05:30,90.0,60.47,29.53,2
10480,ml_baseline_90deg,2026-07-09 23:33:57.846763+05:30,90.0,60.82,29.18,2
10481,ml_baseline_90deg,2026-07-09 23:33:57.945529+05:30,90.0,61.17,28.83,2
10482,ml_baseline_90deg,2026-07-09 23:33:58.045515+05:30,90.0,61.52,28.48,1
10483,ml_baseline_90deg,2026-07-09 23:33:58.146919+05:30,90.0,61.88,28.12,2
10484,ml_baseline_90deg,2026-07-09 23:33:58.245432+05:30,90.0,62.4,27.6,2
10485,ml_baseline_90deg,2026-07-09 23:33:58.345591+05:30,90.0,62.75,27.25,2
10486,ml_baseline_90deg,2026-07-09 23:33:58.448790+05:30,90.0,63.11,26.89,2
10487,ml_baseline_90deg,2026-07-09 23:33:58.546625+05:30,90.0,63.63,26.37,2
10488,ml_baseline_90deg,2026-07-09 23:33:58.646163+05:30,90.0,63.98,26.02,2
10489,ml_baseline_90deg,2026-07-09 23:33:58.746567+05:30,90.0,64.51,25.49,2
10490,ml_baseline_90deg,2026-07-09 23:33:58.846807+05:30,90.0,64.86,25.14,2
10491,ml_baseline_90deg,2026-07-09 23:33:58.946663+05:30,90.0,65.21,24.79,1
10492,ml_baseline_90deg,2026-07-09 23:33:59.045452+05:30,90.0,65.57,24.43,2
10493,ml_baseline_90deg,2026-07-09 23:33:59.148979+05:30,90.0,65.92,24.08,2
10494,ml_baseline_90deg,2026-07-09 23:33:59.245851+05:30,90.0,66.27,23.73,2
10495,ml_baseline_90deg,2026-07-09 23:33:59.345320+05:30,90.0,66.8,23.2,2
10496,ml_baseline_90deg,2026-07-09 23:33:59.447165+05:30,90.0,67.15,22.85,2
10497,ml_baseline_90deg,2026-07-09 23:33:59.544903+05:30,90.0,67.68,22.32,2
10498,ml_baseline_90deg,2026-07-09 23:33:59.644996+05:30,90.0,68.03,21.97,2
10499,ml_baseline_90deg,2026-07-09 23:33:59.748903+05:30,90.0,68.55,21.45,2
10500,ml_baseline_90deg,2026-07-09 23:33:59.846093+05:30,90.0,68.91,21.09,1
10501,ml_baseline_90deg,2026-07-09 23:33:59.945710+05:30,90.0,69.26,20.74,2
10502,ml_baseline_90deg,2026-07-09 23:34:00.050904+05:30,90.0,69.61,20.39,2
10503,ml_baseline_90deg,2026-07-09 23:34:00.145833+05:30,90.0,69.96,20.04,2
10504,ml_baseline_90deg,2026-07-09 23:34:00.245488+05:30,90.0,70.49,19.51,2
10505,ml_baseline_90deg,2026-07-09 23:34:00.345953+05:30,90.0,70.84,19.16,2
10506,ml_baseline_90deg,2026-07-09 23:34:00.444050+05:30,90.0,71.37,18.63,2
10507,ml_baseline_90deg,2026-07-09 23:34:00.545083+05:30,90.0,71.72,18.28,2
10508,ml_baseline_90deg,2026-07-09 23:34:00.644959+05:30,90.0,72.25,17.75,2
10509,ml_baseline_90deg,2026-07-09 23:34:00.746688+05:30,90.0,72.6,17.4,1
10510,ml_baseline_90deg,2026-07-09 23:34:00.845319+05:30,90.0,72.95,17.05,2
10511,ml_baseline_90deg,2026-07-09 23:34:00.946160+05:30,90.0,73.3,16.7,2
10512,ml_baseline_90deg,2026-07-09 23:34:01.048265+05:30,90.0,73.83,16.17,2
10513,ml_baseline_90deg,2026-07-09 23:34:01.144417+05:30,90.0,74.36,15.64,2
10514,ml_baseline_90deg,2026-07-09 23:34:01.246377+05:30,90.0,74.71,15.29,2
10515,ml_baseline_90deg,2026-07-09 23:34:01.346605+05:30,90.0,75.06,14.94,2
10516,ml_baseline_90deg,2026-07-09 23:34:01.447355+05:30,90.0,75.59,14.41,2
10517,ml_baseline_90deg,2026-07-09 23:34:01.545515+05:30,90.0,76.11,13.89,2
10518,ml_baseline_90deg,2026-07-09 23:34:01.646101+05:30,90.0,76.29,13.71,1
10519,ml_baseline_90deg,2026-07-09 23:34:01.749874+05:30,90.0,76.64,13.36,2
10520,ml_baseline_90deg,2026-07-09 23:34:01.845546+05:30,90.0,77.17,12.83,2
10521,ml_baseline_90deg,2026-07-09 23:34:01.946117+05:30,90.0,77.7,12.3,2
10522,ml_baseline_90deg,2026-07-09 23:34:02.048230+05:30,90.0,78.05,11.95,2
10523,ml_baseline_90deg,2026-07-09 23:34:02.146188+05:30,90.0,78.57,11.43,2
10524,ml_baseline_90deg,2026-07-09 23:34:02.245882+05:30,90.0,78.93,11.07,2
10525,ml_baseline_90deg,2026-07-09 23:34:02.346295+05:30,90.0,79.45,10.55,2
10526,ml_baseline_90deg,2026-07-09 23:34:02.446415+05:30,90.0,79.98,10.02,2
10527,ml_baseline_90deg,2026-07-09 23:34:02.548390+05:30,90.0,80.33,9.67,1
10528,ml_baseline_90deg,2026-07-09 23:34:02.646697+05:30,90.0,80.68,9.32,2
10529,ml_baseline_90deg,2026-07-09 23:34:02.746161+05:30,90.0,81.04,8.96,2
10530,ml_baseline_90deg,2026-07-09 23:34:02.847278+05:30,90.0,81.56,8.44,2
10531,ml_baseline_90deg,2026-07-09 23:34:02.946533+05:30,90.0,81.91,8.09,2
10532,ml_baseline_90deg,2026-07-09 23:34:03.045123+05:30,90.0,82.27,7.73,2
10533,ml_baseline_90deg,2026-07-09 23:34:03.146203+05:30,90.0,82.62,7.38,2
10534,ml_baseline_90deg,2026-07-09 23:34:03.246322+05:30,90.0,82.97,7.03,2
10535,ml_baseline_90deg,2026-07-09 23:34:03.347335+05:30,90.0,83.14,6.86,2
10536,ml_baseline_90deg,2026-07-09 23:34:03.445844+05:30,90.0,83.14,6.86,1
10537,ml_baseline_90deg,2026-07-09 23:34:03.547295+05:30,90.0,83.32,6.68,2
10538,ml_baseline_90deg,2026-07-09 23:34:03.647831+05:30,90.0,83.5,6.5,2
10539,ml_baseline_90deg,2026-07-09 23:34:03.748361+05:30,90.0,83.67,6.33,2
10540,ml_baseline_90deg,2026-07-09 23:34:03.844528+05:30,90.0,84.2,5.8,2
10541,ml_baseline_90deg,2026-07-09 23:34:03.946308+05:30,90.0,84.55,5.45,2
10542,ml_baseline_90deg,2026-07-09 23:34:04.046855+05:30,90.0,84.9,5.1,2
10543,ml_baseline_90deg,2026-07-09 23:34:04.147664+05:30,0.0,85.08,-85.08,2
10544,ml_baseline_90deg,2026-07-09 23:34:04.246964+05:30,0.0,85.08,-85.08,2
10545,ml_baseline_90deg,2026-07-09 23:34:04.347271+05:30,0.0,85.08,-85.08,2
10546,ml_baseline_90deg,2026-07-09 23:34:04.447417+05:30,0.0,85.08,-85.08,2
10547,ml_baseline_90deg,2026-07-09 23:34:04.546124+05:30,0.0,85.08,-85.08,2
10548,ml_baseline_90deg,2026-07-09 23:34:04.644991+05:30,0.0,85.08,-85.08,2
10549,ml_baseline_90deg,2026-07-09 23:34:04.745300+05:30,0.0,85.08,-85.08,2
10550,ml_baseline_90deg,2026-07-09 23:34:04.846231+05:30,0.0,85.08,-85.08,2
10551,ml_baseline_90deg,2026-07-09 23:34:04.945927+05:30,0.0,85.08,-85.08,1
10552,ml_baseline_90deg,2026-07-09 23:34:05.046425+05:30,0.0,85.08,-85.08,2
10553,ml_baseline_90deg,2026-07-09 23:34:05.148891+05:30,0.0,85.08,-85.08,2
10554,ml_baseline_90deg,2026-07-09 23:34:05.245615+05:30,0.0,84.9,-84.9,2
10555,ml_baseline_90deg,2026-07-09 23:34:05.347516+05:30,0.0,84.73,-84.73,2
10556,ml_baseline_90deg,2026-07-09 23:34:05.445256+05:30,0.0,84.55,-84.55,2
10557,ml_baseline_90deg,2026-07-09 23:34:05.546852+05:30,0.0,84.2,-84.2,2
10558,ml_baseline_90deg,2026-07-09 23:34:05.646899+05:30,0.0,83.85,-83.85,2
10559,ml_baseline_90deg,2026-07-09 23:34:05.746330+05:30,0.0,83.5,-83.5,2
10560,ml_baseline_90deg,2026-07-09 23:34:05.846877+05:30,0.0,82.97,-82.97,1
10561,ml_baseline_90deg,2026-07-09 23:34:05.945502+05:30,0.0,82.62,-82.62,2
10562,ml_baseline_90deg,2026-07-09 23:34:06.045735+05:30,0.0,82.09,-82.09,2
10563,ml_baseline_90deg,2026-07-09 23:34:06.147459+05:30,0.0,81.56,-81.56,2
10564,ml_baseline_90deg,2026-07-09 23:34:06.247405+05:30,0.0,81.21,-81.21,2
10565,ml_baseline_90deg,2026-07-09 23:34:06.350708+05:30,0.0,80.68,-80.68,2
10566,ml_baseline_90deg,2026-07-09 23:34:06.446359+05:30,0.0,80.16,-80.16,2
10567,ml_baseline_90deg,2026-07-09 23:34:06.546542+05:30,0.0,79.63,-79.63,2
10568,ml_baseline_90deg,2026-07-09 23:34:06.645178+05:30,0.0,79.1,-79.1,2
10569,ml_baseline_90deg,2026-07-09 23:34:06.747517+05:30,0.0,78.75,-78.75,1
10570,ml_baseline_90deg,2026-07-09 23:34:06.845518+05:30,0.0,78.22,-78.22,2
10571,ml_baseline_90deg,2026-07-09 23:34:06.945794+05:30,0.0,77.87,-77.87,2
10572,ml_baseline_90deg,2026-07-09 23:34:07.047981+05:30,0.0,77.34,-77.34,2
10573,ml_baseline_90deg,2026-07-09 23:34:07.145155+05:30,0.0,76.82,-76.82,2
10574,ml_baseline_90deg,2026-07-09 23:34:07.245361+05:30,0.0,76.29,-76.29,2
10575,ml_baseline_90deg,2026-07-09 23:34:07.345396+05:30,0.0,75.94,-75.94,2
10576,ml_baseline_90deg,2026-07-09 23:34:07.446635+05:30,0.0,75.41,-75.41,2
10577,ml_baseline_90deg,2026-07-09 23:34:07.546326+05:30,0.0,74.88,-74.88,2
10578,ml_baseline_90deg,2026-07-09 23:34:07.645995+05:30,0.0,74.36,-74.36,1
10579,ml_baseline_90deg,2026-07-09 23:34:07.745923+05:30,0.0,74.0,-74.0,2
10580,ml_baseline_90deg,2026-07-09 23:34:07.845015+05:30,0.0,73.65,-73.65,2
10581,ml_baseline_90deg,2026-07-09 23:34:07.946607+05:30,0.0,73.12,-73.12,2
10582,ml_baseline_90deg,2026-07-09 23:34:08.045844+05:30,0.0,72.77,-72.77,2
10583,ml_baseline_90deg,2026-07-09 23:34:08.147366+05:30,0.0,72.25,-72.25,2
10584,ml_baseline_90deg,2026-07-09 23:34:08.244372+05:30,0.0,71.72,-71.72,2
10585,ml_baseline_90deg,2026-07-09 23:34:08.345984+05:30,0.0,71.19,-71.19,2
10586,ml_baseline_90deg,2026-07-09 23:34:08.446729+05:30,0.0,70.84,-70.84,2
10587,ml_baseline_90deg,2026-07-09 23:34:08.547508+05:30,0.0,70.31,-70.31,1
10588,ml_baseline_90deg,2026-07-09 23:34:08.646575+05:30,0.0,69.96,-69.96,2
10589,ml_baseline_90deg,2026-07-09 23:34:08.746655+05:30,0.0,69.43,-69.43,2
10590,ml_baseline_90deg,2026-07-09 23:34:08.849784+05:30,0.0,69.08,-69.08,2
10591,ml_baseline_90deg,2026-07-09 23:34:08.946186+05:30,0.0,68.55,-68.55,2
10592,ml_baseline_90deg,2026-07-09 23:34:09.046619+05:30,0.0,68.2,-68.2,2
10593,ml_baseline_90deg,2026-07-09 23:34:09.149020+05:30,0.0,67.68,-67.68,2
10594,ml_baseline_90deg,2026-07-09 23:34:09.252022+05:30,0.0,67.15,-67.15,2
10595,ml_baseline_90deg,2026-07-09 23:34:09.344507+05:30,0.0,66.8,-66.8,2
10596,ml_baseline_90deg,2026-07-09 23:34:09.445291+05:30,0.0,66.27,-66.27,1
10597,ml_baseline_90deg,2026-07-09 23:34:09.545863+05:30,0.0,65.92,-65.92,2
10598,ml_baseline_90deg,2026-07-09 23:34:09.646214+05:30,0.0,65.39,-65.39,2
10599,ml_baseline_90deg,2026-07-09 23:34:09.746093+05:30,0.0,65.04,-65.04,2
10600,ml_baseline_90deg,2026-07-09 23:34:09.849529+05:30,0.0,64.69,-64.69,2
10601,ml_baseline_90deg,2026-07-09 23:34:09.945592+05:30,0.0,64.16,-64.16,2
10602,ml_baseline_90deg,2026-07-09 23:34:10.044400+05:30,0.0,63.63,-63.63,2
10603,ml_baseline_90deg,2026-07-09 23:34:10.146201+05:30,0.0,63.28,-63.28,2
10604,ml_baseline_90deg,2026-07-09 23:34:10.247707+05:30,0.0,62.75,-62.75,2
10605,ml_baseline_90deg,2026-07-09 23:34:10.346387+05:30,0.0,62.4,-62.4,1
10606,ml_baseline_90deg,2026-07-09 23:34:10.445758+05:30,0.0,61.88,-61.88,2
10607,ml_baseline_90deg,2026-07-09 23:34:10.546325+05:30,0.0,61.52,-61.52,2
10608,ml_baseline_90deg,2026-07-09 23:34:10.646491+05:30,0.0,61.0,-61.0,2
10609,ml_baseline_90deg,2026-07-09 23:34:10.746787+05:30,0.0,60.64,-60.64,2
10610,ml_baseline_90deg,2026-07-09 23:34:10.845349+05:30,0.0,60.12,-60.12,2
10611,ml_baseline_90deg,2026-07-09 23:34:10.947478+05:30,0.0,59.77,-59.77,2
10612,ml_baseline_90deg,2026-07-09 23:34:11.045843+05:30,0.0,59.24,-59.24,2
10613,ml_baseline_90deg,2026-07-09 23:34:11.147249+05:30,0.0,58.89,-58.89,2
10614,ml_baseline_90deg,2026-07-09 23:34:11.246467+05:30,0.0,58.36,-58.36,1
10615,ml_baseline_90deg,2026-07-09 23:34:11.350149+05:30,0.0,58.01,-58.01,2
10616,ml_baseline_90deg,2026-07-09 23:34:11.448015+05:30,0.0,57.66,-57.66,2
10617,ml_baseline_90deg,2026-07-09 23:34:11.548182+05:30,0.0,57.13,-57.13,2
10618,ml_baseline_90deg,2026-07-09 23:34:11.646015+05:30,0.0,56.78,-56.78,2
10619,ml_baseline_90deg,2026-07-09 23:34:11.747375+05:30,0.0,56.25,-56.25,2
10620,ml_baseline_90deg,2026-07-09 23:34:11.846172+05:30,0.0,55.9,-55.9,2
10621,ml_baseline_90deg,2026-07-09 23:34:11.948445+05:30,0.0,55.37,-55.37,2
10622,ml_baseline_90deg,2026-07-09 23:34:12.046297+05:30,0.0,54.84,-54.84,2
10623,ml_baseline_90deg,2026-07-09 23:34:12.146474+05:30,0.0,54.49,-54.49,1
10624,ml_baseline_90deg,2026-07-09 23:34:12.246351+05:30,0.0,53.96,-53.96,2
10625,ml_baseline_90deg,2026-07-09 23:34:12.346257+05:30,0.0,53.44,-53.44,2
10626,ml_baseline_90deg,2026-07-09 23:34:12.448018+05:30,0.0,53.09,-53.09,2
10627,ml_baseline_90deg,2026-07-09 23:34:12.546499+05:30,0.0,52.56,-52.56,2
10628,ml_baseline_90deg,2026-07-09 23:34:12.650296+05:30,0.0,52.21,-52.21,2
10629,ml_baseline_90deg,2026-07-09 23:34:12.745447+05:30,0.0,51.68,-51.68,2
10630,ml_baseline_90deg,2026-07-09 23:34:12.846254+05:30,0.0,51.15,-51.15,2
10631,ml_baseline_90deg,2026-07-09 23:34:12.946045+05:30,0.0,50.63,-50.63,2
10632,ml_baseline_90deg,2026-07-09 23:34:13.046959+05:30,0.0,50.27,-50.27,1
10633,ml_baseline_90deg,2026-07-09 23:34:13.149203+05:30,0.0,49.92,-49.92,2
10634,ml_baseline_90deg,2026-07-09 23:34:13.246740+05:30,0.0,49.39,-49.39,2
10635,ml_baseline_90deg,2026-07-09 23:34:13.346411+05:30,0.0,49.04,-49.04,2
10636,ml_baseline_90deg,2026-07-09 23:34:13.446517+05:30,0.0,48.52,-48.52,2
10637,ml_baseline_90deg,2026-07-09 23:34:13.547674+05:30,0.0,48.16,-48.16,2
10638,ml_baseline_90deg,2026-07-09 23:34:13.646479+05:30,0.0,47.64,-47.64,2
10639,ml_baseline_90deg,2026-07-09 23:34:13.746845+05:30,0.0,47.11,-47.11,2
10640,ml_baseline_90deg,2026-07-09 23:34:13.851657+05:30,0.0,46.76,-46.76,2
10641,ml_baseline_90deg,2026-07-09 23:34:13.946332+05:30,0.0,46.23,-46.23,1
10642,ml_baseline_90deg,2026-07-09 23:34:14.048070+05:30,0.0,45.88,-45.88,2
10643,ml_baseline_90deg,2026-07-09 23:34:14.145660+05:30,0.0,45.35,-45.35,2
10644,ml_baseline_90deg,2026-07-09 23:34:14.247554+05:30,0.0,45.0,-45.0,2
10645,ml_baseline_90deg,2026-07-09 23:34:14.352109+05:30,0.0,44.47,-44.47,2
10646,ml_baseline_90deg,2026-07-09 23:34:14.451382+05:30,0.0,43.95,-43.95,2
10647,ml_baseline_90deg,2026-07-09 23:34:14.545781+05:30,0.0,43.59,-43.59,2
10648,ml_baseline_90deg,2026-07-09 23:34:14.646220+05:30,0.0,43.07,-43.07,2
10649,ml_baseline_90deg,2026-07-09 23:34:14.746395+05:30,0.0,42.54,-42.54,2
10650,ml_baseline_90deg,2026-07-09 23:34:14.845556+05:30,0.0,42.19,-42.19,1
10651,ml_baseline_90deg,2026-07-09 23:34:14.945344+05:30,0.0,41.84,-41.84,2
10652,ml_baseline_90deg,2026-07-09 23:34:15.044818+05:30,0.0,41.31,-41.31,2
10653,ml_baseline_90deg,2026-07-09 23:34:15.148233+05:30,0.0,40.78,-40.78,2
10654,ml_baseline_90deg,2026-07-09 23:34:15.246365+05:30,0.0,40.25,-40.25,2
10655,ml_baseline_90deg,2026-07-09 23:34:15.345992+05:30,0.0,39.9,-39.9,2
10656,ml_baseline_90deg,2026-07-09 23:34:15.447878+05:30,0.0,39.38,-39.38,2
10657,ml_baseline_90deg,2026-07-09 23:34:15.546817+05:30,0.0,39.02,-39.02,2
10658,ml_baseline_90deg,2026-07-09 23:34:15.646606+05:30,0.0,38.5,-38.5,2
10659,ml_baseline_90deg,2026-07-09 23:34:15.747242+05:30,0.0,37.97,-37.97,1
10660,ml_baseline_90deg,2026-07-09 23:34:15.846172+05:30,0.0,37.79,-37.79,2
10661,ml_baseline_90deg,2026-07-09 23:34:15.946607+05:30,0.0,37.27,-37.27,2
10662,ml_baseline_90deg,2026-07-09 23:34:16.046575+05:30,0.0,36.74,-36.74,2
10663,ml_baseline_90deg,2026-07-09 23:34:16.145624+05:30,0.0,36.21,-36.21,2
10664,ml_baseline_90deg,2026-07-09 23:34:16.247032+05:30,0.0,35.86,-35.86,2
10665,ml_baseline_90deg,2026-07-09 23:34:16.345027+05:30,0.0,35.33,-35.33,2
10666,ml_baseline_90deg,2026-07-09 23:34:16.447658+05:30,0.0,34.8,-34.8,2
10667,ml_baseline_90deg,2026-07-09 23:34:16.546399+05:30,0.0,34.28,-34.28,2
10668,ml_baseline_90deg,2026-07-09 23:34:16.646264+05:30,0.0,33.75,-33.75,1
10669,ml_baseline_90deg,2026-07-09 23:34:16.746158+05:30,0.0,33.4,-33.4,2
10670,ml_baseline_90deg,2026-07-09 23:34:16.846430+05:30,0.0,32.87,-32.87,2
10671,ml_baseline_90deg,2026-07-09 23:34:16.946376+05:30,0.0,32.52,-32.52,2
10672,ml_baseline_90deg,2026-07-09 23:34:17.048743+05:30,0.0,31.99,-31.99,2
10673,ml_baseline_90deg,2026-07-09 23:34:17.146081+05:30,0.0,31.46,-31.46,2
10674,ml_baseline_90deg,2026-07-09 23:34:17.244304+05:30,0.0,31.11,-31.11,2
10675,ml_baseline_90deg,2026-07-09 23:34:17.346548+05:30,0.0,30.76,-30.76,2
10676,ml_baseline_90deg,2026-07-09 23:34:17.446134+05:30,0.0,30.23,-30.23,2
10677,ml_baseline_90deg,2026-07-09 23:34:17.545558+05:30,0.0,29.71,-29.71,1
10678,ml_baseline_90deg,2026-07-09 23:34:17.648397+05:30,0.0,29.18,-29.18,2
10679,ml_baseline_90deg,2026-07-09 23:34:17.747753+05:30,0.0,28.83,-28.83,2
10680,ml_baseline_90deg,2026-07-09 23:34:17.846159+05:30,0.0,28.3,-28.3,2
10681,ml_baseline_90deg,2026-07-09 23:34:17.946189+05:30,0.0,27.95,-27.95,2
10682,ml_baseline_90deg,2026-07-09 23:34:18.046739+05:30,0.0,27.42,-27.42,2
10683,ml_baseline_90deg,2026-07-09 23:34:18.149571+05:30,0.0,26.89,-26.89,2
10684,ml_baseline_90deg,2026-07-09 23:34:18.244912+05:30,0.0,26.54,-26.54,2
10685,ml_baseline_90deg,2026-07-09 23:34:18.344293+05:30,0.0,26.02,-26.02,2
10686,ml_baseline_90deg,2026-07-09 23:34:18.444456+05:30,0.0,25.49,-25.49,1
10687,ml_baseline_90deg,2026-07-09 23:34:18.544917+05:30,0.0,24.96,-24.96,2
10688,ml_baseline_90deg,2026-07-09 23:34:18.646689+05:30,0.0,24.61,-24.61,2
10689,ml_baseline_90deg,2026-07-09 23:34:18.745913+05:30,0.0,24.08,-24.08,2
10690,ml_baseline_90deg,2026-07-09 23:34:18.844624+05:30,0.0,23.55,-23.55,2
10691,ml_baseline_90deg,2026-07-09 23:34:18.945385+05:30,0.0,23.03,-23.03,2
10692,ml_baseline_90deg,2026-07-09 23:34:19.045272+05:30,0.0,22.68,-22.68,2
10693,ml_baseline_90deg,2026-07-09 23:34:19.146382+05:30,0.0,22.15,-22.15,2
10694,ml_baseline_90deg,2026-07-09 23:34:19.250845+05:30,0.0,21.8,-21.8,2
10695,ml_baseline_90deg,2026-07-09 23:34:19.347391+05:30,0.0,21.27,-21.27,1
10696,ml_baseline_90deg,2026-07-09 23:34:19.446838+05:30,0.0,20.74,-20.74,2
10697,ml_baseline_90deg,2026-07-09 23:34:19.546219+05:30,0.0,20.39,-20.39,2
10698,ml_baseline_90deg,2026-07-09 23:34:19.645984+05:30,0.0,19.86,-19.86,2
10699,ml_baseline_90deg,2026-07-09 23:34:19.746843+05:30,0.0,19.51,-19.51,2
10700,ml_baseline_90deg,2026-07-09 23:34:19.850129+05:30,0.0,18.98,-18.98,2
10701,ml_baseline_90deg,2026-07-09 23:34:19.947028+05:30,0.0,18.46,-18.46,2
10702,ml_baseline_90deg,2026-07-09 23:34:20.047086+05:30,0.0,18.11,-18.11,2
10703,ml_baseline_90deg,2026-07-09 23:34:20.146159+05:30,0.0,17.75,-17.75,2
10704,ml_baseline_90deg,2026-07-09 23:34:20.245707+05:30,0.0,17.23,-17.23,1
10705,ml_baseline_90deg,2026-07-09 23:34:20.344429+05:30,0.0,17.05,-17.05,2
10706,ml_baseline_90deg,2026-07-09 23:34:20.444683+05:30,0.0,16.52,-16.52,2
10707,ml_baseline_90deg,2026-07-09 23:34:20.544600+05:30,0.0,16.17,-16.17,2
10708,ml_baseline_90deg,2026-07-09 23:34:20.644549+05:30,0.0,15.64,-15.64,2
10709,ml_baseline_90deg,2026-07-09 23:34:20.745664+05:30,0.0,15.29,-15.29,2
10710,ml_baseline_90deg,2026-07-09 23:34:20.847338+05:30,0.0,14.77,-14.77,2
10711,ml_baseline_90deg,2026-07-09 23:34:20.946204+05:30,0.0,14.41,-14.41,2
10712,ml_baseline_90deg,2026-07-09 23:34:21.050780+05:30,0.0,13.89,-13.89,2
10713,ml_baseline_90deg,2026-07-09 23:34:21.147131+05:30,0.0,13.54,-13.54,1
10714,ml_baseline_90deg,2026-07-09 23:34:21.246535+05:30,0.0,13.18,-13.18,2
10715,ml_baseline_90deg,2026-07-09 23:34:21.348244+05:30,0.0,12.66,-12.66,2
10716,ml_baseline_90deg,2026-07-09 23:34:21.447450+05:30,0.0,12.13,-12.13,2
10717,ml_baseline_90deg,2026-07-09 23:34:21.548688+05:30,0.0,11.6,-11.6,2
10718,ml_baseline_90deg,2026-07-09 23:34:21.645373+05:30,0.0,11.07,-11.07,2
10719,ml_baseline_90deg,2026-07-09 23:34:21.745085+05:30,0.0,10.55,-10.55,2
10720,ml_baseline_90deg,2026-07-09 23:34:21.846435+05:30,0.0,10.02,-10.02,2
10721,ml_baseline_90deg,2026-07-09 23:34:21.946239+05:30,0.0,9.32,-9.32,2
10722,ml_baseline_90deg,2026-07-09 23:34:22.045094+05:30,0.0,8.79,-8.79,1
10723,ml_baseline_90deg,2026-07-09 23:34:22.145614+05:30,0.0,8.44,-8.44,2
10724,ml_baseline_90deg,2026-07-09 23:34:22.245991+05:30,0.0,7.73,-7.73,2
10725,ml_baseline_90deg,2026-07-09 23:34:22.348184+05:30,0.0,7.21,-7.21,2
10726,ml_baseline_90deg,2026-07-09 23:34:22.446774+05:30,0.0,6.86,-6.86,2
10727,ml_baseline_90deg,2026-07-09 23:34:22.551839+05:30,0.0,6.5,-6.5,2
10728,ml_baseline_90deg,2026-07-09 23:34:22.645832+05:30,0.0,6.33,-6.33,2
10729,ml_baseline_90deg,2026-07-09 23:34:22.745390+05:30,0.0,6.33,-6.33,2
10730,ml_baseline_90deg,2026-07-09 23:34:22.845121+05:30,0.0,6.33,-6.33,2
10731,ml_baseline_90deg,2026-07-09 23:34:22.946364+05:30,0.0,6.33,-6.33,1
10732,ml_baseline_90deg,2026-07-09 23:34:23.044664+05:30,0.0,6.15,-6.15,2
10733,ml_baseline_90deg,2026-07-09 23:34:23.146089+05:30,0.0,5.45,-5.45,2
10734,ml_baseline_90deg,2026-07-09 23:34:23.247171+05:30,0.0,4.92,-4.92,1
10735,ml_baseline_90deg,2026-07-09 23:34:23.347138+05:30,0.0,4.39,-4.39,2
10736,ml_baseline_90deg,2026-07-09 23:34:23.448765+05:30,0.0,4.04,-4.04,1
10737,ml_baseline_90deg,2026-07-09 23:34:23.545537+05:30,0.0,3.52,-3.52,1
10738,ml_baseline_90deg,2026-07-09 23:34:23.646179+05:30,90.0,3.16,86.84,2
10739,ml_baseline_90deg,2026-07-09 23:34:23.745959+05:30,90.0,3.16,86.84,2
10740,ml_baseline_90deg,2026-07-09 23:34:23.846140+05:30,90.0,3.16,86.84,2
10741,ml_baseline_90deg,2026-07-09 23:34:23.946928+05:30,90.0,3.16,86.84,2
10742,ml_baseline_90deg,2026-07-09 23:34:24.045810+05:30,90.0,3.16,86.84,2
10743,ml_baseline_90deg,2026-07-09 23:34:24.145682+05:30,90.0,3.16,86.84,2
10744,ml_baseline_90deg,2026-07-09 23:34:24.247553+05:30,90.0,3.16,86.84,2
10745,ml_baseline_90deg,2026-07-09 23:34:24.345882+05:30,90.0,3.34,86.66,2
10746,ml_baseline_90deg,2026-07-09 23:34:24.446263+05:30,90.0,3.34,86.66,1
10747,ml_baseline_90deg,2026-07-09 23:34:24.550427+05:30,90.0,3.52,86.48,2
10748,ml_baseline_90deg,2026-07-09 23:34:24.645670+05:30,90.0,3.69,86.31,2
10749,ml_baseline_90deg,2026-07-09 23:34:24.746159+05:30,90.0,4.22,85.78,2
10750,ml_baseline_90deg,2026-07-09 23:34:24.848486+05:30,90.0,4.57,85.43,2
10751,ml_baseline_90deg,2026-07-09 23:34:24.945583+05:30,90.0,5.1,84.9,2
10752,ml_baseline_90deg,2026-07-09 23:34:25.045342+05:30,90.0,5.62,84.37,2
10753,ml_baseline_90deg,2026-07-09 23:34:25.147600+05:30,90.0,6.15,83.85,2
10754,ml_baseline_90deg,2026-07-09 23:34:25.247458+05:30,90.0,6.68,83.32,2
10755,ml_baseline_90deg,2026-07-09 23:34:25.349038+05:30,90.0,7.38,82.62,1
10756,ml_baseline_90deg,2026-07-09 23:34:25.445964+05:30,90.0,7.73,82.27,2
10757,ml_baseline_90deg,2026-07-09 23:34:25.548635+05:30,90.0,8.26,81.74,2
10758,ml_baseline_90deg,2026-07-09 23:34:25.649028+05:30,90.0,8.79,81.21,2
10759,ml_baseline_90deg,2026-07-09 23:34:25.746138+05:30,90.0,9.32,80.68,2
10760,ml_baseline_90deg,2026-07-09 23:34:25.846339+05:30,90.0,9.84,80.16,2
10761,ml_baseline_90deg,2026-07-09 23:34:25.945983+05:30,90.0,10.55,79.45,2
10762,ml_baseline_90deg,2026-07-09 23:34:26.046730+05:30,90.0,11.07,78.93,2
10763,ml_baseline_90deg,2026-07-09 23:34:26.144665+05:30,90.0,11.6,78.4,2
10764,ml_baseline_90deg,2026-07-09 23:34:26.246323+05:30,90.0,11.95,78.05,1
10765,ml_baseline_90deg,2026-07-09 23:34:26.347513+05:30,90.0,12.3,77.7,2
10766,ml_baseline_90deg,2026-07-09 23:34:26.448745+05:30,90.0,12.83,77.17,2
10767,ml_baseline_90deg,2026-07-09 23:34:26.549612+05:30,90.0,13.36,76.64,2
10768,ml_baseline_90deg,2026-07-09 23:34:26.646406+05:30,90.0,13.89,76.11,2
10769,ml_baseline_90deg,2026-07-09 23:34:26.749068+05:30,90.0,14.24,75.76,2
10770,ml_baseline_90deg,2026-07-09 23:34:26.848034+05:30,90.0,14.77,75.23,2
10771,ml_baseline_90deg,2026-07-09 23:34:26.946338+05:30,90.0,15.12,74.88,2
10772,ml_baseline_90deg,2026-07-09 23:34:27.045603+05:30,90.0,15.64,74.36,2
10773,ml_baseline_90deg,2026-07-09 23:34:27.149539+05:30,90.0,16.0,74.0,1
10774,ml_baseline_90deg,2026-07-09 23:34:27.249859+05:30,90.0,16.35,73.65,2
10775,ml_baseline_90deg,2026-07-09 23:34:27.345624+05:30,90.0,16.7,73.3,2
10776,ml_baseline_90deg,2026-07-09 23:34:27.448300+05:30,90.0,17.23,72.77,2
10777,ml_baseline_90deg,2026-07-09 23:34:27.546363+05:30,90.0,17.58,72.42,2
10778,ml_baseline_90deg,2026-07-09 23:34:27.649340+05:30,90.0,18.11,71.89,2
10779,ml_baseline_90deg,2026-07-09 23:34:27.747237+05:30,90.0,18.46,71.54,2
10780,ml_baseline_90deg,2026-07-09 23:34:27.845660+05:30,90.0,18.98,71.02,2
10781,ml_baseline_90deg,2026-07-09 23:34:27.945551+05:30,90.0,19.51,70.49,2
10782,ml_baseline_90deg,2026-07-09 23:34:28.044826+05:30,90.0,19.86,70.14,1
10783,ml_baseline_90deg,2026-07-09 23:34:28.146499+05:30,90.0,20.04,69.96,2
10784,ml_baseline_90deg,2026-07-09 23:34:28.251119+05:30,90.0,20.57,69.43,2
10785,ml_baseline_90deg,2026-07-09 23:34:28.346874+05:30,90.0,20.92,69.08,2
10786,ml_baseline_90deg,2026-07-09 23:34:28.448354+05:30,90.0,21.45,68.55,2
10787,ml_baseline_90deg,2026-07-09 23:34:28.546343+05:30,90.0,21.8,68.2,2
10788,ml_baseline_90deg,2026-07-09 23:34:28.649175+05:30,90.0,22.32,67.68,2
10789,ml_baseline_90deg,2026-07-09 23:34:28.747115+05:30,90.0,22.85,67.15,2
10790,ml_baseline_90deg,2026-07-09 23:34:28.847602+05:30,90.0,23.38,66.62,2
10791,ml_baseline_90deg,2026-07-09 23:34:28.945384+05:30,90.0,23.73,66.27,1
10792,ml_baseline_90deg,2026-07-09 23:34:29.045794+05:30,90.0,23.91,66.09,2
10793,ml_baseline_90deg,2026-07-09 23:34:29.148871+05:30,90.0,24.43,65.57,2
10794,ml_baseline_90deg,2026-07-09 23:34:29.247448+05:30,90.0,24.79,65.21,2
10795,ml_baseline_90deg,2026-07-09 23:34:29.345982+05:30,90.0,25.31,64.69,2
10796,ml_baseline_90deg,2026-07-09 23:34:29.447661+05:30,90.0,25.66,64.34,2
10797,ml_baseline_90deg,2026-07-09 23:34:29.545902+05:30,90.0,26.19,63.81,2
10798,ml_baseline_90deg,2026-07-09 23:34:29.650372+05:30,90.0,26.54,63.46,2
10799,ml_baseline_90deg,2026-07-09 23:34:29.749702+05:30,90.0,27.07,62.93,2
10800,ml_baseline_90deg,2026-07-09 23:34:29.849561+05:30,90.0,27.42,62.58,1
10801,ml_baseline_90deg,2026-07-09 23:34:29.946267+05:30,90.0,27.6,62.4,2
10802,ml_baseline_90deg,2026-07-09 23:34:30.044888+05:30,90.0,28.12,61.88,2
10803,ml_baseline_90deg,2026-07-09 23:34:30.146261+05:30,90.0,28.48,61.52,2
10804,ml_baseline_90deg,2026-07-09 23:34:30.246217+05:30,90.0,29.0,61.0,2
10805,ml_baseline_90deg,2026-07-09 23:34:30.346780+05:30,90.0,29.36,60.64,2
10806,ml_baseline_90deg,2026-07-09 23:34:30.446661+05:30,90.0,29.71,60.29,2
10807,ml_baseline_90deg,2026-07-09 23:34:30.547100+05:30,90.0,30.23,59.77,2
10808,ml_baseline_90deg,2026-07-09 23:34:30.645780+05:30,90.0,30.76,59.24,2
10809,ml_baseline_90deg,2026-07-09 23:34:30.746546+05:30,90.0,31.11,58.89,1
10810,ml_baseline_90deg,2026-07-09 23:34:30.847176+05:30,90.0,31.29,58.71,2
10811,ml_baseline_90deg,2026-07-09 23:34:30.945633+05:30,90.0,31.82,58.18,2
10812,ml_baseline_90deg,2026-07-09 23:34:31.045973+05:30,90.0,32.17,57.83,2
10813,ml_baseline_90deg,2026-07-09 23:34:31.148447+05:30,90.0,32.7,57.3,2
10814,ml_baseline_90deg,2026-07-09 23:34:31.246529+05:30,90.0,33.05,56.95,2
10815,ml_baseline_90deg,2026-07-09 23:34:31.346957+05:30,90.0,33.57,56.43,2
10816,ml_baseline_90deg,2026-07-09 23:34:31.446300+05:30,90.0,33.93,56.07,2
10817,ml_baseline_90deg,2026-07-09 23:34:31.546230+05:30,90.0,34.45,55.55,2
10818,ml_baseline_90deg,2026-07-09 23:34:31.649220+05:30,90.0,34.8,55.2,1
10819,ml_baseline_90deg,2026-07-09 23:34:31.745392+05:30,90.0,34.98,55.02,2
10820,ml_baseline_90deg,2026-07-09 23:34:31.848083+05:30,90.0,35.51,54.49,2
10821,ml_baseline_90deg,2026-07-09 23:34:31.945331+05:30,90.0,35.86,54.14,2
10822,ml_baseline_90deg,2026-07-09 23:34:32.046119+05:30,90.0,36.39,53.61,2
10823,ml_baseline_90deg,2026-07-09 23:34:32.146640+05:30,90.0,36.74,53.26,2
10824,ml_baseline_90deg,2026-07-09 23:34:32.252039+05:30,90.0,37.09,52.91,2
10825,ml_baseline_90deg,2026-07-09 23:34:32.348507+05:30,90.0,37.62,52.38,2
10826,ml_baseline_90deg,2026-07-09 23:34:32.446435+05:30,90.0,37.97,52.03,2
10827,ml_baseline_90deg,2026-07-09 23:34:32.548657+05:30,90.0,38.32,51.68,1
10828,ml_baseline_90deg,2026-07-09 23:34:32.647892+05:30,90.0,38.67,51.33,2
10829,ml_baseline_90deg,2026-07-09 23:34:32.745767+05:30,90.0,39.02,50.98,2
10830,ml_baseline_90deg,2026-07-09 23:34:32.848148+05:30,90.0,39.38,50.63,2
10831,ml_baseline_90deg,2026-07-09 23:34:32.945753+05:30,90.0,39.9,50.1,2
10832,ml_baseline_90deg,2026-07-09 23:34:33.046149+05:30,90.0,40.25,49.75,2
10833,ml_baseline_90deg,2026-07-09 23:34:33.146129+05:30,90.0,40.61,49.39,2
10834,ml_baseline_90deg,2026-07-09 23:34:33.246140+05:30,90.0,41.13,48.87,2
10835,ml_baseline_90deg,2026-07-09 23:34:33.345313+05:30,90.0,41.48,48.52,2
10836,ml_baseline_90deg,2026-07-09 23:34:33.446374+05:30,90.0,41.84,48.16,1
10837,ml_baseline_90deg,2026-07-09 23:34:33.544402+05:30,90.0,42.01,47.99,2
10838,ml_baseline_90deg,2026-07-09 23:34:33.645637+05:30,90.0,42.54,47.46,2
10839,ml_baseline_90deg,2026-07-09 23:34:33.745930+05:30,90.0,42.89,47.11,2
10840,ml_baseline_90deg,2026-07-09 23:34:33.844998+05:30,90.0,43.24,46.76,2
10841,ml_baseline_90deg,2026-07-09 23:34:33.947428+05:30,90.0,43.77,46.23,2
10842,ml_baseline_90deg,2026-07-09 23:34:34.047012+05:30,90.0,44.12,45.88,2
10843,ml_baseline_90deg,2026-07-09 23:34:34.146867+05:30,90.0,44.65,45.35,2
10844,ml_baseline_90deg,2026-07-09 23:34:34.246787+05:30,90.0,45.0,45.0,2
10845,ml_baseline_90deg,2026-07-09 23:34:34.347777+05:30,90.0,45.35,44.65,1
10846,ml_baseline_90deg,2026-07-09 23:34:34.447763+05:30,90.0,45.7,44.3,2
10847,ml_baseline_90deg,2026-07-09 23:34:34.549533+05:30,90.0,46.23,43.77,2
10848,ml_baseline_90deg,2026-07-09 23:34:34.645156+05:30,90.0,46.58,43.42,2
10849,ml_baseline_90deg,2026-07-09 23:34:34.746621+05:30,90.0,47.11,42.89,2
10850,ml_baseline_90deg,2026-07-09 23:34:34.848559+05:30,90.0,47.46,42.54,2
10851,ml_baseline_90deg,2026-07-09 23:34:34.945471+05:30,90.0,47.81,42.19,2
10852,ml_baseline_90deg,2026-07-09 23:34:35.045334+05:30,90.0,48.16,41.84,2
10853,ml_baseline_90deg,2026-07-09 23:34:35.147175+05:30,90.0,48.69,41.31,2
10854,ml_baseline_90deg,2026-07-09 23:34:35.251921+05:30,90.0,49.04,40.96,1
10855,ml_baseline_90deg,2026-07-09 23:34:35.347229+05:30,90.0,49.22,40.78,2
10856,ml_baseline_90deg,2026-07-09 23:34:35.446669+05:30,90.0,49.75,40.25,2
10857,ml_baseline_90deg,2026-07-09 23:34:35.546784+05:30,90.0,50.1,39.9,2
10858,ml_baseline_90deg,2026-07-09 23:34:35.647829+05:30,90.0,50.45,39.55,2
10859,ml_baseline_90deg,2026-07-09 23:34:35.745554+05:30,90.0,50.98,39.02,2
10860,ml_baseline_90deg,2026-07-09 23:34:35.846645+05:30,90.0,51.33,38.67,2
10861,ml_baseline_90deg,2026-07-09 23:34:35.945639+05:30,90.0,51.68,38.32,2
10862,ml_baseline_90deg,2026-07-09 23:34:36.044583+05:30,90.0,52.21,37.79,2
10863,ml_baseline_90deg,2026-07-09 23:34:36.145533+05:30,90.0,52.56,37.44,1
10864,ml_baseline_90deg,2026-07-09 23:34:36.248672+05:30,90.0,52.73,37.27,2
10865,ml_baseline_90deg,2026-07-09 23:34:36.346585+05:30,90.0,53.26,36.74,2
10866,ml_baseline_90deg,2026-07-09 23:34:36.446839+05:30,90.0,53.61,36.39,2
10867,ml_baseline_90deg,2026-07-09 23:34:36.546885+05:30,90.0,53.96,36.04,2
10868,ml_baseline_90deg,2026-07-09 23:34:36.647877+05:30,90.0,54.49,35.51,2
10869,ml_baseline_90deg,2026-07-09 23:34:36.746671+05:30,90.0,54.84,35.16,2
10870,ml_baseline_90deg,2026-07-09 23:34:36.846631+05:30,90.0,55.2,34.8,2
10871,ml_baseline_90deg,2026-07-09 23:34:36.950416+05:30,90.0,55.55,34.45,2
10872,ml_baseline_90deg,2026-07-09 23:34:37.048545+05:30,90.0,56.07,33.93,1
10873,ml_baseline_90deg,2026-07-09 23:34:37.145480+05:30,90.0,56.25,33.75,2
10874,ml_baseline_90deg,2026-07-09 23:34:37.244170+05:30,90.0,56.6,33.4,2
10875,ml_baseline_90deg,2026-07-09 23:34:37.346340+05:30,90.0,57.13,32.87,2
10876,ml_baseline_90deg,2026-07-09 23:34:37.444991+05:30,90.0,57.48,32.52,2
10877,ml_baseline_90deg,2026-07-09 23:34:37.546026+05:30,90.0,57.83,32.17,2
10878,ml_baseline_90deg,2026-07-09 23:34:37.648733+05:30,90.0,58.18,31.82,2
10879,ml_baseline_90deg,2026-07-09 23:34:37.746756+05:30,90.0,58.54,31.46,2
10880,ml_baseline_90deg,2026-07-09 23:34:37.845726+05:30,90.0,58.89,31.11,2
10881,ml_baseline_90deg,2026-07-09 23:34:37.947255+05:30,90.0,59.24,30.76,1
10882,ml_baseline_90deg,2026-07-09 23:34:38.045196+05:30,90.0,59.59,30.41,2
10883,ml_baseline_90deg,2026-07-09 23:34:38.145461+05:30,90.0,59.94,30.06,2
10884,ml_baseline_90deg,2026-07-09 23:34:38.249094+05:30,90.0,60.29,29.71,2
10885,ml_baseline_90deg,2026-07-09 23:34:38.348621+05:30,90.0,60.82,29.18,2
10886,ml_baseline_90deg,2026-07-09 23:34:38.446272+05:30,90.0,61.17,28.83,2
10887,ml_baseline_90deg,2026-07-09 23:34:38.547051+05:30,90.0,61.7,28.3,2
10888,ml_baseline_90deg,2026-07-09 23:34:38.646387+05:30,90.0,62.05,27.95,2
10889,ml_baseline_90deg,2026-07-09 23:34:38.746637+05:30,90.0,62.58,27.42,2
10890,ml_baseline_90deg,2026-07-09 23:34:38.847042+05:30,90.0,62.93,27.07,1
10891,ml_baseline_90deg,2026-07-09 23:34:38.947568+05:30,90.0,63.11,26.89,2
10892,ml_baseline_90deg,2026-07-09 23:34:39.045893+05:30,90.0,63.63,26.37,2
10893,ml_baseline_90deg,2026-07-09 23:34:39.146223+05:30,90.0,63.98,26.02,2
10894,ml_baseline_90deg,2026-07-09 23:34:39.247279+05:30,90.0,64.34,25.66,2
10895,ml_baseline_90deg,2026-07-09 23:34:39.346177+05:30,90.0,64.69,25.31,2
10896,ml_baseline_90deg,2026-07-09 23:34:39.446356+05:30,90.0,65.21,24.79,2
10897,ml_baseline_90deg,2026-07-09 23:34:39.550591+05:30,90.0,65.57,24.43,2
10898,ml_baseline_90deg,2026-07-09 23:34:39.646756+05:30,90.0,65.92,24.08,2
10899,ml_baseline_90deg,2026-07-09 23:34:39.746007+05:30,90.0,66.27,23.73,1
10900,ml_baseline_90deg,2026-07-09 23:34:39.848342+05:30,90.0,66.62,23.38,2
10901,ml_baseline_90deg,2026-07-09 23:34:39.948833+05:30,90.0,66.97,23.03,2
10902,ml_baseline_90deg,2026-07-09 23:34:40.045526+05:30,90.0,67.5,22.5,2
10903,ml_baseline_90deg,2026-07-09 23:34:40.147196+05:30,90.0,68.03,21.97,2
10904,ml_baseline_90deg,2026-07-09 23:34:40.249664+05:30,90.0,68.38,21.62,2
10905,ml_baseline_90deg,2026-07-09 23:34:40.348495+05:30,90.0,68.91,21.09,2
10906,ml_baseline_90deg,2026-07-09 23:34:40.446394+05:30,90.0,69.26,20.74,2
10907,ml_baseline_90deg,2026-07-09 23:34:40.549042+05:30,90.0,69.61,20.39,2
10908,ml_baseline_90deg,2026-07-09 23:34:40.644989+05:30,90.0,70.14,19.86,1
10909,ml_baseline_90deg,2026-07-09 23:34:40.745947+05:30,90.0,70.31,19.69,2
10910,ml_baseline_90deg,2026-07-09 23:34:40.845963+05:30,90.0,70.84,19.16,2
10911,ml_baseline_90deg,2026-07-09 23:34:40.946379+05:30,90.0,71.19,18.81,2
10912,ml_baseline_90deg,2026-07-09 23:34:41.047708+05:30,90.0,71.54,18.46,2
10913,ml_baseline_90deg,2026-07-09 23:34:41.145980+05:30,90.0,72.07,17.93,2
10914,ml_baseline_90deg,2026-07-09 23:34:41.246429+05:30,90.0,72.42,17.58,2
10915,ml_baseline_90deg,2026-07-09 23:34:41.345260+05:30,90.0,72.95,17.05,2
10916,ml_baseline_90deg,2026-07-09 23:34:41.445636+05:30,90.0,73.3,16.7,2
10917,ml_baseline_90deg,2026-07-09 23:34:41.546526+05:30,90.0,73.83,16.17,1
10918,ml_baseline_90deg,2026-07-09 23:34:41.645981+05:30,90.0,74.0,16.0,2
10919,ml_baseline_90deg,2026-07-09 23:34:41.745303+05:30,90.0,74.53,15.47,2
10920,ml_baseline_90deg,2026-07-09 23:34:41.845992+05:30,90.0,74.88,15.12,2
10921,ml_baseline_90deg,2026-07-09 23:34:41.945707+05:30,90.0,75.41,14.59,2
10922,ml_baseline_90deg,2026-07-09 23:34:42.045897+05:30,90.0,75.94,14.06,2
10923,ml_baseline_90deg,2026-07-09 23:34:42.146479+05:30,90.0,76.29,13.71,2
10924,ml_baseline_90deg,2026-07-09 23:34:42.247091+05:30,90.0,76.64,13.36,2
10925,ml_baseline_90deg,2026-07-09 23:34:42.346263+05:30,90.0,77.17,12.83,2
10926,ml_baseline_90deg,2026-07-09 23:34:42.446633+05:30,90.0,77.52,12.48,1
10927,ml_baseline_90deg,2026-07-09 23:34:42.546932+05:30,90.0,77.87,12.13,2
10928,ml_baseline_90deg,2026-07-09 23:34:42.645736+05:30,90.0,78.22,11.78,2
10929,ml_baseline_90deg,2026-07-09 23:34:42.746105+05:30,90.0,78.75,11.25,2
10930,ml_baseline_90deg,2026-07-09 23:34:42.844879+05:30,90.0,79.1,10.9,2
10931,ml_baseline_90deg,2026-07-09 23:34:42.948110+05:30,90.0,79.63,10.37,2
10932,ml_baseline_90deg,2026-07-09 23:34:43.045594+05:30,90.0,79.98,10.02,2
10933,ml_baseline_90deg,2026-07-09 23:34:43.145507+05:30,90.0,80.51,9.49,2
10934,ml_baseline_90deg,2026-07-09 23:34:43.250684+05:30,90.0,80.86,9.14,2
10935,ml_baseline_90deg,2026-07-09 23:34:43.346673+05:30,90.0,81.21,8.79,1
10936,ml_baseline_90deg,2026-07-09 23:34:43.445570+05:30,90.0,81.39,8.61,2
10937,ml_baseline_90deg,2026-07-09 23:34:43.549340+05:30,90.0,81.74,8.26,2
10938,ml_baseline_90deg,2026-07-09 23:34:43.650123+05:30,90.0,82.09,7.91,2
10939,ml_baseline_90deg,2026-07-09 23:34:43.745426+05:30,90.0,82.44,7.56,2
10940,ml_baseline_90deg,2026-07-09 23:34:43.844373+05:30,90.0,82.97,7.03,2
10941,ml_baseline_90deg,2026-07-09 23:34:43.947725+05:30,90.0,83.32,6.68,2
10942,ml_baseline_90deg,2026-07-09 23:34:44.044953+05:30,90.0,83.67,6.33,2
10943,ml_baseline_90deg,2026-07-09 23:34:44.149843+05:30,90.0,84.02,5.98,2
10944,ml_baseline_90deg,2026-07-09 23:34:44.246375+05:30,0.0,84.2,-84.2,2
10945,ml_baseline_90deg,2026-07-09 23:34:44.345749+05:30,0.0,84.2,-84.2,2
10946,ml_baseline_90deg,2026-07-09 23:34:44.445856+05:30,0.0,84.2,-84.2,2
10947,ml_baseline_90deg,2026-07-09 23:34:44.546351+05:30,0.0,84.2,-84.2,2
10948,ml_baseline_90deg,2026-07-09 23:34:44.645785+05:30,0.0,84.2,-84.2,2
10949,ml_baseline_90deg,2026-07-09 23:34:44.746659+05:30,0.0,84.2,-84.2,2
10950,ml_baseline_90deg,2026-07-09 23:34:44.847671+05:30,0.0,84.2,-84.2,2
10951,ml_baseline_90deg,2026-07-09 23:34:44.946400+05:30,0.0,84.2,-84.2,2
10952,ml_baseline_90deg,2026-07-09 23:34:45.046684+05:30,0.0,84.2,-84.2,1
10953,ml_baseline_90deg,2026-07-09 23:34:45.148406+05:30,0.0,84.2,-84.2,2
10954,ml_baseline_90deg,2026-07-09 23:34:45.246514+05:30,0.0,84.2,-84.2,2
10955,ml_baseline_90deg,2026-07-09 23:34:45.350050+05:30,0.0,84.02,-84.02,2
10956,ml_baseline_90deg,2026-07-09 23:34:45.447783+05:30,0.0,83.85,-83.85,2
10957,ml_baseline_90deg,2026-07-09 23:34:45.547466+05:30,0.0,83.67,-83.67,2
10958,ml_baseline_90deg,2026-07-09 23:34:45.647618+05:30,0.0,83.32,-83.32,2
10959,ml_baseline_90deg,2026-07-09 23:34:45.746741+05:30,0.0,82.97,-82.97,2
10960,ml_baseline_90deg,2026-07-09 23:34:45.847015+05:30,0.0,82.62,-82.62,2
10961,ml_baseline_90deg,2026-07-09 23:34:45.949591+05:30,0.0,82.27,-82.27,1
10962,ml_baseline_90deg,2026-07-09 23:34:46.045863+05:30,0.0,81.91,-81.91,2
10963,ml_baseline_90deg,2026-07-09 23:34:46.146598+05:30,0.0,81.39,-81.39,2
10964,ml_baseline_90deg,2026-07-09 23:34:46.245870+05:30,0.0,80.86,-80.86,2
10965,ml_baseline_90deg,2026-07-09 23:34:46.347768+05:30,0.0,80.33,-80.33,2
10966,ml_baseline_90deg,2026-07-09 23:34:46.446636+05:30,0.0,79.8,-79.8,2
10967,ml_baseline_90deg,2026-07-09 23:34:46.546126+05:30,0.0,79.45,-79.45,2
10968,ml_baseline_90deg,2026-07-09 23:34:46.646689+05:30,0.0,78.93,-78.93,2
10969,ml_baseline_90deg,2026-07-09 23:34:46.745760+05:30,0.0,78.4,-78.4,2
10970,ml_baseline_90deg,2026-07-09 23:34:46.847918+05:30,0.0,78.05,-78.05,1
10971,ml_baseline_90deg,2026-07-09 23:34:46.945898+05:30,0.0,77.52,-77.52,2
10972,ml_baseline_90deg,2026-07-09 23:34:47.045493+05:30,0.0,76.99,-76.99,2
10973,ml_baseline_90deg,2026-07-09 23:34:47.146300+05:30,0.0,76.64,-76.64,2
10974,ml_baseline_90deg,2026-07-09 23:34:47.247151+05:30,0.0,76.11,-76.11,2
10975,ml_baseline_90deg,2026-07-09 23:34:47.345009+05:30,0.0,75.59,-75.59,2
10976,ml_baseline_90deg,2026-07-09 23:34:47.449502+05:30,0.0,75.23,-75.23,2
10977,ml_baseline_90deg,2026-07-09 23:34:47.546026+05:30,0.0,74.71,-74.71,2
10978,ml_baseline_90deg,2026-07-09 23:34:47.648229+05:30,0.0,74.18,-74.18,2
10979,ml_baseline_90deg,2026-07-09 23:34:47.748455+05:30,0.0,73.83,-73.83,1
10980,ml_baseline_90deg,2026-07-09 23:34:47.845633+05:30,0.0,73.48,-73.48,2
10981,ml_baseline_90deg,2026-07-09 23:34:47.950095+05:30,0.0,72.95,-72.95,2
10982,ml_baseline_90deg,2026-07-09 23:34:48.046249+05:30,0.0,72.42,-72.42,2
10983,ml_baseline_90deg,2026-07-09 23:34:48.146897+05:30,0.0,71.89,-71.89,2
10984,ml_baseline_90deg,2026-07-09 23:34:48.245714+05:30,0.0,71.37,-71.37,2
10985,ml_baseline_90deg,2026-07-09 23:34:48.349275+05:30,0.0,71.02,-71.02,2
10986,ml_baseline_90deg,2026-07-09 23:34:48.445217+05:30,0.0,70.49,-70.49,2
10987,ml_baseline_90deg,2026-07-09 23:34:48.545779+05:30,0.0,70.14,-70.14,2
10988,ml_baseline_90deg,2026-07-09 23:34:48.646264+05:30,0.0,69.61,-69.61,1
10989,ml_baseline_90deg,2026-07-09 23:34:48.746738+05:30,0.0,69.26,-69.26,2
10990,ml_baseline_90deg,2026-07-09 23:34:48.849276+05:30,0.0,68.91,-68.91,2
10991,ml_baseline_90deg,2026-07-09 23:34:48.948933+05:30,0.0,68.38,-68.38,2
10992,ml_baseline_90deg,2026-07-09 23:34:49.049336+05:30,0.0,67.85,-67.85,2
10993,ml_baseline_90deg,2026-07-09 23:34:49.147401+05:30,0.0,67.5,-67.5,2
10994,ml_baseline_90deg,2026-07-09 23:34:49.245650+05:30,0.0,66.97,-66.97,2
10995,ml_baseline_90deg,2026-07-09 23:34:49.346883+05:30,0.0,66.45,-66.45,2
10996,ml_baseline_90deg,2026-07-09 23:34:49.446360+05:30,0.0,66.09,-66.09,2
10997,ml_baseline_90deg,2026-07-09 23:34:49.546865+05:30,0.0,65.74,-65.74,1
10998,ml_baseline_90deg,2026-07-09 23:34:49.648825+05:30,0.0,65.21,-65.21,2
10999,ml_baseline_90deg,2026-07-09 23:34:49.746011+05:30,0.0,64.86,-64.86,2
11000,ml_baseline_90deg,2026-07-09 23:34:49.846811+05:30,0.0,64.34,-64.34,2
11001,ml_baseline_90deg,2026-07-09 23:34:49.947558+05:30,0.0,63.81,-63.81,2
11002,ml_baseline_90deg,2026-07-09 23:34:50.045166+05:30,0.0,63.46,-63.46,2
11003,ml_baseline_90deg,2026-07-09 23:34:50.147180+05:30,0.0,62.93,-62.93,2
11004,ml_baseline_90deg,2026-07-09 23:34:50.245157+05:30,0.0,62.58,-62.58,2
11005,ml_baseline_90deg,2026-07-09 23:34:50.345462+05:30,0.0,62.05,-62.05,2
11006,ml_baseline_90deg,2026-07-09 23:34:50.444494+05:30,0.0,61.7,-61.7,1
11007,ml_baseline_90deg,2026-07-09 23:34:50.545773+05:30,0.0,61.35,-61.35,2
11008,ml_baseline_90deg,2026-07-09 23:34:50.647849+05:30,0.0,60.82,-60.82,2
11009,ml_baseline_90deg,2026-07-09 23:34:50.744795+05:30,0.0,60.29,-60.29,2
11010,ml_baseline_90deg,2026-07-09 23:34:50.846938+05:30,0.0,59.94,-59.94,2
11011,ml_baseline_90deg,2026-07-09 23:34:50.947495+05:30,0.0,59.41,-59.41,2
11012,ml_baseline_90deg,2026-07-09 23:34:51.046317+05:30,0.0,58.89,-58.89,2
11013,ml_baseline_90deg,2026-07-09 23:34:51.145749+05:30,0.0,58.54,-58.54,2
11014,ml_baseline_90deg,2026-07-09 23:34:51.246855+05:30,0.0,58.01,-58.01,2
11015,ml_baseline_90deg,2026-07-09 23:34:51.350505+05:30,0.0,57.66,-57.66,1
11016,ml_baseline_90deg,2026-07-09 23:34:51.446061+05:30,0.0,57.3,-57.3,2
11017,ml_baseline_90deg,2026-07-09 23:34:51.546290+05:30,0.0,56.78,-56.78,2
11018,ml_baseline_90deg,2026-07-09 23:34:51.648988+05:30,0.0,56.43,-56.43,2
11019,ml_baseline_90deg,2026-07-09 23:34:51.749725+05:30,0.0,55.9,-55.9,2
11020,ml_baseline_90deg,2026-07-09 23:34:51.846393+05:30,0.0,55.37,-55.37,2
11021,ml_baseline_90deg,2026-07-09 23:34:51.948967+05:30,0.0,55.02,-55.02,2
11022,ml_baseline_90deg,2026-07-09 23:34:52.046155+05:30,0.0,54.49,-54.49,2
11023,ml_baseline_90deg,2026-07-09 23:34:52.145089+05:30,0.0,53.96,-53.96,2
11024,ml_baseline_90deg,2026-07-09 23:34:52.247373+05:30,0.0,53.61,-53.61,1
11025,ml_baseline_90deg,2026-07-09 23:34:52.346008+05:30,0.0,53.26,-53.26,2
11026,ml_baseline_90deg,2026-07-09 23:34:52.449993+05:30,0.0,52.73,-52.73,2
11027,ml_baseline_90deg,2026-07-09 23:34:52.545538+05:30,0.0,52.21,-52.21,2
11028,ml_baseline_90deg,2026-07-09 23:34:52.649101+05:30,0.0,51.86,-51.86,2
11029,ml_baseline_90deg,2026-07-09 23:34:52.748988+05:30,0.0,51.33,-51.33,2
11030,ml_baseline_90deg,2026-07-09 23:34:52.848737+05:30,0.0,50.8,-50.8,2
11031,ml_baseline_90deg,2026-07-09 23:34:52.946489+05:30,0.0,50.45,-50.45,2
11032,ml_baseline_90deg,2026-07-09 23:34:53.049095+05:30,0.0,49.92,-49.92,2
11033,ml_baseline_90deg,2026-07-09 23:34:53.146304+05:30,0.0,49.57,-49.57,1
11034,ml_baseline_90deg,2026-07-09 23:34:53.247031+05:30,0.0,49.22,-49.22,2
11035,ml_baseline_90deg,2026-07-09 23:34:53.345960+05:30,0.0,48.69,-48.69,2
11036,ml_baseline_90deg,2026-07-09 23:34:53.446671+05:30,0.0,48.16,-48.16,2
11037,ml_baseline_90deg,2026-07-09 23:34:53.546753+05:30,0.0,47.81,-47.81,2
11038,ml_baseline_90deg,2026-07-09 23:34:53.648834+05:30,0.0,47.29,-47.29,2
11039,ml_baseline_90deg,2026-07-09 23:34:53.747596+05:30,0.0,46.76,-46.76,2
11040,ml_baseline_90deg,2026-07-09 23:34:53.845521+05:30,0.0,46.41,-46.41,2
11041,ml_baseline_90deg,2026-07-09 23:34:53.948454+05:30,0.0,45.88,-45.88,2
11042,ml_baseline_90deg,2026-07-09 23:34:54.046033+05:30,0.0,45.53,-45.53,1
11043,ml_baseline_90deg,2026-07-09 23:34:54.145891+05:30,0.0,45.18,-45.18,2
11044,ml_baseline_90deg,2026-07-09 23:34:54.247548+05:30,0.0,44.65,-44.65,2
11045,ml_baseline_90deg,2026-07-09 23:34:54.347942+05:30,0.0,44.12,-44.12,2
11046,ml_baseline_90deg,2026-07-09 23:34:54.445721+05:30,0.0,43.59,-43.59,2
11047,ml_baseline_90deg,2026-07-09 23:34:54.546371+05:30,0.0,43.24,-43.24,2
11048,ml_baseline_90deg,2026-07-09 23:34:54.648089+05:30,0.0,42.71,-42.71,2
11049,ml_baseline_90deg,2026-07-09 23:34:54.748551+05:30,0.0,42.36,-42.36,2
11050,ml_baseline_90deg,2026-07-09 23:34:54.848356+05:30,0.0,41.66,-41.66,2
11051,ml_baseline_90deg,2026-07-09 23:34:54.945344+05:30,0.0,41.31,-41.31,1
11052,ml_baseline_90deg,2026-07-09 23:34:55.045317+05:30,0.0,40.96,-40.96,2
11053,ml_baseline_90deg,2026-07-09 23:34:55.146444+05:30,0.0,40.43,-40.43,2
11054,ml_baseline_90deg,2026-07-09 23:34:55.245257+05:30,0.0,40.08,-40.08,2
11055,ml_baseline_90deg,2026-07-09 23:34:55.348107+05:30,0.0,39.55,-39.55,2
11056,ml_baseline_90deg,2026-07-09 23:34:55.446682+05:30,0.0,39.02,-39.02,2
11057,ml_baseline_90deg,2026-07-09 23:34:55.546768+05:30,0.0,38.5,-38.5,2
11058,ml_baseline_90deg,2026-07-09 23:34:55.645750+05:30,0.0,37.97,-37.97,2
11059,ml_baseline_90deg,2026-07-09 23:34:55.746378+05:30,0.0,37.62,-37.62,2
11060,ml_baseline_90deg,2026-07-09 23:34:55.845709+05:30,0.0,37.27,-37.27,1
11061,ml_baseline_90deg,2026-07-09 23:34:55.948721+05:30,0.0,36.91,-36.91,2
11062,ml_baseline_90deg,2026-07-09 23:34:56.044826+05:30,0.0,36.21,-36.21,2
11063,ml_baseline_90deg,2026-07-09 23:34:56.149431+05:30,0.0,35.86,-35.86,2
11064,ml_baseline_90deg,2026-07-09 23:34:56.248032+05:30,0.0,35.33,-35.33,2
11065,ml_baseline_90deg,2026-07-09 23:34:56.345989+05:30,0.0,34.8,-34.8,2
11066,ml_baseline_90deg,2026-07-09 23:34:56.447938+05:30,0.0,34.28,-34.28,2
11067,ml_baseline_90deg,2026-07-09 23:34:56.547311+05:30,0.0,33.93,-33.93,2
11068,ml_baseline_90deg,2026-07-09 23:34:56.649157+05:30,0.0,33.4,-33.4,2
11069,ml_baseline_90deg,2026-07-09 23:34:56.748722+05:30,0.0,33.05,-33.05,1
11070,ml_baseline_90deg,2026-07-09 23:34:56.847278+05:30,0.0,32.7,-32.7,2
11071,ml_baseline_90deg,2026-07-09 23:34:56.947155+05:30,0.0,32.17,-32.17,2
11072,ml_baseline_90deg,2026-07-09 23:34:57.044894+05:30,0.0,31.64,-31.64,2
11073,ml_baseline_90deg,2026-07-09 23:34:57.146777+05:30,0.0,31.29,-31.29,2
11074,ml_baseline_90deg,2026-07-09 23:34:57.250332+05:30,0.0,30.76,-30.76,2
11075,ml_baseline_90deg,2026-07-09 23:34:57.345835+05:30,0.0,30.23,-30.23,2
11076,ml_baseline_90deg,2026-07-09 23:34:57.444990+05:30,0.0,29.71,-29.71,2
11077,ml_baseline_90deg,2026-07-09 23:34:57.546515+05:30,0.0,29.36,-29.36,2
11078,ml_baseline_90deg,2026-07-09 23:34:57.650707+05:30,0.0,28.83,-28.83,1
11079,ml_baseline_90deg,2026-07-09 23:34:57.748204+05:30,0.0,28.48,-28.48,2
11080,ml_baseline_90deg,2026-07-09 23:34:57.845745+05:30,0.0,28.12,-28.12,2
11081,ml_baseline_90deg,2026-07-09 23:34:57.946448+05:30,0.0,27.6,-27.6,2
11082,ml_baseline_90deg,2026-07-09 23:34:58.045344+05:30,0.0,27.07,-27.07,2
11083,ml_baseline_90deg,2026-07-09 23:34:58.153196+05:30,0.0,26.54,-26.54,2
11084,ml_baseline_90deg,2026-07-09 23:34:58.248331+05:30,0.0,26.19,-26.19,2
11085,ml_baseline_90deg,2026-07-09 23:34:58.346088+05:30,0.0,25.66,-25.66,2
11086,ml_baseline_90deg,2026-07-09 23:34:58.448387+05:30,0.0,25.14,-25.14,2
11087,ml_baseline_90deg,2026-07-09 23:34:58.545383+05:30,0.0,24.79,-24.79,1
11088,ml_baseline_90deg,2026-07-09 23:34:58.646353+05:30,0.0,24.43,-24.43,2
11089,ml_baseline_90deg,2026-07-09 23:34:58.747878+05:30,0.0,23.91,-23.91,2
11090,ml_baseline_90deg,2026-07-09 23:34:58.846756+05:30,0.0,23.38,-23.38,2
11091,ml_baseline_90deg,2026-07-09 23:34:58.949297+05:30,0.0,23.03,-23.03,2
11092,ml_baseline_90deg,2026-07-09 23:34:59.044818+05:30,0.0,22.68,-22.68,2
11093,ml_baseline_90deg,2026-07-09 23:34:59.147517+05:30,0.0,22.15,-22.15,2
11094,ml_baseline_90deg,2026-07-09 23:34:59.247737+05:30,0.0,21.62,-21.62,2
11095,ml_baseline_90deg,2026-07-09 23:34:59.347539+05:30,0.0,21.27,-21.27,2
11096,ml_baseline_90deg,2026-07-09 23:34:59.447025+05:30,0.0,20.57,-20.57,1
11097,ml_baseline_90deg,2026-07-09 23:34:59.547829+05:30,0.0,20.21,-20.21,2
11098,ml_baseline_90deg,2026-07-09 23:34:59.647653+05:30,0.0,19.86,-19.86,2
11099,ml_baseline_90deg,2026-07-09 23:34:59.749224+05:30,0.0,19.34,-19.34,2
11100,ml_baseline_90deg,2026-07-09 23:34:59.849392+05:30,0.0,18.98,-18.98,2
11101,ml_baseline_90deg,2026-07-09 23:34:59.949181+05:30,0.0,18.46,-18.46,2
11102,ml_baseline_90deg,2026-07-09 23:35:00.047728+05:30,0.0,17.93,-17.93,2
11103,ml_baseline_90deg,2026-07-09 23:35:00.148312+05:30,0.0,17.4,-17.4,2
11104,ml_baseline_90deg,2026-07-09 23:35:00.246723+05:30,0.0,17.05,-17.05,2
11105,ml_baseline_90deg,2026-07-09 23:35:00.348195+05:30,0.0,16.7,-16.7,1
11106,ml_baseline_90deg,2026-07-09 23:35:00.449631+05:30,0.0,16.35,-16.35,2
11107,ml_baseline_90deg,2026-07-09 23:35:00.547610+05:30,0.0,16.0,-16.0,2
11108,ml_baseline_90deg,2026-07-09 23:35:00.647227+05:30,0.0,15.64,-15.64,2
11109,ml_baseline_90deg,2026-07-09 23:35:00.749853+05:30,0.0,15.12,-15.12,2
11110,ml_baseline_90deg,2026-07-09 23:35:00.846357+05:30,0.0,14.59,-14.59,2
11111,ml_baseline_90deg,2026-07-09 23:35:00.947695+05:30,0.0,14.24,-14.24,2
11112,ml_baseline_90deg,2026-07-09 23:35:01.047812+05:30,0.0,13.71,-13.71,2
11113,ml_baseline_90deg,2026-07-09 23:35:01.148981+05:30,0.0,13.36,-13.36,2
11114,ml_baseline_90deg,2026-07-09 23:35:01.247879+05:30,0.0,12.83,-12.83,1
11115,ml_baseline_90deg,2026-07-09 23:35:01.346943+05:30,0.0,12.48,-12.48,2
11116,ml_baseline_90deg,2026-07-09 23:35:01.446301+05:30,0.0,11.78,-11.78,2
11117,ml_baseline_90deg,2026-07-09 23:35:01.547892+05:30,0.0,11.43,-11.43,2
11118,ml_baseline_90deg,2026-07-09 23:35:01.647816+05:30,0.0,10.9,-10.9,2
11119,ml_baseline_90deg,2026-07-09 23:35:01.747950+05:30,0.0,10.2,-10.2,2
11120,ml_baseline_90deg,2026-07-09 23:35:01.848773+05:30,0.0,9.67,-9.67,2
11121,ml_baseline_90deg,2026-07-09 23:35:01.945638+05:30,0.0,9.14,-9.14,2
11122,ml_baseline_90deg,2026-07-09 23:35:02.047228+05:30,0.0,8.61,-8.61,2
11123,ml_baseline_90deg,2026-07-09 23:35:02.145936+05:30,0.0,8.09,-8.09,1
11124,ml_baseline_90deg,2026-07-09 23:35:02.247328+05:30,0.0,7.56,-7.56,2
11125,ml_baseline_90deg,2026-07-09 23:35:02.346759+05:30,0.0,6.86,-6.86,2
11126,ml_baseline_90deg,2026-07-09 23:35:02.447265+05:30,0.0,6.33,-6.33,2
11127,ml_baseline_90deg,2026-07-09 23:35:02.546373+05:30,0.0,5.8,-5.8,2
11128,ml_baseline_90deg,2026-07-09 23:35:02.647883+05:30,0.0,5.62,-5.62,2
11129,ml_baseline_90deg,2026-07-09 23:35:02.747139+05:30,0.0,5.45,-5.45,2
11130,ml_baseline_90deg,2026-07-09 23:35:02.847010+05:30,0.0,4.92,-4.92,1
11131,ml_baseline_90deg,2026-07-09 23:35:02.946142+05:30,0.0,4.39,-4.39,1
11132,ml_baseline_90deg,2026-07-09 23:35:03.049208+05:30,0.0,3.87,-3.87,2
11133,ml_baseline_90deg,2026-07-09 23:35:03.147252+05:30,0.0,3.52,-3.52,1
11134,ml_baseline_90deg,2026-07-09 23:35:03.247208+05:30,0.0,2.99,-2.99,1
11135,ml_baseline_90deg,2026-07-09 23:35:03.345406+05:30,0.0,2.64,-2.64,1
11136,ml_baseline_90deg,2026-07-09 23:35:03.447179+05:30,0.0,2.29,-2.29,1
11137,ml_baseline_90deg,2026-07-09 23:35:03.546450+05:30,0.0,1.76,-1.76,2
11138,ml_baseline_90deg,2026-07-09 23:35:03.645209+05:30,90.0,1.23,88.77,2
11139,ml_baseline_90deg,2026-07-09 23:35:03.746675+05:30,90.0,1.23,88.77,2
11140,ml_baseline_90deg,2026-07-09 23:35:03.847628+05:30,90.0,1.23,88.77,2
11141,ml_baseline_90deg,2026-07-09 23:35:03.947504+05:30,90.0,1.23,88.77,2
11142,ml_baseline_90deg,2026-07-09 23:35:04.047252+05:30,90.0,1.23,88.77,2
11143,ml_baseline_90deg,2026-07-09 23:35:04.145545+05:30,90.0,1.23,88.77,2
11144,ml_baseline_90deg,2026-07-09 23:35:04.246417+05:30,90.0,1.23,88.77,2
11145,ml_baseline_90deg,2026-07-09 23:35:04.346830+05:30,90.0,1.23,88.77,2
11146,ml_baseline_90deg,2026-07-09 23:35:04.447149+05:30,90.0,1.23,88.77,1
11147,ml_baseline_90deg,2026-07-09 23:35:04.546420+05:30,90.0,1.23,88.77,2
11148,ml_baseline_90deg,2026-07-09 23:35:04.646630+05:30,90.0,1.23,88.77,2
11149,ml_baseline_90deg,2026-07-09 23:35:04.746504+05:30,90.0,1.41,88.59,2
11150,ml_baseline_90deg,2026-07-09 23:35:04.848016+05:30,90.0,1.41,88.59,2
11151,ml_baseline_90deg,2026-07-09 23:35:04.945183+05:30,90.0,1.41,88.59,2
11152,ml_baseline_90deg,2026-07-09 23:35:05.045207+05:30,90.0,1.41,88.59,2
11153,ml_baseline_90deg,2026-07-09 23:35:05.146841+05:30,90.0,1.41,88.59,2
11154,ml_baseline_90deg,2026-07-09 23:35:05.246224+05:30,90.0,1.41,88.59,2
11155,ml_baseline_90deg,2026-07-09 23:35:05.346354+05:30,90.0,1.58,88.42,1
11156,ml_baseline_90deg,2026-07-09 23:35:05.446078+05:30,90.0,1.76,88.24,2
11157,ml_baseline_90deg,2026-07-09 23:35:05.546874+05:30,90.0,2.11,87.89,2
11158,ml_baseline_90deg,2026-07-09 23:35:05.646609+05:30,90.0,2.64,87.36,2
11159,ml_baseline_90deg,2026-07-09 23:35:05.745679+05:30,90.0,3.16,86.84,2
11160,ml_baseline_90deg,2026-07-09 23:35:05.846027+05:30,90.0,3.69,86.31,2
11161,ml_baseline_90deg,2026-07-09 23:35:05.946604+05:30,90.0,4.22,85.78,2
11162,ml_baseline_90deg,2026-07-09 23:35:06.046630+05:30,90.0,4.75,85.25,2
11163,ml_baseline_90deg,2026-07-09 23:35:06.146462+05:30,90.0,5.45,84.55,2
11164,ml_baseline_90deg,2026-07-09 23:35:06.247741+05:30,90.0,5.98,84.02,1
11165,ml_baseline_90deg,2026-07-09 23:35:06.346673+05:30,90.0,6.5,83.5,2
11166,ml_baseline_90deg,2026-07-09 23:35:06.445817+05:30,90.0,7.03,82.97,2
11167,ml_baseline_90deg,2026-07-09 23:35:06.544244+05:30,90.0,7.73,82.27,2
11168,ml_baseline_90deg,2026-07-09 23:35:06.647382+05:30,90.0,8.09,81.91,2
11169,ml_baseline_90deg,2026-07-09 23:35:06.745598+05:30,90.0,8.79,81.21,2
11170,ml_baseline_90deg,2026-07-09 23:35:06.846263+05:30,90.0,9.14,80.86,2
11171,ml_baseline_90deg,2026-07-09 23:35:06.945100+05:30,90.0,9.49,80.51,2
11172,ml_baseline_90deg,2026-07-09 23:35:07.044507+05:30,90.0,10.02,79.98,2
11173,ml_baseline_90deg,2026-07-09 23:35:07.144770+05:30,90.0,10.55,79.45,1
11174,ml_baseline_90deg,2026-07-09 23:35:07.247015+05:30,90.0,10.9,79.1,2
11175,ml_baseline_90deg,2026-07-09 23:35:07.346262+05:30,90.0,11.43,78.57,2
11176,ml_baseline_90deg,2026-07-09 23:35:07.445764+05:30,90.0,11.95,78.05,2
11177,ml_baseline_90deg,2026-07-09 23:35:07.547186+05:30,90.0,12.3,77.7,2
11178,ml_baseline_90deg,2026-07-09 23:35:07.646091+05:30,90.0,12.66,77.34,2
11179,ml_baseline_90deg,2026-07-09 23:35:07.745957+05:30,90.0,13.18,76.82,2
11180,ml_baseline_90deg,2026-07-09 23:35:07.846655+05:30,90.0,13.71,76.29,2
11181,ml_baseline_90deg,2026-07-09 23:35:07.948210+05:30,90.0,14.24,75.76,2
11182,ml_baseline_90deg,2026-07-09 23:35:08.046630+05:30,90.0,14.59,75.41,1
11183,ml_baseline_90deg,2026-07-09 23:35:08.145975+05:30,90.0,14.94,75.06,2
11184,ml_baseline_90deg,2026-07-09 23:35:08.246337+05:30,90.0,15.29,74.71,2
11185,ml_baseline_90deg,2026-07-09 23:35:08.345408+05:30,90.0,15.82,74.18,2
11186,ml_baseline_90deg,2026-07-09 23:35:08.444854+05:30,90.0,16.17,73.83,2
11187,ml_baseline_90deg,2026-07-09 23:35:08.547635+05:30,90.0,16.7,73.3,2
11188,ml_baseline_90deg,2026-07-09 23:35:08.647550+05:30,90.0,17.05,72.95,2
11189,ml_baseline_90deg,2026-07-09 23:35:08.745667+05:30,90.0,17.58,72.42,2
11190,ml_baseline_90deg,2026-07-09 23:35:08.846253+05:30,90.0,18.11,71.89,2
11191,ml_baseline_90deg,2026-07-09 23:35:08.947593+05:30,90.0,18.46,71.54,1
11192,ml_baseline_90deg,2026-07-09 23:35:09.044915+05:30,90.0,18.81,71.19,2
11193,ml_baseline_90deg,2026-07-09 23:35:09.145739+05:30,90.0,19.16,70.84,2
11194,ml_baseline_90deg,2026-07-09 23:35:09.248004+05:30,90.0,19.69,70.31,2
11195,ml_baseline_90deg,2026-07-09 23:35:09.347391+05:30,90.0,20.04,69.96,2
11196,ml_baseline_90deg,2026-07-09 23:35:09.445248+05:30,90.0,20.57,69.43,2
11197,ml_baseline_90deg,2026-07-09 23:35:09.546983+05:30,90.0,20.92,69.08,2
11198,ml_baseline_90deg,2026-07-09 23:35:09.649019+05:30,90.0,21.45,68.55,2
11199,ml_baseline_90deg,2026-07-09 23:35:09.746691+05:30,90.0,21.97,68.03,2
11200,ml_baseline_90deg,2026-07-09 23:35:09.846764+05:30,90.0,22.32,67.68,1
11201,ml_baseline_90deg,2026-07-09 23:35:09.947816+05:30,90.0,22.68,67.32,2
11202,ml_baseline_90deg,2026-07-09 23:35:10.047202+05:30,90.0,23.03,66.97,2
11203,ml_baseline_90deg,2026-07-09 23:35:10.146128+05:30,90.0,23.55,66.45,2
11204,ml_baseline_90deg,2026-07-09 23:35:10.250472+05:30,90.0,23.91,66.09,2
11205,ml_baseline_90deg,2026-07-09 23:35:10.345121+05:30,90.0,24.26,65.74,2
11206,ml_baseline_90deg,2026-07-09 23:35:10.447359+05:30,90.0,24.79,65.21,2
11207,ml_baseline_90deg,2026-07-09 23:35:10.546928+05:30,90.0,25.14,64.86,2
11208,ml_baseline_90deg,2026-07-09 23:35:10.647375+05:30,90.0,25.66,64.34,2
11209,ml_baseline_90deg,2026-07-09 23:35:10.753192+05:30,90.0,26.02,63.98,1
11210,ml_baseline_90deg,2026-07-09 23:35:10.848787+05:30,90.0,26.19,63.81,2
11211,ml_baseline_90deg,2026-07-09 23:35:10.947984+05:30,90.0,26.72,63.28,2
11212,ml_baseline_90deg,2026-07-09 23:35:11.047277+05:30,90.0,27.07,62.93,2
11213,ml_baseline_90deg,2026-07-09 23:35:11.147112+05:30,90.0,27.42,62.58,2
11214,ml_baseline_90deg,2026-07-09 23:35:11.245971+05:30,90.0,27.95,62.05,2
11215,ml_baseline_90deg,2026-07-09 23:35:11.345361+05:30,90.0,28.3,61.7,2
11216,ml_baseline_90deg,2026-07-09 23:35:11.447594+05:30,90.0,28.83,61.17,2
11217,ml_baseline_90deg,2026-07-09 23:35:11.547166+05:30,90.0,29.18,60.82,2
11218,ml_baseline_90deg,2026-07-09 23:35:11.647128+05:30,90.0,29.53,60.47,1
11219,ml_baseline_90deg,2026-07-09 23:35:11.746414+05:30,90.0,29.88,60.12,2
11220,ml_baseline_90deg,2026-07-09 23:35:11.846970+05:30,90.0,30.23,59.77,2
11221,ml_baseline_90deg,2026-07-09 23:35:11.945917+05:30,90.0,30.59,59.41,2
11222,ml_baseline_90deg,2026-07-09 23:35:12.047026+05:30,90.0,31.11,58.89,2
11223,ml_baseline_90deg,2026-07-09 23:35:12.146492+05:30,90.0,31.46,58.54,2
11224,ml_baseline_90deg,2026-07-09 23:35:12.247232+05:30,90.0,31.99,58.01,2
11225,ml_baseline_90deg,2026-07-09 23:35:12.348270+05:30,90.0,32.34,57.66,2
11226,ml_baseline_90deg,2026-07-09 23:35:12.445860+05:30,90.0,32.87,57.13,2
11227,ml_baseline_90deg,2026-07-09 23:35:12.549134+05:30,90.0,33.22,56.78,1
11228,ml_baseline_90deg,2026-07-09 23:35:12.650144+05:30,90.0,33.4,56.6,2
11229,ml_baseline_90deg,2026-07-09 23:35:12.749214+05:30,90.0,33.93,56.07,2
11230,ml_baseline_90deg,2026-07-09 23:35:12.846695+05:30,90.0,34.28,55.72,2
11231,ml_baseline_90deg,2026-07-09 23:35:12.946818+05:30,90.0,34.8,55.2,2
11232,ml_baseline_90deg,2026-07-09 23:35:13.048644+05:30,90.0,35.16,54.84,2
11233,ml_baseline_90deg,2026-07-09 23:35:13.146753+05:30,90.0,35.51,54.49,2
11234,ml_baseline_90deg,2026-07-09 23:35:13.247375+05:30,90.0,36.04,53.96,2
11235,ml_baseline_90deg,2026-07-09 23:35:13.346463+05:30,90.0,36.39,53.61,2
11236,ml_baseline_90deg,2026-07-09 23:35:13.446184+05:30,90.0,36.74,53.26,1
11237,ml_baseline_90deg,2026-07-09 23:35:13.548131+05:30,90.0,37.09,52.91,2
11238,ml_baseline_90deg,2026-07-09 23:35:13.646856+05:30,90.0,37.44,52.56,2
11239,ml_baseline_90deg,2026-07-09 23:35:13.747005+05:30,90.0,37.79,52.21,2
11240,ml_baseline_90deg,2026-07-09 23:35:13.847535+05:30,90.0,38.14,51.86,2
11241,ml_baseline_90deg,2026-07-09 23:35:13.947282+05:30,90.0,38.67,51.33,2
11242,ml_baseline_90deg,2026-07-09 23:35:14.049421+05:30,90.0,39.02,50.98,2
11243,ml_baseline_90deg,2026-07-09 23:35:14.146869+05:30,90.0,39.55,50.45,2
11244,ml_baseline_90deg,2026-07-09 23:35:14.247627+05:30,90.0,39.9,50.1,2
11245,ml_baseline_90deg,2026-07-09 23:35:14.347822+05:30,90.0,40.25,49.75,1
11246,ml_baseline_90deg,2026-07-09 23:35:14.449069+05:30,90.0,40.61,49.39,2
11247,ml_baseline_90deg,2026-07-09 23:35:14.549261+05:30,90.0,40.96,49.04,2
11248,ml_baseline_90deg,2026-07-09 23:35:14.646768+05:30,90.0,41.31,48.69,2
11249,ml_baseline_90deg,2026-07-09 23:35:14.750589+05:30,90.0,41.84,48.16,2
11250,ml_baseline_90deg,2026-07-09 23:35:14.848064+05:30,90.0,42.19,47.81,2
11251,ml_baseline_90deg,2026-07-09 23:35:14.946727+05:30,90.0,42.71,47.29,2
11252,ml_baseline_90deg,2026-07-09 23:35:15.045669+05:30,90.0,43.07,46.93,2
11253,ml_baseline_90deg,2026-07-09 23:35:15.146088+05:30,90.0,43.42,46.58,2
11254,ml_baseline_90deg,2026-07-09 23:35:15.246462+05:30,90.0,43.95,46.05,1
11255,ml_baseline_90deg,2026-07-09 23:35:15.346814+05:30,90.0,44.12,45.88,2
11256,ml_baseline_90deg,2026-07-09 23:35:15.444830+05:30,90.0,44.65,45.35,2
11257,ml_baseline_90deg,2026-07-09 23:35:15.547479+05:30,90.0,45.0,45.0,2
11258,ml_baseline_90deg,2026-07-09 23:35:15.647100+05:30,90.0,45.35,44.65,2
11259,ml_baseline_90deg,2026-07-09 23:35:15.748934+05:30,90.0,45.88,44.12,2
11260,ml_baseline_90deg,2026-07-09 23:35:15.847240+05:30,90.0,46.23,43.77,2
11261,ml_baseline_90deg,2026-07-09 23:35:15.948463+05:30,90.0,46.58,43.42,2
11262,ml_baseline_90deg,2026-07-09 23:35:16.047356+05:30,90.0,46.93,43.07,2
11263,ml_baseline_90deg,2026-07-09 23:35:16.147674+05:30,90.0,47.46,42.54,1
11264,ml_baseline_90deg,2026-07-09 23:35:16.247705+05:30,90.0,47.64,42.36,2
11265,ml_baseline_90deg,2026-07-09 23:35:16.345437+05:30,90.0,47.99,42.01,2
11266,ml_baseline_90deg,2026-07-09 23:35:16.446600+05:30,90.0,48.52,41.48,2
11267,ml_baseline_90deg,2026-07-09 23:35:16.547695+05:30,90.0,48.87,41.13,2
11268,ml_baseline_90deg,2026-07-09 23:35:16.647340+05:30,90.0,49.22,40.78,2
11269,ml_baseline_90deg,2026-07-09 23:35:16.746941+05:30,90.0,49.75,40.25,2
11270,ml_baseline_90deg,2026-07-09 23:35:16.847144+05:30,90.0,50.1,39.9,2
11271,ml_baseline_90deg,2026-07-09 23:35:16.947477+05:30,90.0,50.45,39.55,2
11272,ml_baseline_90deg,2026-07-09 23:35:17.046638+05:30,90.0,50.98,39.02,1
11273,ml_baseline_90deg,2026-07-09 23:35:17.147527+05:30,90.0,51.15,38.85,2
11274,ml_baseline_90deg,2026-07-09 23:35:17.244815+05:30,90.0,51.5,38.5,2
11275,ml_baseline_90deg,2026-07-09 23:35:17.347162+05:30,90.0,52.03,37.97,2
11276,ml_baseline_90deg,2026-07-09 23:35:17.448898+05:30,90.0,52.38,37.62,2
11277,ml_baseline_90deg,2026-07-09 23:35:17.546919+05:30,90.0,52.73,37.27,2
11278,ml_baseline_90deg,2026-07-09 23:35:17.646625+05:30,90.0,53.26,36.74,2
11279,ml_baseline_90deg,2026-07-09 23:35:17.747062+05:30,90.0,53.61,36.39,2
11280,ml_baseline_90deg,2026-07-09 23:35:17.847049+05:30,90.0,54.14,35.86,2
11281,ml_baseline_90deg,2026-07-09 23:35:17.947651+05:30,90.0,54.49,35.51,1
11282,ml_baseline_90deg,2026-07-09 23:35:18.048649+05:30,90.0,54.67,35.33,2
11283,ml_baseline_90deg,2026-07-09 23:35:18.147753+05:30,90.0,55.02,34.98,2
11284,ml_baseline_90deg,2026-07-09 23:35:18.247569+05:30,90.0,55.55,34.45,2
11285,ml_baseline_90deg,2026-07-09 23:35:18.346736+05:30,90.0,55.9,34.1,2
11286,ml_baseline_90deg,2026-07-09 23:35:18.447408+05:30,90.0,56.25,33.75,2
11287,ml_baseline_90deg,2026-07-09 23:35:18.549549+05:30,90.0,56.78,33.22,2
11288,ml_baseline_90deg,2026-07-09 23:35:18.648611+05:30,90.0,57.13,32.87,2
11289,ml_baseline_90deg,2026-07-09 23:35:18.748213+05:30,90.0,57.48,32.52,2
11290,ml_baseline_90deg,2026-07-09 23:35:18.850539+05:30,90.0,57.83,32.17,1
11291,ml_baseline_90deg,2026-07-09 23:35:18.948290+05:30,90.0,58.18,31.82,2
11292,ml_baseline_90deg,2026-07-09 23:35:19.047298+05:30,90.0,58.54,31.46,2
11293,ml_baseline_90deg,2026-07-09 23:35:19.149220+05:30,90.0,58.89,31.11,2
11294,ml_baseline_90deg,2026-07-09 23:35:19.247467+05:30,90.0,59.41,30.59,2
11295,ml_baseline_90deg,2026-07-09 23:35:19.346256+05:30,90.0,59.77,30.23,2
11296,ml_baseline_90deg,2026-07-09 23:35:19.450262+05:30,90.0,60.12,29.88,2
11297,ml_baseline_90deg,2026-07-09 23:35:19.548011+05:30,90.0,60.64,29.36,2
11298,ml_baseline_90deg,2026-07-09 23:35:19.647138+05:30,90.0,61.0,29.0,2
11299,ml_baseline_90deg,2026-07-09 23:35:19.749378+05:30,90.0,61.35,28.65,1
11300,ml_baseline_90deg,2026-07-09 23:35:19.848049+05:30,90.0,61.7,28.3,2
11301,ml_baseline_90deg,2026-07-09 23:35:19.946883+05:30,90.0,62.05,27.95,2
11302,ml_baseline_90deg,2026-07-09 23:35:20.048936+05:30,90.0,62.4,27.6,2
11303,ml_baseline_90deg,2026-07-09 23:35:20.148322+05:30,90.0,62.93,27.07,2
11304,ml_baseline_90deg,2026-07-09 23:35:20.247713+05:30,90.0,63.28,26.72,2
11305,ml_baseline_90deg,2026-07-09 23:35:20.350432+05:30,90.0,63.81,26.19,2
11306,ml_baseline_90deg,2026-07-09 23:35:20.447678+05:30,90.0,64.16,25.84,2
11307,ml_baseline_90deg,2026-07-09 23:35:20.548072+05:30,90.0,64.51,25.49,2
11308,ml_baseline_90deg,2026-07-09 23:35:20.646571+05:30,90.0,65.04,24.96,1
11309,ml_baseline_90deg,2026-07-09 23:35:20.749676+05:30,90.0,65.21,24.79,2
11310,ml_baseline_90deg,2026-07-09 23:35:20.847366+05:30,90.0,65.74,24.26,2
11311,ml_baseline_90deg,2026-07-09 23:35:20.948127+05:30,90.0,66.09,23.91,2
11312,ml_baseline_90deg,2026-07-09 23:35:21.045698+05:30,90.0,66.45,23.55,2
11313,ml_baseline_90deg,2026-07-09 23:35:21.145547+05:30,90.0,66.97,23.03,2
11314,ml_baseline_90deg,2026-07-09 23:35:21.245945+05:30,90.0,67.32,22.68,2
11315,ml_baseline_90deg,2026-07-09 23:35:21.345798+05:30,90.0,67.85,22.15,2
11316,ml_baseline_90deg,2026-07-09 23:35:21.449018+05:30,90.0,68.2,21.8,2
11317,ml_baseline_90deg,2026-07-09 23:35:21.548052+05:30,90.0,68.73,21.27,1
11318,ml_baseline_90deg,2026-07-09 23:35:21.646592+05:30,90.0,68.91,21.09,2
11319,ml_baseline_90deg,2026-07-09 23:35:21.749512+05:30,90.0,69.26,20.74,2
11320,ml_baseline_90deg,2026-07-09 23:35:21.847059+05:30,90.0,69.79,20.21,2
11321,ml_baseline_90deg,2026-07-09 23:35:21.948800+05:30,90.0,70.31,19.69,2
11322,ml_baseline_90deg,2026-07-09 23:35:22.047181+05:30,90.0,70.66,19.34,2
11323,ml_baseline_90deg,2026-07-09 23:35:22.146190+05:30,90.0,71.19,18.81,2
11324,ml_baseline_90deg,2026-07-09 23:35:22.246926+05:30,90.0,71.54,18.46,2
11325,ml_baseline_90deg,2026-07-09 23:35:22.346082+05:30,90.0,71.89,18.11,2
11326,ml_baseline_90deg,2026-07-09 23:35:22.448992+05:30,90.0,72.42,17.58,1
11327,ml_baseline_90deg,2026-07-09 23:35:22.547549+05:30,90.0,72.77,17.23,2
11328,ml_baseline_90deg,2026-07-09 23:35:22.648232+05:30,90.0,73.12,16.87,2
11329,ml_baseline_90deg,2026-07-09 23:35:22.747696+05:30,90.0,73.48,16.52,2
11330,ml_baseline_90deg,2026-07-09 23:35:22.847479+05:30,90.0,74.0,16.0,2
11331,ml_baseline_90deg,2026-07-09 23:35:22.945439+05:30,90.0,74.53,15.47,2
11332,ml_baseline_90deg,2026-07-09 23:35:23.047018+05:30,90.0,74.88,15.12,2
11333,ml_baseline_90deg,2026-07-09 23:35:23.146716+05:30,90.0,75.41,14.59,2
11334,ml_baseline_90deg,2026-07-09 23:35:23.246241+05:30,90.0,75.94,14.06,2
11335,ml_baseline_90deg,2026-07-09 23:35:23.348138+05:30,90.0,76.29,13.71,1
11336,ml_baseline_90deg,2026-07-09 23:35:23.446072+05:30,90.0,76.64,13.36,2
11337,ml_baseline_90deg,2026-07-09 23:35:23.547257+05:30,90.0,76.99,13.01,2
11338,ml_baseline_90deg,2026-07-09 23:35:23.648041+05:30,90.0,77.52,12.48,2
11339,ml_baseline_90deg,2026-07-09 23:35:23.746794+05:30,90.0,77.87,12.13,2
11340,ml_baseline_90deg,2026-07-09 23:35:23.846117+05:30,90.0,78.4,11.6,2
11341,ml_baseline_90deg,2026-07-09 23:35:23.948875+05:30,90.0,78.93,11.07,2
11342,ml_baseline_90deg,2026-07-09 23:35:24.048247+05:30,90.0,79.28,10.72,2
11343,ml_baseline_90deg,2026-07-09 23:35:24.151219+05:30,90.0,79.8,10.2,2
11344,ml_baseline_90deg,2026-07-09 23:35:24.252893+05:30,90.0,80.33,9.67,1
11345,ml_baseline_90deg,2026-07-09 23:35:24.347700+05:30,90.0,80.51,9.49,2
11346,ml_baseline_90deg,2026-07-09 23:35:24.445425+05:30,90.0,81.04,8.96,2
11347,ml_baseline_90deg,2026-07-09 23:35:24.548221+05:30,90.0,81.56,8.44,2
11348,ml_baseline_90deg,2026-07-09 23:35:24.646907+05:30,90.0,82.09,7.91,2
11349,ml_baseline_90deg,2026-07-09 23:35:24.746444+05:30,90.0,82.44,7.56,2
11350,ml_baseline_90deg,2026-07-09 23:35:24.847610+05:30,90.0,82.97,7.03,2
11351,ml_baseline_90deg,2026-07-09 23:35:24.948155+05:30,90.0,83.5,6.5,2
11352,ml_baseline_90deg,2026-07-09 23:35:25.049175+05:30,90.0,84.02,5.98,2
11353,ml_baseline_90deg,2026-07-09 23:35:25.151055+05:30,0.0,84.55,-84.55,2
11354,ml_baseline_90deg,2026-07-09 23:35:25.246422+05:30,0.0,84.55,-84.55,2
11355,ml_baseline_90deg,2026-07-09 23:35:25.346601+05:30,0.0,84.55,-84.55,2
11356,ml_baseline_90deg,2026-07-09 23:35:25.446370+05:30,0.0,84.55,-84.55,2
11357,ml_baseline_90deg,2026-07-09 23:35:25.548180+05:30,0.0,84.55,-84.55,2
11358,ml_baseline_90deg,2026-07-09 23:35:25.646067+05:30,0.0,84.55,-84.55,2
11359,ml_baseline_90deg,2026-07-09 23:35:25.746578+05:30,0.0,84.55,-84.55,2
11360,ml_baseline_90deg,2026-07-09 23:35:25.846561+05:30,0.0,84.55,-84.55,2
11361,ml_baseline_90deg,2026-07-09 23:35:25.948532+05:30,0.0,84.55,-84.55,1
11362,ml_baseline_90deg,2026-07-09 23:35:26.047482+05:30,0.0,84.55,-84.55,2
11363,ml_baseline_90deg,2026-07-09 23:35:26.148112+05:30,0.0,84.37,-84.37,2
11364,ml_baseline_90deg,2026-07-09 23:35:26.247296+05:30,0.0,84.2,-84.2,2
11365,ml_baseline_90deg,2026-07-09 23:35:26.347294+05:30,0.0,84.02,-84.02,2
11366,ml_baseline_90deg,2026-07-09 23:35:26.447614+05:30,0.0,83.85,-83.85,2
11367,ml_baseline_90deg,2026-07-09 23:35:26.546982+05:30,0.0,83.5,-83.5,2
11368,ml_baseline_90deg,2026-07-09 23:35:26.646216+05:30,0.0,83.14,-83.14,2
11369,ml_baseline_90deg,2026-07-09 23:35:26.749079+05:30,0.0,82.79,-82.79,2
11370,ml_baseline_90deg,2026-07-09 23:35:26.846090+05:30,0.0,82.27,-82.27,1
11371,ml_baseline_90deg,2026-07-09 23:35:26.946866+05:30,0.0,81.91,-81.91,2
11372,ml_baseline_90deg,2026-07-09 23:35:27.046327+05:30,0.0,81.39,-81.39,2
11373,ml_baseline_90deg,2026-07-09 23:35:27.146309+05:30,0.0,81.04,-81.04,2
11374,ml_baseline_90deg,2026-07-09 23:35:27.246094+05:30,0.0,80.51,-80.51,2
11375,ml_baseline_90deg,2026-07-09 23:35:27.346567+05:30,0.0,79.98,-79.98,2
11376,ml_baseline_90deg,2026-07-09 23:35:27.447023+05:30,0.0,79.45,-79.45,2
11377,ml_baseline_90deg,2026-07-09 23:35:27.548057+05:30,0.0,79.1,-79.1,2
11378,ml_baseline_90deg,2026-07-09 23:35:27.644127+05:30,0.0,78.57,-78.57,2
11379,ml_baseline_90deg,2026-07-09 23:35:27.746705+05:30,0.0,78.05,-78.05,1
11380,ml_baseline_90deg,2026-07-09 23:35:27.846693+05:30,0.0,77.7,-77.7,2
11381,ml_baseline_90deg,2026-07-09 23:35:27.948113+05:30,0.0,77.17,-77.17,2
11382,ml_baseline_90deg,2026-07-09 23:35:28.047128+05:30,0.0,76.82,-76.82,2
11383,ml_baseline_90deg,2026-07-09 23:35:28.147549+05:30,0.0,76.29,-76.29,2
11384,ml_baseline_90deg,2026-07-09 23:35:28.247248+05:30,0.0,75.94,-75.94,2
11385,ml_baseline_90deg,2026-07-09 23:35:28.345543+05:30,0.0,75.41,-75.41,2
11386,ml_baseline_90deg,2026-07-09 23:35:28.447912+05:30,0.0,74.88,-74.88,2
11387,ml_baseline_90deg,2026-07-09 23:35:28.547845+05:30,0.0,74.36,-74.36,2
11388,ml_baseline_90deg,2026-07-09 23:35:28.646559+05:30,0.0,73.83,-73.83,1
11389,ml_baseline_90deg,2026-07-09 23:35:28.744829+05:30,0.0,73.48,-73.48,2
11390,ml_baseline_90deg,2026-07-09 23:35:28.847382+05:30,0.0,72.95,-72.95,2
11391,ml_baseline_90deg,2026-07-09 23:35:28.947248+05:30,0.0,72.42,-72.42,2
11392,ml_baseline_90deg,2026-07-09 23:35:29.046097+05:30,0.0,72.07,-72.07,2
11393,ml_baseline_90deg,2026-07-09 23:35:29.149549+05:30,0.0,71.54,-71.54,2
11394,ml_baseline_90deg,2026-07-09 23:35:29.248166+05:30,0.0,71.02,-71.02,2
11395,ml_baseline_90deg,2026-07-09 23:35:29.352014+05:30,0.0,70.66,-70.66,2
11396,ml_baseline_90deg,2026-07-09 23:35:29.448990+05:30,0.0,70.14,-70.14,2
11397,ml_baseline_90deg,2026-07-09 23:35:29.547661+05:30,0.0,69.61,-69.61,1
11398,ml_baseline_90deg,2026-07-09 23:35:29.648310+05:30,0.0,69.26,-69.26,2
11399,ml_baseline_90deg,2026-07-09 23:35:29.749366+05:30,0.0,68.91,-68.91,2
11400,ml_baseline_90deg,2026-07-09 23:35:29.847445+05:30,0.0,68.38,-68.38,2
11401,ml_baseline_90deg,2026-07-09 23:35:29.947637+05:30,0.0,67.85,-67.85,2
11402,ml_baseline_90deg,2026-07-09 23:35:30.045018+05:30,0.0,67.5,-67.5,2
11403,ml_baseline_90deg,2026-07-09 23:35:30.147269+05:30,0.0,66.97,-66.97,2
11404,ml_baseline_90deg,2026-07-09 23:35:30.252789+05:30,0.0,66.45,-66.45,2
11405,ml_baseline_90deg,2026-07-09 23:35:30.347256+05:30,0.0,66.09,-66.09,2
11406,ml_baseline_90deg,2026-07-09 23:35:30.448525+05:30,0.0,65.57,-65.57,1
11407,ml_baseline_90deg,2026-07-09 23:35:30.548239+05:30,0.0,65.21,-65.21,2
11408,ml_baseline_90deg,2026-07-09 23:35:30.647164+05:30,0.0,64.86,-64.86,2
11409,ml_baseline_90deg,2026-07-09 23:35:30.747788+05:30,0.0,64.34,-64.34,2
11410,ml_baseline_90deg,2026-07-09 23:35:30.847583+05:30,0.0,63.81,-63.81,2
11411,ml_baseline_90deg,2026-07-09 23:35:30.947288+05:30,0.0,63.46,-63.46,2
11412,ml_baseline_90deg,2026-07-09 23:35:31.046020+05:30,0.0,62.93,-62.93,2
11413,ml_baseline_90deg,2026-07-09 23:35:31.146141+05:30,0.0,62.58,-62.58,2
11414,ml_baseline_90deg,2026-07-09 23:35:31.248749+05:30,0.0,62.05,-62.05,2
11415,ml_baseline_90deg,2026-07-09 23:35:31.346982+05:30,0.0,61.52,-61.52,1
11416,ml_baseline_90deg,2026-07-09 23:35:31.447034+05:30,0.0,61.17,-61.17,2
11417,ml_baseline_90deg,2026-07-09 23:35:31.546829+05:30,0.0,60.82,-60.82,2
11418,ml_baseline_90deg,2026-07-09 23:35:31.647984+05:30,0.0,60.29,-60.29,2
11419,ml_baseline_90deg,2026-07-09 23:35:31.747233+05:30,0.0,59.94,-59.94,2
11420,ml_baseline_90deg,2026-07-09 23:35:31.845743+05:30,0.0,59.41,-59.41,2
11421,ml_baseline_90deg,2026-07-09 23:35:31.947767+05:30,0.0,59.06,-59.06,2
11422,ml_baseline_90deg,2026-07-09 23:35:32.046147+05:30,0.0,58.54,-58.54,2
11423,ml_baseline_90deg,2026-07-09 23:35:32.147748+05:30,0.0,58.01,-58.01,2
11424,ml_baseline_90deg,2026-07-09 23:35:32.248600+05:30,0.0,57.66,-57.66,1
11425,ml_baseline_90deg,2026-07-09 23:35:32.346703+05:30,0.0,57.3,-57.3,2
11426,ml_baseline_90deg,2026-07-09 23:35:32.448261+05:30,0.0,56.78,-56.78,2
11427,ml_baseline_90deg,2026-07-09 23:35:32.548675+05:30,0.0,56.25,-56.25,2
11428,ml_baseline_90deg,2026-07-09 23:35:32.649382+05:30,0.0,55.9,-55.9,2
11429,ml_baseline_90deg,2026-07-09 23:35:32.748206+05:30,0.0,55.37,-55.37,2
11430,ml_baseline_90deg,2026-07-09 23:35:32.849642+05:30,0.0,55.02,-55.02,2
11431,ml_baseline_90deg,2026-07-09 23:35:32.948282+05:30,0.0,54.49,-54.49,2
11432,ml_baseline_90deg,2026-07-09 23:35:33.046743+05:30,0.0,53.96,-53.96,2
11433,ml_baseline_90deg,2026-07-09 23:35:33.148175+05:30,0.0,53.61,-53.61,1
11434,ml_baseline_90deg,2026-07-09 23:35:33.247620+05:30,0.0,53.09,-53.09,2
11435,ml_baseline_90deg,2026-07-09 23:35:33.350330+05:30,0.0,52.73,-52.73,2
11436,ml_baseline_90deg,2026-07-09 23:35:33.447907+05:30,0.0,52.21,-52.21,2
11437,ml_baseline_90deg,2026-07-09 23:35:33.547601+05:30,0.0,51.86,-51.86,2
11438,ml_baseline_90deg,2026-07-09 23:35:33.647980+05:30,0.0,51.33,-51.33,2
11439,ml_baseline_90deg,2026-07-09 23:35:33.748407+05:30,0.0,50.8,-50.8,2
11440,ml_baseline_90deg,2026-07-09 23:35:33.847716+05:30,0.0,50.45,-50.45,2
11441,ml_baseline_90deg,2026-07-09 23:35:33.947716+05:30,0.0,49.92,-49.92,2
11442,ml_baseline_90deg,2026-07-09 23:35:34.046977+05:30,0.0,49.57,-49.57,1
11443,ml_baseline_90deg,2026-07-09 23:35:34.148716+05:30,0.0,49.04,-49.04,2
11444,ml_baseline_90deg,2026-07-09 23:35:34.249633+05:30,0.0,48.69,-48.69,2
11445,ml_baseline_90deg,2026-07-09 23:35:34.346902+05:30,0.0,48.16,-48.16,2
11446,ml_baseline_90deg,2026-07-09 23:35:34.446118+05:30,0.0,47.81,-47.81,2
11447,ml_baseline_90deg,2026-07-09 23:35:34.547721+05:30,0.0,47.29,-47.29,2
11448,ml_baseline_90deg,2026-07-09 23:35:34.647753+05:30,0.0,46.76,-46.76,2
11449,ml_baseline_90deg,2026-07-09 23:35:34.748416+05:30,0.0,46.41,-46.41,2
11450,ml_baseline_90deg,2026-07-09 23:35:34.848828+05:30,0.0,45.88,-45.88,2
11451,ml_baseline_90deg,2026-07-09 23:35:34.947968+05:30,0.0,45.53,-45.53,1
11452,ml_baseline_90deg,2026-07-09 23:35:35.046815+05:30,0.0,45.18,-45.18,2
11453,ml_baseline_90deg,2026-07-09 23:35:35.148452+05:30,0.0,44.65,-44.65,2
11454,ml_baseline_90deg,2026-07-09 23:35:35.247083+05:30,0.0,44.12,-44.12,2
11455,ml_baseline_90deg,2026-07-09 23:35:35.348314+05:30,0.0,43.59,-43.59,2
11456,ml_baseline_90deg,2026-07-09 23:35:35.449375+05:30,0.0,43.24,-43.24,2
11457,ml_baseline_90deg,2026-07-09 23:35:35.545356+05:30,0.0,42.71,-42.71,2
11458,ml_baseline_90deg,2026-07-09 23:35:35.646736+05:30,0.0,42.36,-42.36,2
11459,ml_baseline_90deg,2026-07-09 23:35:35.748380+05:30,0.0,41.84,-41.84,2
11460,ml_baseline_90deg,2026-07-09 23:35:35.846945+05:30,0.0,41.31,-41.31,1
11461,ml_baseline_90deg,2026-07-09 23:35:35.948944+05:30,0.0,40.96,-40.96,2
11462,ml_baseline_90deg,2026-07-09 23:35:36.045802+05:30,0.0,40.43,-40.43,2
11463,ml_baseline_90deg,2026-07-09 23:35:36.148649+05:30,0.0,40.08,-40.08,2
11464,ml_baseline_90deg,2026-07-09 23:35:36.247622+05:30,0.0,39.55,-39.55,2
11465,ml_baseline_90deg,2026-07-09 23:35:36.349224+05:30,0.0,39.2,-39.2,2
11466,ml_baseline_90deg,2026-07-09 23:35:36.447181+05:30,0.0,38.67,-38.67,2
11467,ml_baseline_90deg,2026-07-09 23:35:36.548854+05:30,0.0,38.14,-38.14,2
11468,ml_baseline_90deg,2026-07-09 23:35:36.648247+05:30,0.0,37.79,-37.79,2
11469,ml_baseline_90deg,2026-07-09 23:35:36.746444+05:30,0.0,37.27,-37.27,1
11470,ml_baseline_90deg,2026-07-09 23:35:36.847939+05:30,0.0,36.91,-36.91,2
11471,ml_baseline_90deg,2026-07-09 23:35:36.948291+05:30,0.0,36.56,-36.56,2
11472,ml_baseline_90deg,2026-07-09 23:35:37.045753+05:30,0.0,36.04,-36.04,2
11473,ml_baseline_90deg,2026-07-09 23:35:37.147038+05:30,0.0,35.51,-35.51,2
11474,ml_baseline_90deg,2026-07-09 23:35:37.247114+05:30,0.0,35.16,-35.16,2
11475,ml_baseline_90deg,2026-07-09 23:35:37.346731+05:30,0.0,34.63,-34.63,2
11476,ml_baseline_90deg,2026-07-09 23:35:37.448622+05:30,0.0,34.28,-34.28,2
11477,ml_baseline_90deg,2026-07-09 23:35:37.546605+05:30,0.0,33.75,-33.75,2
11478,ml_baseline_90deg,2026-07-09 23:35:37.647661+05:30,0.0,33.4,-33.4,1
11479,ml_baseline_90deg,2026-07-09 23:35:37.751327+05:30,0.0,33.05,-33.05,2
11480,ml_baseline_90deg,2026-07-09 23:35:37.845039+05:30,0.0,32.52,-32.52,2
11481,ml_baseline_90deg,2026-07-09 23:35:37.949482+05:30,0.0,31.99,-31.99,2
11482,ml_baseline_90deg,2026-07-09 23:35:38.046891+05:30,0.0,31.64,-31.64,2
11483,ml_baseline_90deg,2026-07-09 23:35:38.145993+05:30,0.0,31.11,-31.11,2
11484,ml_baseline_90deg,2026-07-09 23:35:38.246787+05:30,0.0,30.76,-30.76,2
11485,ml_baseline_90deg,2026-07-09 23:35:38.346213+05:30,0.0,30.41,-30.41,2
11486,ml_baseline_90deg,2026-07-09 23:35:38.445100+05:30,0.0,29.88,-29.88,2
11487,ml_baseline_90deg,2026-07-09 23:35:38.545748+05:30,0.0,29.36,-29.36,1
11488,ml_baseline_90deg,2026-07-09 23:35:38.648369+05:30,0.0,29.0,-29.0,2
11489,ml_baseline_90deg,2026-07-09 23:35:38.747864+05:30,0.0,28.65,-28.65,2
11490,ml_baseline_90deg,2026-07-09 23:35:38.847810+05:30,0.0,28.12,-28.12,2
11491,ml_baseline_90deg,2026-07-09 23:35:38.946700+05:30,0.0,27.77,-27.77,2
11492,ml_baseline_90deg,2026-07-09 23:35:39.047331+05:30,0.0,27.25,-27.25,2
11493,ml_baseline_90deg,2026-07-09 23:35:39.146809+05:30,0.0,26.89,-26.89,2
11494,ml_baseline_90deg,2026-07-09 23:35:39.248607+05:30,0.0,26.37,-26.37,2
11495,ml_baseline_90deg,2026-07-09 23:35:39.348652+05:30,0.0,26.02,-26.02,2
11496,ml_baseline_90deg,2026-07-09 23:35:39.450054+05:30,0.0,25.66,-25.66,1
11497,ml_baseline_90deg,2026-07-09 23:35:39.547348+05:30,0.0,25.14,-25.14,2
11498,ml_baseline_90deg,2026-07-09 23:35:39.648057+05:30,0.0,24.79,-24.79,2
11499,ml_baseline_90deg,2026-07-09 23:35:39.746404+05:30,0.0,24.26,-24.26,2
11500,ml_baseline_90deg,2026-07-09 23:35:39.847496+05:30,0.0,23.73,-23.73,2
11501,ml_baseline_90deg,2026-07-09 23:35:39.947185+05:30,0.0,23.2,-23.2,2
11502,ml_baseline_90deg,2026-07-09 23:35:40.045909+05:30,0.0,22.68,-22.68,2
11503,ml_baseline_90deg,2026-07-09 23:35:40.147634+05:30,0.0,22.15,-22.15,2
11504,ml_baseline_90deg,2026-07-09 23:35:40.247741+05:30,0.0,21.62,-21.62,2
11505,ml_baseline_90deg,2026-07-09 23:35:40.346921+05:30,0.0,21.09,-21.09,1
11506,ml_baseline_90deg,2026-07-09 23:35:40.449661+05:30,0.0,20.74,-20.74,2
11507,ml_baseline_90deg,2026-07-09 23:35:40.548787+05:30,0.0,20.39,-20.39,2
11508,ml_baseline_90deg,2026-07-09 23:35:40.650722+05:30,0.0,19.86,-19.86,2
11509,ml_baseline_90deg,2026-07-09 23:35:40.748027+05:30,0.0,19.51,-19.51,2
11510,ml_baseline_90deg,2026-07-09 23:35:40.847847+05:30,0.0,18.98,-18.98,2
11511,ml_baseline_90deg,2026-07-09 23:35:40.948589+05:30,0.0,18.46,-18.46,2
11512,ml_baseline_90deg,2026-07-09 23:35:41.048056+05:30,0.0,18.11,-18.11,2
11513,ml_baseline_90deg,2026-07-09 23:35:41.147971+05:30,0.0,17.58,-17.58,2
11514,ml_baseline_90deg,2026-07-09 23:35:41.248307+05:30,0.0,17.23,-17.23,1
11515,ml_baseline_90deg,2026-07-09 23:35:41.348080+05:30,0.0,16.7,-16.7,2
11516,ml_baseline_90deg,2026-07-09 23:35:41.447306+05:30,0.0,16.17,-16.17,2
11517,ml_baseline_90deg,2026-07-09 23:35:41.550043+05:30,0.0,15.82,-15.82,2
11518,ml_baseline_90deg,2026-07-09 23:35:41.649520+05:30,0.0,15.29,-15.29,2
11519,ml_baseline_90deg,2026-07-09 23:35:41.751145+05:30,0.0,14.94,-14.94,2
11520,ml_baseline_90deg,2026-07-09 23:35:41.847394+05:30,0.0,14.41,-14.41,2
11521,ml_baseline_90deg,2026-07-09 23:35:41.948102+05:30,0.0,14.06,-14.06,2
11522,ml_baseline_90deg,2026-07-09 23:35:42.045641+05:30,0.0,13.54,-13.54,2
11523,ml_baseline_90deg,2026-07-09 23:35:42.150925+05:30,0.0,13.01,-13.01,1
11524,ml_baseline_90deg,2026-07-09 23:35:42.248570+05:30,0.0,12.66,-12.66,2
11525,ml_baseline_90deg,2026-07-09 23:35:42.349147+05:30,0.0,12.13,-12.13,2
11526,ml_baseline_90deg,2026-07-09 23:35:42.447452+05:30,0.0,11.6,-11.6,2
11527,ml_baseline_90deg,2026-07-09 23:35:42.550148+05:30,0.0,11.07,-11.07,2
11528,ml_baseline_90deg,2026-07-09 23:35:42.647788+05:30,0.0,10.55,-10.55,2
11529,ml_baseline_90deg,2026-07-09 23:35:42.748345+05:30,0.0,10.02,-10.02,2
11530,ml_baseline_90deg,2026-07-09 23:35:42.849415+05:30,0.0,9.49,-9.49,2
11531,ml_baseline_90deg,2026-07-09 23:35:42.946708+05:30,0.0,8.96,-8.96,2
11532,ml_baseline_90deg,2026-07-09 23:35:43.049423+05:30,0.0,8.44,-8.44,1
11533,ml_baseline_90deg,2026-07-09 23:35:43.148987+05:30,0.0,7.91,-7.91,2
11534,ml_baseline_90deg,2026-07-09 23:35:43.249670+05:30,0.0,7.38,-7.38,2
11535,ml_baseline_90deg,2026-07-09 23:35:43.351383+05:30,0.0,6.86,-6.86,2
11536,ml_baseline_90deg,2026-07-09 23:35:43.446706+05:30,0.0,6.33,-6.33,2
11537,ml_baseline_90deg,2026-07-09 23:35:43.548475+05:30,0.0,5.62,-5.62,2
11538,ml_baseline_90deg,2026-07-09 23:35:43.648064+05:30,0.0,4.92,-4.92,1
11539,ml_baseline_90deg,2026-07-09 23:35:43.748229+05:30,0.0,4.57,-4.57,2
11540,ml_baseline_90deg,2026-07-09 23:35:43.849942+05:30,0.0,4.04,-4.04,1
11541,ml_baseline_90deg,2026-07-09 23:35:43.947034+05:30,0.0,3.52,-3.52,1
11542,ml_baseline_90deg,2026-07-09 23:35:44.045439+05:30,0.0,3.16,-3.16,1
11543,ml_baseline_90deg,2026-07-09 23:35:44.147806+05:30,0.0,2.81,-2.81,1
11544,ml_baseline_90deg,2026-07-09 23:35:44.249893+05:30,0.0,2.46,-2.46,2
11545,ml_baseline_90deg,2026-07-09 23:35:44.347516+05:30,0.0,2.11,-2.11,1
11546,ml_baseline_90deg,2026-07-09 23:35:44.449207+05:30,0.0,1.76,-1.76,1
11547,ml_baseline_90deg,2026-07-09 23:35:44.546042+05:30,0.0,1.41,-1.41,1
11548,ml_baseline_90deg,2026-07-09 23:35:44.647308+05:30,90.0,1.05,88.95,2
11549,ml_baseline_90deg,2026-07-09 23:35:44.751586+05:30,90.0,1.05,88.95,2
11550,ml_baseline_90deg,2026-07-09 23:35:44.845834+05:30,90.0,1.05,88.95,2
11551,ml_baseline_90deg,2026-07-09 23:35:44.947084+05:30,90.0,1.05,88.95,2
11552,ml_baseline_90deg,2026-07-09 23:35:45.046155+05:30,90.0,1.05,88.95,2
11553,ml_baseline_90deg,2026-07-09 23:35:45.146498+05:30,90.0,1.05,88.95,2
11554,ml_baseline_90deg,2026-07-09 23:35:45.248565+05:30,90.0,1.05,88.95,2
11555,ml_baseline_90deg,2026-07-09 23:35:45.348711+05:30,90.0,1.05,88.95,2
11556,ml_baseline_90deg,2026-07-09 23:35:45.447669+05:30,90.0,1.05,88.95,1
11557,ml_baseline_90deg,2026-07-09 23:35:45.549060+05:30,90.0,1.23,88.77,2
11558,ml_baseline_90deg,2026-07-09 23:35:45.654095+05:30,90.0,1.41,88.59,2
11559,ml_baseline_90deg,2026-07-09 23:35:45.746302+05:30,90.0,1.93,88.07,2
11560,ml_baseline_90deg,2026-07-09 23:35:45.847286+05:30,90.0,2.46,87.54,2
11561,ml_baseline_90deg,2026-07-09 23:35:45.946330+05:30,90.0,2.99,87.01,2
11562,ml_baseline_90deg,2026-07-09 23:35:46.049367+05:30,90.0,3.52,86.48,2
11563,ml_baseline_90deg,2026-07-09 23:35:46.147390+05:30,90.0,4.04,85.96,2
11564,ml_baseline_90deg,2026-07-09 23:35:46.249432+05:30,90.0,4.57,85.43,2
11565,ml_baseline_90deg,2026-07-09 23:35:46.350837+05:30,90.0,5.1,84.9,1
11566,ml_baseline_90deg,2026-07-09 23:35:46.447325+05:30,90.0,5.45,84.55,2
11567,ml_baseline_90deg,2026-07-09 23:35:46.549626+05:30,90.0,5.98,84.02,2
11568,ml_baseline_90deg,2026-07-09 23:35:46.649702+05:30,90.0,6.5,83.5,2
11569,ml_baseline_90deg,2026-07-09 23:35:46.748669+05:30,90.0,7.03,82.97,2
11570,ml_baseline_90deg,2026-07-09 23:35:46.845971+05:30,90.0,7.56,82.44,2
11571,ml_baseline_90deg,2026-07-09 23:35:46.946773+05:30,90.0,8.09,81.91,2
11572,ml_baseline_90deg,2026-07-09 23:35:47.045985+05:30,90.0,8.44,81.56,2
11573,ml_baseline_90deg,2026-07-09 23:35:47.147138+05:30,90.0,8.96,81.04,2
11574,ml_baseline_90deg,2026-07-09 23:35:47.248917+05:30,90.0,9.49,80.51,1
11575,ml_baseline_90deg,2026-07-09 23:35:47.346970+05:30,90.0,9.67,80.33,2
11576,ml_baseline_90deg,2026-07-09 23:35:47.448920+05:30,90.0,10.2,79.8,2
11577,ml_baseline_90deg,2026-07-09 23:35:47.548115+05:30,90.0,10.72,79.28,2
11578,ml_baseline_90deg,2026-07-09 23:35:47.648845+05:30,90.0,11.07,78.93,2
11579,ml_baseline_90deg,2026-07-09 23:35:47.749886+05:30,90.0,11.43,78.57,2
11580,ml_baseline_90deg,2026-07-09 23:35:47.847381+05:30,90.0,11.95,78.05,2
11581,ml_baseline_90deg,2026-07-09 23:35:47.946770+05:30,90.0,12.3,77.7,2
11582,ml_baseline_90deg,2026-07-09 23:35:48.045570+05:30,90.0,12.83,77.17,2
11583,ml_baseline_90deg,2026-07-09 23:35:48.150422+05:30,90.0,13.18,76.82,1
11584,ml_baseline_90deg,2026-07-09 23:35:48.251297+05:30,90.0,13.54,76.46,2
11585,ml_baseline_90deg,2026-07-09 23:35:48.348879+05:30,90.0,14.06,75.94,2
11586,ml_baseline_90deg,2026-07-09 23:35:48.448158+05:30,90.0,14.41,75.59,2
11587,ml_baseline_90deg,2026-07-09 23:35:48.547537+05:30,90.0,14.77,75.23,2
11588,ml_baseline_90deg,2026-07-09 23:35:48.647208+05:30,90.0,15.29,74.71,2
11589,ml_baseline_90deg,2026-07-09 23:35:48.749001+05:30,90.0,15.64,74.36,2
11590,ml_baseline_90deg,2026-07-09 23:35:48.851059+05:30,90.0,16.17,73.83,2
11591,ml_baseline_90deg,2026-07-09 23:35:48.950371+05:30,90.0,16.52,73.48,2
11592,ml_baseline_90deg,2026-07-09 23:35:49.045968+05:30,90.0,17.05,72.95,1
11593,ml_baseline_90deg,2026-07-09 23:35:49.147534+05:30,90.0,17.23,72.77,2
11594,ml_baseline_90deg,2026-07-09 23:35:49.249957+05:30,90.0,17.75,72.25,2
11595,ml_baseline_90deg,2026-07-09 23:35:49.347733+05:30,90.0,18.28,71.72,2
11596,ml_baseline_90deg,2026-07-09 23:35:49.447799+05:30,90.0,18.63,71.37,2
11597,ml_baseline_90deg,2026-07-09 23:35:49.548515+05:30,90.0,19.16,70.84,2
11598,ml_baseline_90deg,2026-07-09 23:35:49.648389+05:30,90.0,19.69,70.31,2
11599,ml_baseline_90deg,2026-07-09 23:35:49.747493+05:30,90.0,20.21,69.79,2
11600,ml_baseline_90deg,2026-07-09 23:35:49.846626+05:30,90.0,20.74,69.26,2
11601,ml_baseline_90deg,2026-07-09 23:35:49.948213+05:30,90.0,21.27,68.73,1
11602,ml_baseline_90deg,2026-07-09 23:35:50.047317+05:30,90.0,21.45,68.55,2
11603,ml_baseline_90deg,2026-07-09 23:35:50.146482+05:30,90.0,21.97,68.03,2
11604,ml_baseline_90deg,2026-07-09 23:35:50.248877+05:30,90.0,22.5,67.5,2
11605,ml_baseline_90deg,2026-07-09 23:35:50.350555+05:30,90.0,22.85,67.15,2
11606,ml_baseline_90deg,2026-07-09 23:35:50.447497+05:30,90.0,23.2,66.8,2
11607,ml_baseline_90deg,2026-07-09 23:35:50.548204+05:30,90.0,23.73,66.27,2
11608,ml_baseline_90deg,2026-07-09 23:35:50.647749+05:30,90.0,24.08,65.92,2
11609,ml_baseline_90deg,2026-07-09 23:35:50.748165+05:30,90.0,24.61,65.39,2
11610,ml_baseline_90deg,2026-07-09 23:35:50.848089+05:30,90.0,24.96,65.04,1
11611,ml_baseline_90deg,2026-07-09 23:35:50.947380+05:30,90.0,25.31,64.69,2
11612,ml_baseline_90deg,2026-07-09 23:35:51.045864+05:30,90.0,25.66,64.34,2
11613,ml_baseline_90deg,2026-07-09 23:35:51.149676+05:30,90.0,26.19,63.81,2
11614,ml_baseline_90deg,2026-07-09 23:35:51.246621+05:30,90.0,26.54,63.46,2
11615,ml_baseline_90deg,2026-07-09 23:35:51.347754+05:30,90.0,27.07,62.93,2
11616,ml_baseline_90deg,2026-07-09 23:35:51.450666+05:30,90.0,27.42,62.58,2
11617,ml_baseline_90deg,2026-07-09 23:35:51.547831+05:30,90.0,27.77,62.23,2
11618,ml_baseline_90deg,2026-07-09 23:35:51.648389+05:30,90.0,28.3,61.7,2
11619,ml_baseline_90deg,2026-07-09 23:35:51.745713+05:30,90.0,28.65,61.35,1
11620,ml_baseline_90deg,2026-07-09 23:35:51.846844+05:30,90.0,29.0,61.0,2
11621,ml_baseline_90deg,2026-07-09 23:35:51.946807+05:30,90.0,29.36,60.64,2
11622,ml_baseline_90deg,2026-07-09 23:35:52.047058+05:30,90.0,29.88,60.12,2
11623,ml_baseline_90deg,2026-07-09 23:35:52.147954+05:30,90.0,30.23,59.77,2
11624,ml_baseline_90deg,2026-07-09 23:35:52.249623+05:30,90.0,30.59,59.41,2
11625,ml_baseline_90deg,2026-07-09 23:35:52.345952+05:30,90.0,31.11,58.89,2
11626,ml_baseline_90deg,2026-07-09 23:35:52.448544+05:30,90.0,31.46,58.54,2
11627,ml_baseline_90deg,2026-07-09 23:35:52.547581+05:30,90.0,31.99,58.01,2
11628,ml_baseline_90deg,2026-07-09 23:35:52.645752+05:30,90.0,32.34,57.66,1
11629,ml_baseline_90deg,2026-07-09 23:35:52.746637+05:30,90.0,32.7,57.3,2
11630,ml_baseline_90deg,2026-07-09 23:35:52.846044+05:30,90.0,33.05,56.95,2
11631,ml_baseline_90deg,2026-07-09 23:35:52.947827+05:30,90.0,33.57,56.43,2
11632,ml_baseline_90deg,2026-07-09 23:35:53.045842+05:30,90.0,33.93,56.07,2
11633,ml_baseline_90deg,2026-07-09 23:35:53.146911+05:30,90.0,34.45,55.55,2
11634,ml_baseline_90deg,2026-07-09 23:35:53.247954+05:30,90.0,34.8,55.2,2
11635,ml_baseline_90deg,2026-07-09 23:35:53.345253+05:30,90.0,35.33,54.67,2
11636,ml_baseline_90deg,2026-07-09 23:35:53.452380+05:30,90.0,35.68,54.32,2
11637,ml_baseline_90deg,2026-07-09 23:35:53.546173+05:30,90.0,36.04,53.96,1
11638,ml_baseline_90deg,2026-07-09 23:35:53.646142+05:30,90.0,36.39,53.61,2
11639,ml_baseline_90deg,2026-07-09 23:35:53.748631+05:30,90.0,36.74,53.26,2
11640,ml_baseline_90deg,2026-07-09 23:35:53.847747+05:30,90.0,37.27,52.73,2
11641,ml_baseline_90deg,2026-07-09 23:35:53.946958+05:30,90.0,37.62,52.38,2
11642,ml_baseline_90deg,2026-07-09 23:35:54.046976+05:30,90.0,37.97,52.03,2
11643,ml_baseline_90deg,2026-07-09 23:35:54.149173+05:30,90.0,38.5,51.5,2
11644,ml_baseline_90deg,2026-07-09 23:35:54.248005+05:30,90.0,38.85,51.15,2
11645,ml_baseline_90deg,2026-07-09 23:35:54.348816+05:30,90.0,39.38,50.63,2
11646,ml_baseline_90deg,2026-07-09 23:35:54.448427+05:30,90.0,39.73,50.27,1
11647,ml_baseline_90deg,2026-07-09 23:35:54.548053+05:30,90.0,39.9,50.1,2
11648,ml_baseline_90deg,2026-07-09 23:35:54.648435+05:30,90.0,40.43,49.57,2
11649,ml_baseline_90deg,2026-07-09 23:35:54.747584+05:30,90.0,40.78,49.22,2
11650,ml_baseline_90deg,2026-07-09 23:35:54.848686+05:30,90.0,41.13,48.87,2
11651,ml_baseline_90deg,2026-07-09 23:35:54.948315+05:30,90.0,41.66,48.34,2
11652,ml_baseline_90deg,2026-07-09 23:35:55.047202+05:30,90.0,42.01,47.99,2
11653,ml_baseline_90deg,2026-07-09 23:35:55.147953+05:30,90.0,42.36,47.64,2
11654,ml_baseline_90deg,2026-07-09 23:35:55.246927+05:30,90.0,42.89,47.11,2
11655,ml_baseline_90deg,2026-07-09 23:35:55.348023+05:30,90.0,43.24,46.76,1
11656,ml_baseline_90deg,2026-07-09 23:35:55.447905+05:30,90.0,43.59,46.41,2
11657,ml_baseline_90deg,2026-07-09 23:35:55.547881+05:30,90.0,43.95,46.05,2
11658,ml_baseline_90deg,2026-07-09 23:35:55.648280+05:30,90.0,44.47,45.53,2
11659,ml_baseline_90deg,2026-07-09 23:35:55.749374+05:30,90.0,44.82,45.18,2
11660,ml_baseline_90deg,2026-07-09 23:35:55.847372+05:30,90.0,45.18,44.82,2
11661,ml_baseline_90deg,2026-07-09 23:35:55.946856+05:30,90.0,45.7,44.3,2
11662,ml_baseline_90deg,2026-07-09 23:35:56.046518+05:30,90.0,46.05,43.95,2
11663,ml_baseline_90deg,2026-07-09 23:35:56.147912+05:30,90.0,46.41,43.59,2
11664,ml_baseline_90deg,2026-07-09 23:35:56.248057+05:30,90.0,46.93,43.07,1
11665,ml_baseline_90deg,2026-07-09 23:35:56.346645+05:30,90.0,47.11,42.89,2
11666,ml_baseline_90deg,2026-07-09 23:35:56.445740+05:30,90.0,47.46,42.54,2
11667,ml_baseline_90deg,2026-07-09 23:35:56.548229+05:30,90.0,47.99,42.01,2
11668,ml_baseline_90deg,2026-07-09 23:35:56.647655+05:30,90.0,48.34,41.66,2
11669,ml_baseline_90deg,2026-07-09 23:35:56.747197+05:30,90.0,48.69,41.31,2
11670,ml_baseline_90deg,2026-07-09 23:35:56.846653+05:30,90.0,49.22,40.78,2
11671,ml_baseline_90deg,2026-07-09 23:35:56.945938+05:30,90.0,49.57,40.43,2
11672,ml_baseline_90deg,2026-07-09 23:35:57.045263+05:30,90.0,49.92,40.08,2
11673,ml_baseline_90deg,2026-07-09 23:35:57.146598+05:30,90.0,50.27,39.73,1
11674,ml_baseline_90deg,2026-07-09 23:35:57.248133+05:30,90.0,50.63,39.38,2
11675,ml_baseline_90deg,2026-07-09 23:35:57.345733+05:30,90.0,50.98,39.02,2
11676,ml_baseline_90deg,2026-07-09 23:35:57.445685+05:30,90.0,51.33,38.67,2
11677,ml_baseline_90deg,2026-07-09 23:35:57.548879+05:30,90.0,51.86,38.14,2
11678,ml_baseline_90deg,2026-07-09 23:35:57.647454+05:30,90.0,52.21,37.79,2
11679,ml_baseline_90deg,2026-07-09 23:35:57.746480+05:30,90.0,52.73,37.27,2
11680,ml_baseline_90deg,2026-07-09 23:35:57.846040+05:30,90.0,53.09,36.91,2
11681,ml_baseline_90deg,2026-07-09 23:35:57.945643+05:30,90.0,53.44,36.56,2
11682,ml_baseline_90deg,2026-07-09 23:35:58.045949+05:30,90.0,53.79,36.21,1
11683,ml_baseline_90deg,2026-07-09 23:35:58.146968+05:30,90.0,54.14,35.86,2
11684,ml_baseline_90deg,2026-07-09 23:35:58.248713+05:30,90.0,54.49,35.51,2
11685,ml_baseline_90deg,2026-07-09 23:35:58.348445+05:30,90.0,54.84,35.16,2
11686,ml_baseline_90deg,2026-07-09 23:35:58.447691+05:30,90.0,55.37,34.63,2
11687,ml_baseline_90deg,2026-07-09 23:35:58.545199+05:30,90.0,55.72,34.28,2
11688,ml_baseline_90deg,2026-07-09 23:35:58.645797+05:30,90.0,56.07,33.93,2
11689,ml_baseline_90deg,2026-07-09 23:35:58.745456+05:30,90.0,56.6,33.4,2
11690,ml_baseline_90deg,2026-07-09 23:35:58.848634+05:30,90.0,56.95,33.05,2
11691,ml_baseline_90deg,2026-07-09 23:35:58.951438+05:30,90.0,57.3,32.7,1
11692,ml_baseline_90deg,2026-07-09 23:35:59.045702+05:30,90.0,57.48,32.52,2
11693,ml_baseline_90deg,2026-07-09 23:35:59.146958+05:30,90.0,58.01,31.99,2
11694,ml_baseline_90deg,2026-07-09 23:35:59.248992+05:30,90.0,58.36,31.64,2
11695,ml_baseline_90deg,2026-07-09 23:35:59.345045+05:30,90.0,58.71,31.29,2
11696,ml_baseline_90deg,2026-07-09 23:35:59.448224+05:30,90.0,59.24,30.76,2
11697,ml_baseline_90deg,2026-07-09 23:35:59.548045+05:30,90.0,59.59,30.41,2
11698,ml_baseline_90deg,2026-07-09 23:35:59.649800+05:30,90.0,59.94,30.06,2
11699,ml_baseline_90deg,2026-07-09 23:35:59.749278+05:30,90.0,60.47,29.53,2
11700,ml_baseline_90deg,2026-07-09 23:35:59.846310+05:30,90.0,60.82,29.18,1
11701,ml_baseline_90deg,2026-07-09 23:35:59.945229+05:30,90.0,61.0,29.0,2
11702,ml_baseline_90deg,2026-07-09 23:36:00.047344+05:30,90.0,61.35,28.65,2
11703,ml_baseline_90deg,2026-07-09 23:36:00.152447+05:30,90.0,61.88,28.12,2
11704,ml_baseline_90deg,2026-07-09 23:36:00.246196+05:30,90.0,62.23,27.77,2
11705,ml_baseline_90deg,2026-07-09 23:36:00.345487+05:30,90.0,62.58,27.42,2
11706,ml_baseline_90deg,2026-07-09 23:36:00.448454+05:30,90.0,63.11,26.89,2
11707,ml_baseline_90deg,2026-07-09 23:36:00.550695+05:30,90.0,63.46,26.54,2
11708,ml_baseline_90deg,2026-07-09 23:36:00.648329+05:30,90.0,63.81,26.19,2
11709,ml_baseline_90deg,2026-07-09 23:36:00.748593+05:30,90.0,64.34,25.66,1
11710,ml_baseline_90deg,2026-07-09 23:36:00.847449+05:30,90.0,64.51,25.49,2
11711,ml_baseline_90deg,2026-07-09 23:36:00.948359+05:30,90.0,64.86,25.14,2
11712,ml_baseline_90deg,2026-07-09 23:36:01.047144+05:30,90.0,65.39,24.61,2
11713,ml_baseline_90deg,2026-07-09 23:36:01.147373+05:30,90.0,65.74,24.26,2
11714,ml_baseline_90deg,2026-07-09 23:36:01.247544+05:30,90.0,66.09,23.91,2
11715,ml_baseline_90deg,2026-07-09 23:36:01.346300+05:30,90.0,66.62,23.38,2
11716,ml_baseline_90deg,2026-07-09 23:36:01.450012+05:30,90.0,66.97,23.03,2
11717,ml_baseline_90deg,2026-07-09 23:36:01.550721+05:30,90.0,67.5,22.5,2
11718,ml_baseline_90deg,2026-07-09 23:36:01.650257+05:30,90.0,67.85,22.15,1
11719,ml_baseline_90deg,2026-07-09 23:36:01.746164+05:30,90.0,68.2,21.8,2
11720,ml_baseline_90deg,2026-07-09 23:36:01.845886+05:30,90.0,68.55,21.45,2
11721,ml_baseline_90deg,2026-07-09 23:36:01.945682+05:30,90.0,69.08,20.92,2
11722,ml_baseline_90deg,2026-07-09 23:36:02.044826+05:30,90.0,69.43,20.57,2
11723,ml_baseline_90deg,2026-07-09 23:36:02.145824+05:30,90.0,69.96,20.04,2
11724,ml_baseline_90deg,2026-07-09 23:36:02.248066+05:30,90.0,70.31,19.69,2
11725,ml_baseline_90deg,2026-07-09 23:36:02.345948+05:30,90.0,70.66,19.34,2
11726,ml_baseline_90deg,2026-07-09 23:36:02.447298+05:30,90.0,71.19,18.81,2
11727,ml_baseline_90deg,2026-07-09 23:36:02.549503+05:30,90.0,71.54,18.46,1
11728,ml_baseline_90deg,2026-07-09 23:36:02.651230+05:30,90.0,71.89,18.11,2
11729,ml_baseline_90deg,2026-07-09 23:36:02.749693+05:30,90.0,72.25,17.75,2
11730,ml_baseline_90deg,2026-07-09 23:36:02.849654+05:30,90.0,72.77,17.23,2
11731,ml_baseline_90deg,2026-07-09 23:36:02.947476+05:30,90.0,73.12,16.87,2
11732,ml_baseline_90deg,2026-07-09 23:36:03.045255+05:30,90.0,73.48,16.52,2
11733,ml_baseline_90deg,2026-07-09 23:36:03.147398+05:30,90.0,74.0,16.0,2
11734,ml_baseline_90deg,2026-07-09 23:36:03.248923+05:30,90.0,74.36,15.64,2
11735,ml_baseline_90deg,2026-07-09 23:36:03.349248+05:30,90.0,74.88,15.12,2
11736,ml_baseline_90deg,2026-07-09 23:36:03.449538+05:30,90.0,75.23,14.77,1
11737,ml_baseline_90deg,2026-07-09 23:36:03.550419+05:30,90.0,75.59,14.41,2
11738,ml_baseline_90deg,2026-07-09 23:36:03.646974+05:30,90.0,76.11,13.89,2
11739,ml_baseline_90deg,2026-07-09 23:36:03.747226+05:30,90.0,76.46,13.54,2
11740,ml_baseline_90deg,2026-07-09 23:36:03.847344+05:30,90.0,76.99,13.01,2
11741,ml_baseline_90deg,2026-07-09 23:36:03.949940+05:30,90.0,77.52,12.48,2
11742,ml_baseline_90deg,2026-07-09 23:36:04.049589+05:30,90.0,77.87,12.13,2
11743,ml_baseline_90deg,2026-07-09 23:36:04.147609+05:30,90.0,78.4,11.6,2
11744,ml_baseline_90deg,2026-07-09 23:36:04.248021+05:30,90.0,78.75,11.25,2
11745,ml_baseline_90deg,2026-07-09 23:36:04.345293+05:30,90.0,79.28,10.72,1
11746,ml_baseline_90deg,2026-07-09 23:36:04.446454+05:30,90.0,79.63,10.37,2
11747,ml_baseline_90deg,2026-07-09 23:36:04.547600+05:30,90.0,79.98,10.02,2
11748,ml_baseline_90deg,2026-07-09 23:36:04.648795+05:30,90.0,80.51,9.49,2
11749,ml_baseline_90deg,2026-07-09 23:36:04.745978+05:30,90.0,81.04,8.96,2
11750,ml_baseline_90deg,2026-07-09 23:36:04.847728+05:30,90.0,81.39,8.61,2
11751,ml_baseline_90deg,2026-07-09 23:36:04.946630+05:30,90.0,81.91,8.09,2
11752,ml_baseline_90deg,2026-07-09 23:36:05.046808+05:30,90.0,82.27,7.73,2
11753,ml_baseline_90deg,2026-07-09 23:36:05.148376+05:30,90.0,82.79,7.21,2
11754,ml_baseline_90deg,2026-07-09 23:36:05.247725+05:30,90.0,83.32,6.68,1
11755,ml_baseline_90deg,2026-07-09 23:36:05.346416+05:30,90.0,83.5,6.5,2
11756,ml_baseline_90deg,2026-07-09 23:36:05.448001+05:30,90.0,84.02,5.98,2
11757,ml_baseline_90deg,2026-07-09 23:36:05.548868+05:30,90.0,84.55,5.45,2
11758,ml_baseline_90deg,2026-07-09 23:36:05.648907+05:30,90.0,84.9,5.1,2
11759,ml_baseline_90deg,2026-07-09 23:36:05.750509+05:30,90.0,85.25,4.75,1
11760,ml_baseline_90deg,2026-07-09 23:36:05.846648+05:30,90.0,85.61,4.39,1
11761,ml_baseline_90deg,2026-07-09 23:36:05.948346+05:30,90.0,85.78,4.22,1
11762,ml_baseline_90deg,2026-07-09 23:36:06.046431+05:30,90.0,85.96,4.04,1
11763,ml_baseline_90deg,2026-07-09 23:36:06.146973+05:30,0.0,86.13,-86.13,2
11764,ml_baseline_90deg,2026-07-09 23:36:06.246435+05:30,0.0,86.13,-86.13,2
11765,ml_baseline_90deg,2026-07-09 23:36:06.347370+05:30,0.0,86.13,-86.13,2
11766,ml_baseline_90deg,2026-07-09 23:36:06.448485+05:30,0.0,86.13,-86.13,2
11767,ml_baseline_90deg,2026-07-09 23:36:06.548570+05:30,0.0,86.13,-86.13,2
11768,ml_baseline_90deg,2026-07-09 23:36:06.648948+05:30,0.0,86.13,-86.13,2
11769,ml_baseline_90deg,2026-07-09 23:36:06.745885+05:30,0.0,86.13,-86.13,2
11770,ml_baseline_90deg,2026-07-09 23:36:06.846517+05:30,0.0,86.13,-86.13,2
11771,ml_baseline_90deg,2026-07-09 23:36:06.949924+05:30,0.0,86.13,-86.13,1
11772,ml_baseline_90deg,2026-07-09 23:36:07.047560+05:30,0.0,85.96,-85.96,2
11773,ml_baseline_90deg,2026-07-09 23:36:07.148618+05:30,0.0,85.96,-85.96,2
11774,ml_baseline_90deg,2026-07-09 23:36:07.250615+05:30,0.0,85.78,-85.78,2
11775,ml_baseline_90deg,2026-07-09 23:36:07.346174+05:30,0.0,85.61,-85.61,2
11776,ml_baseline_90deg,2026-07-09 23:36:07.446951+05:30,0.0,85.43,-85.43,2
11777,ml_baseline_90deg,2026-07-09 23:36:07.548368+05:30,0.0,85.08,-85.08,2
11778,ml_baseline_90deg,2026-07-09 23:36:07.647293+05:30,0.0,84.73,-84.73,2
11779,ml_baseline_90deg,2026-07-09 23:36:07.746502+05:30,0.0,84.37,-84.37,2
11780,ml_baseline_90deg,2026-07-09 23:36:07.848741+05:30,0.0,83.85,-83.85,1
11781,ml_baseline_90deg,2026-07-09 23:36:07.948385+05:30,0.0,83.32,-83.32,2
11782,ml_baseline_90deg,2026-07-09 23:36:08.046863+05:30,0.0,82.79,-82.79,2
11783,ml_baseline_90deg,2026-07-09 23:36:08.145579+05:30,0.0,82.44,-82.44,2
11784,ml_baseline_90deg,2026-07-09 23:36:08.247624+05:30,0.0,81.91,-81.91,2
11785,ml_baseline_90deg,2026-07-09 23:36:08.349020+05:30,0.0,81.39,-81.39,2
11786,ml_baseline_90deg,2026-07-09 23:36:08.450622+05:30,0.0,81.04,-81.04,2
11787,ml_baseline_90deg,2026-07-09 23:36:08.548069+05:30,0.0,80.51,-80.51,2
11788,ml_baseline_90deg,2026-07-09 23:36:08.648485+05:30,0.0,79.98,-79.98,2
11789,ml_baseline_90deg,2026-07-09 23:36:08.749026+05:30,0.0,79.63,-79.63,1
11790,ml_baseline_90deg,2026-07-09 23:36:08.849220+05:30,0.0,79.1,-79.1,2
11791,ml_baseline_90deg,2026-07-09 23:36:08.947423+05:30,0.0,78.57,-78.57,2
11792,ml_baseline_90deg,2026-07-09 23:36:09.047345+05:30,0.0,78.22,-78.22,2
11793,ml_baseline_90deg,2026-07-09 23:36:09.154292+05:30,0.0,77.7,-77.7,2
11794,ml_baseline_90deg,2026-07-09 23:36:09.248030+05:30,0.0,77.17,-77.17,2
11795,ml_baseline_90deg,2026-07-09 23:36:09.346816+05:30,0.0,76.64,-76.64,2
11796,ml_baseline_90deg,2026-07-09 23:36:09.446094+05:30,0.0,76.29,-76.29,2
11797,ml_baseline_90deg,2026-07-09 23:36:09.546721+05:30,0.0,75.76,-75.76,2
11798,ml_baseline_90deg,2026-07-09 23:36:09.646855+05:30,0.0,75.41,-75.41,1
11799,ml_baseline_90deg,2026-07-09 23:36:09.747768+05:30,0.0,74.88,-74.88,2
11800,ml_baseline_90deg,2026-07-09 23:36:09.847413+05:30,0.0,74.36,-74.36,2
11801,ml_baseline_90deg,2026-07-09 23:36:09.948608+05:30,0.0,74.0,-74.0,2
11802,ml_baseline_90deg,2026-07-09 23:36:10.045879+05:30,0.0,73.48,-73.48,2
11803,ml_baseline_90deg,2026-07-09 23:36:10.147287+05:30,0.0,72.95,-72.95,2
11804,ml_baseline_90deg,2026-07-09 23:36:10.247041+05:30,0.0,72.6,-72.6,2
11805,ml_baseline_90deg,2026-07-09 23:36:10.346283+05:30,0.0,72.07,-72.07,2
11806,ml_baseline_90deg,2026-07-09 23:36:10.448103+05:30,0.0,71.54,-71.54,2
11807,ml_baseline_90deg,2026-07-09 23:36:10.548062+05:30,0.0,71.19,-71.19,1
11808,ml_baseline_90deg,2026-07-09 23:36:10.649317+05:30,0.0,70.84,-70.84,2
11809,ml_baseline_90deg,2026-07-09 23:36:10.750301+05:30,0.0,70.31,-70.31,2
11810,ml_baseline_90deg,2026-07-09 23:36:10.847769+05:30,0.0,69.79,-69.79,2
11811,ml_baseline_90deg,2026-07-09 23:36:10.948982+05:30,0.0,69.26,-69.26,2
11812,ml_baseline_90deg,2026-07-09 23:36:11.045706+05:30,0.0,68.91,-68.91,2
11813,ml_baseline_90deg,2026-07-09 23:36:11.149004+05:30,0.0,68.38,-68.38,2
11814,ml_baseline_90deg,2026-07-09 23:36:11.246706+05:30,0.0,68.03,-68.03,2
11815,ml_baseline_90deg,2026-07-09 23:36:11.346368+05:30,0.0,67.5,-67.5,2
11816,ml_baseline_90deg,2026-07-09 23:36:11.448816+05:30,0.0,67.15,-67.15,1
11817,ml_baseline_90deg,2026-07-09 23:36:11.547329+05:30,0.0,66.62,-66.62,2
11818,ml_baseline_90deg,2026-07-09 23:36:11.649261+05:30,0.0,66.27,-66.27,2
11819,ml_baseline_90deg,2026-07-09 23:36:11.748272+05:30,0.0,65.74,-65.74,2
11820,ml_baseline_90deg,2026-07-09 23:36:11.848723+05:30,0.0,65.21,-65.21,2
11821,ml_baseline_90deg,2026-07-09 23:36:11.949082+05:30,0.0,64.86,-64.86,2
11822,ml_baseline_90deg,2026-07-09 23:36:12.046768+05:30,0.0,64.34,-64.34,2
11823,ml_baseline_90deg,2026-07-09 23:36:12.147954+05:30,0.0,63.98,-63.98,2
11824,ml_baseline_90deg,2026-07-09 23:36:12.248156+05:30,0.0,63.46,-63.46,2
11825,ml_baseline_90deg,2026-07-09 23:36:12.349579+05:30,0.0,62.93,-62.93,1
11826,ml_baseline_90deg,2026-07-09 23:36:12.447935+05:30,0.0,62.58,-62.58,2
11827,ml_baseline_90deg,2026-07-09 23:36:12.549327+05:30,0.0,62.05,-62.05,2
11828,ml_baseline_90deg,2026-07-09 23:36:12.649199+05:30,0.0,61.7,-61.7,2
11829,ml_baseline_90deg,2026-07-09 23:36:12.748888+05:30,0.0,61.17,-61.17,2
11830,ml_baseline_90deg,2026-07-09 23:36:12.847595+05:30,0.0,60.82,-60.82,2
11831,ml_baseline_90deg,2026-07-09 23:36:12.948610+05:30,0.0,60.29,-60.29,2
11832,ml_baseline_90deg,2026-07-09 23:36:13.045817+05:30,0.0,59.77,-59.77,2
11833,ml_baseline_90deg,2026-07-09 23:36:13.151537+05:30,0.0,59.41,-59.41,2
11834,ml_baseline_90deg,2026-07-09 23:36:13.250253+05:30,0.0,58.89,-58.89,1
11835,ml_baseline_90deg,2026-07-09 23:36:13.350386+05:30,0.0,58.54,-58.54,2
11836,ml_baseline_90deg,2026-07-09 23:36:13.445814+05:30,0.0,58.18,-58.18,2
11837,ml_baseline_90deg,2026-07-09 23:36:13.548549+05:30,0.0,57.66,-57.66,2
11838,ml_baseline_90deg,2026-07-09 23:36:13.648107+05:30,0.0,57.13,-57.13,2
11839,ml_baseline_90deg,2026-07-09 23:36:13.747594+05:30,0.0,56.78,-56.78,2
11840,ml_baseline_90deg,2026-07-09 23:36:13.846843+05:30,0.0,56.25,-56.25,2
11841,ml_baseline_90deg,2026-07-09 23:36:13.946456+05:30,0.0,55.72,-55.72,2
11842,ml_baseline_90deg,2026-07-09 23:36:14.047617+05:30,0.0,55.37,-55.37,2
11843,ml_baseline_90deg,2026-07-09 23:36:14.149718+05:30,0.0,54.84,-54.84,1
11844,ml_baseline_90deg,2026-07-09 23:36:14.249100+05:30,0.0,54.49,-54.49,2
11845,ml_baseline_90deg,2026-07-09 23:36:14.349506+05:30,0.0,53.96,-53.96,2
11846,ml_baseline_90deg,2026-07-09 23:36:14.449284+05:30,0.0,53.61,-53.61,2
11847,ml_baseline_90deg,2026-07-09 23:36:14.549620+05:30,0.0,53.09,-53.09,2
11848,ml_baseline_90deg,2026-07-09 23:36:14.646589+05:30,0.0,52.56,-52.56,2
11849,ml_baseline_90deg,2026-07-09 23:36:14.748365+05:30,0.0,52.21,-52.21,2
11850,ml_baseline_90deg,2026-07-09 23:36:14.848144+05:30,0.0,51.68,-51.68,2
11851,ml_baseline_90deg,2026-07-09 23:36:14.946850+05:30,0.0,51.15,-51.15,2
11852,ml_baseline_90deg,2026-07-09 23:36:15.046585+05:30,0.0,50.8,-50.8,1
11853,ml_baseline_90deg,2026-07-09 23:36:15.148284+05:30,0.0,50.45,-50.45,2
11854,ml_baseline_90deg,2026-07-09 23:36:15.249984+05:30,0.0,49.92,-49.92,2
11855,ml_baseline_90deg,2026-07-09 23:36:15.345533+05:30,0.0,49.39,-49.39,2
11856,ml_baseline_90deg,2026-07-09 23:36:15.447544+05:30,0.0,49.04,-49.04,2
11857,ml_baseline_90deg,2026-07-09 23:36:15.547816+05:30,0.0,48.52,-48.52,2
11858,ml_baseline_90deg,2026-07-09 23:36:15.649332+05:30,0.0,47.99,-47.99,2
11859,ml_baseline_90deg,2026-07-09 23:36:15.747758+05:30,0.0,47.64,-47.64,2
11860,ml_baseline_90deg,2026-07-09 23:36:15.846372+05:30,0.0,47.11,-47.11,2
11861,ml_baseline_90deg,2026-07-09 23:36:15.948498+05:30,0.0,46.76,-46.76,1
11862,ml_baseline_90deg,2026-07-09 23:36:16.046462+05:30,0.0,46.41,-46.41,2
11863,ml_baseline_90deg,2026-07-09 23:36:16.149063+05:30,0.0,45.88,-45.88,2
11864,ml_baseline_90deg,2026-07-09 23:36:16.248377+05:30,0.0,45.35,-45.35,2
11865,ml_baseline_90deg,2026-07-09 23:36:16.348481+05:30,0.0,44.82,-44.82,2
11866,ml_baseline_90deg,2026-07-09 23:36:16.449011+05:30,0.0,44.47,-44.47,2
11867,ml_baseline_90deg,2026-07-09 23:36:16.548955+05:30,0.0,43.95,-43.95,2
11868,ml_baseline_90deg,2026-07-09 23:36:16.651024+05:30,0.0,43.59,-43.59,2
11869,ml_baseline_90deg,2026-07-09 23:36:16.748979+05:30,0.0,43.07,-43.07,2
11870,ml_baseline_90deg,2026-07-09 23:36:16.848126+05:30,0.0,42.54,-42.54,1
11871,ml_baseline_90deg,2026-07-09 23:36:16.949222+05:30,0.0,42.19,-42.19,2
11872,ml_baseline_90deg,2026-07-09 23:36:17.045791+05:30,0.0,41.66,-41.66,2
11873,ml_baseline_90deg,2026-07-09 23:36:17.146143+05:30,0.0,41.31,-41.31,2
11874,ml_baseline_90deg,2026-07-09 23:36:17.245848+05:30,0.0,40.78,-40.78,2
11875,ml_baseline_90deg,2026-07-09 23:36:17.350915+05:30,0.0,40.25,-40.25,2
11876,ml_baseline_90deg,2026-07-09 23:36:17.447248+05:30,0.0,39.9,-39.9,2
11877,ml_baseline_90deg,2026-07-09 23:36:17.548092+05:30,0.0,39.38,-39.38,2
11878,ml_baseline_90deg,2026-07-09 23:36:17.647736+05:30,0.0,38.85,-38.85,2
11879,ml_baseline_90deg,2026-07-09 23:36:17.749511+05:30,0.0,38.5,-38.5,1
11880,ml_baseline_90deg,2026-07-09 23:36:17.850590+05:30,0.0,38.14,-38.14,2
11881,ml_baseline_90deg,2026-07-09 23:36:17.951258+05:30,0.0,37.62,-37.62,2
11882,ml_baseline_90deg,2026-07-09 23:36:18.046078+05:30,0.0,37.27,-37.27,2
11883,ml_baseline_90deg,2026-07-09 23:36:18.148241+05:30,0.0,36.74,-36.74,2
11884,ml_baseline_90deg,2026-07-09 23:36:18.248535+05:30,0.0,36.21,-36.21,2
11885,ml_baseline_90deg,2026-07-09 23:36:18.344812+05:30,0.0,35.86,-35.86,2
11886,ml_baseline_90deg,2026-07-09 23:36:18.447122+05:30,0.0,35.33,-35.33,2
11887,ml_baseline_90deg,2026-07-09 23:36:18.547772+05:30,0.0,34.98,-34.98,2
11888,ml_baseline_90deg,2026-07-09 23:36:18.647934+05:30,0.0,34.45,-34.45,1
11889,ml_baseline_90deg,2026-07-09 23:36:18.748721+05:30,0.0,34.1,-34.1,2
11890,ml_baseline_90deg,2026-07-09 23:36:18.850276+05:30,0.0,33.75,-33.75,2
11891,ml_baseline_90deg,2026-07-09 23:36:18.949848+05:30,0.0,33.22,-33.22,2
11892,ml_baseline_90deg,2026-07-09 23:36:19.048876+05:30,0.0,32.87,-32.87,2
11893,ml_baseline_90deg,2026-07-09 23:36:19.148638+05:30,0.0,32.34,-32.34,2
11894,ml_baseline_90deg,2026-07-09 23:36:19.248715+05:30,0.0,31.99,-31.99,2
11895,ml_baseline_90deg,2026-07-09 23:36:19.350535+05:30,0.0,31.46,-31.46,2
11896,ml_baseline_90deg,2026-07-09 23:36:19.445201+05:30,0.0,31.11,-31.11,2
11897,ml_baseline_90deg,2026-07-09 23:36:19.549857+05:30,0.0,30.59,-30.59,1
11898,ml_baseline_90deg,2026-07-09 23:36:19.651041+05:30,0.0,30.23,-30.23,2
11899,ml_baseline_90deg,2026-07-09 23:36:19.747203+05:30,0.0,29.88,-29.88,2
11900,ml_baseline_90deg,2026-07-09 23:36:19.847083+05:30,0.0,29.36,-29.36,2
11901,ml_baseline_90deg,2026-07-09 23:36:19.949098+05:30,0.0,28.83,-28.83,2
11902,ml_baseline_90deg,2026-07-09 23:36:20.046503+05:30,0.0,28.12,-28.12,2
11903,ml_baseline_90deg,2026-07-09 23:36:20.147668+05:30,0.0,27.77,-27.77,2
11904,ml_baseline_90deg,2026-07-09 23:36:20.248328+05:30,0.0,27.07,-27.07,2
11905,ml_baseline_90deg,2026-07-09 23:36:20.348530+05:30,0.0,26.72,-26.72,2
11906,ml_baseline_90deg,2026-07-09 23:36:20.448418+05:30,0.0,26.37,-26.37,1
11907,ml_baseline_90deg,2026-07-09 23:36:20.549901+05:30,0.0,26.02,-26.02,2
11908,ml_baseline_90deg,2026-07-09 23:36:20.649061+05:30,0.0,25.49,-25.49,2
11909,ml_baseline_90deg,2026-07-09 23:36:20.746944+05:30,0.0,25.14,-25.14,2
11910,ml_baseline_90deg,2026-07-09 23:36:20.847598+05:30,0.0,24.61,-24.61,2
11911,ml_baseline_90deg,2026-07-09 23:36:20.948243+05:30,0.0,24.08,-24.08,2
11912,ml_baseline_90deg,2026-07-09 23:36:21.044990+05:30,0.0,23.73,-23.73,2
11913,ml_baseline_90deg,2026-07-09 23:36:21.147176+05:30,0.0,23.2,-23.2,2
11914,ml_baseline_90deg,2026-07-09 23:36:21.249235+05:30,0.0,22.68,-22.68,2
11915,ml_baseline_90deg,2026-07-09 23:36:21.351484+05:30,0.0,22.32,-22.32,1
11916,ml_baseline_90deg,2026-07-09 23:36:21.448089+05:30,0.0,21.97,-21.97,2
11917,ml_baseline_90deg,2026-07-09 23:36:21.548968+05:30,0.0,21.45,-21.45,2
11918,ml_baseline_90deg,2026-07-09 23:36:21.648264+05:30,0.0,21.09,-21.09,2
11919,ml_baseline_90deg,2026-07-09 23:36:21.748119+05:30,0.0,20.57,-20.57,2
11920,ml_baseline_90deg,2026-07-09 23:36:21.847455+05:30,0.0,20.04,-20.04,2
11921,ml_baseline_90deg,2026-07-09 23:36:21.946517+05:30,0.0,19.69,-19.69,2
11922,ml_baseline_90deg,2026-07-09 23:36:22.046794+05:30,0.0,19.16,-19.16,2
11923,ml_baseline_90deg,2026-07-09 23:36:22.148254+05:30,0.0,18.63,-18.63,2
11924,ml_baseline_90deg,2026-07-09 23:36:22.248369+05:30,0.0,18.11,-18.11,1
11925,ml_baseline_90deg,2026-07-09 23:36:22.348450+05:30,0.0,17.75,-17.75,2
11926,ml_baseline_90deg,2026-07-09 23:36:22.448669+05:30,0.0,17.4,-17.4,2
11927,ml_baseline_90deg,2026-07-09 23:36:22.547622+05:30,0.0,16.87,-16.87,2
11928,ml_baseline_90deg,2026-07-09 23:36:22.650611+05:30,0.0,16.35,-16.35,2
11929,ml_baseline_90deg,2026-07-09 23:36:22.748984+05:30,0.0,16.0,-16.0,2
11930,ml_baseline_90deg,2026-07-09 23:36:22.846944+05:30,0.0,15.47,-15.47,2
11931,ml_baseline_90deg,2026-07-09 23:36:22.948048+05:30,0.0,14.94,-14.94,2
11932,ml_baseline_90deg,2026-07-09 23:36:23.045770+05:30,0.0,14.59,-14.59,2
11933,ml_baseline_90deg,2026-07-09 23:36:23.147554+05:30,0.0,14.06,-14.06,1
11934,ml_baseline_90deg,2026-07-09 23:36:23.249007+05:30,0.0,13.71,-13.71,2
11935,ml_baseline_90deg,2026-07-09 23:36:23.349088+05:30,0.0,13.18,-13.18,2
11936,ml_baseline_90deg,2026-07-09 23:36:23.452710+05:30,0.0,12.66,-12.66,2
11937,ml_baseline_90deg,2026-07-09 23:36:23.545509+05:30,0.0,12.13,-12.13,2
11938,ml_baseline_90deg,2026-07-09 23:36:23.648344+05:30,0.0,11.78,-11.78,2
11939,ml_baseline_90deg,2026-07-09 23:36:23.747672+05:30,0.0,11.25,-11.25,2
11940,ml_baseline_90deg,2026-07-09 23:36:23.847822+05:30,0.0,10.72,-10.72,2
11941,ml_baseline_90deg,2026-07-09 23:36:23.949904+05:30,0.0,10.02,-10.02,2
11942,ml_baseline_90deg,2026-07-09 23:36:24.045722+05:30,0.0,9.67,-9.67,1
11943,ml_baseline_90deg,2026-07-09 23:36:24.147502+05:30,0.0,9.14,-9.14,2
11944,ml_baseline_90deg,2026-07-09 23:36:24.248201+05:30,0.0,8.61,-8.61,2
11945,ml_baseline_90deg,2026-07-09 23:36:24.349326+05:30,0.0,8.09,-8.09,2
11946,ml_baseline_90deg,2026-07-09 23:36:24.449144+05:30,0.0,7.56,-7.56,2
11947,ml_baseline_90deg,2026-07-09 23:36:24.549832+05:30,0.0,7.03,-7.03,2
11948,ml_baseline_90deg,2026-07-09 23:36:24.648995+05:30,0.0,6.68,-6.68,2
11949,ml_baseline_90deg,2026-07-09 23:36:24.747714+05:30,0.0,6.15,-6.15,2
11950,ml_baseline_90deg,2026-07-09 23:36:24.848679+05:30,0.0,5.62,-5.62,2
11951,ml_baseline_90deg,2026-07-09 23:36:24.949040+05:30,0.0,5.1,-5.1,1
11952,ml_baseline_90deg,2026-07-09 23:36:25.046552+05:30,0.0,4.75,-4.75,1
11953,ml_baseline_90deg,2026-07-09 23:36:25.146449+05:30,0.0,4.39,-4.39,1
11954,ml_baseline_90deg,2026-07-09 23:36:25.249487+05:30,0.0,4.04,-4.04,2
11955,ml_baseline_90deg,2026-07-09 23:36:25.350130+05:30,0.0,3.52,-3.52,1
11956,ml_baseline_90deg,2026-07-09 23:36:25.452268+05:30,0.0,3.16,-3.16,1
11957,ml_baseline_90deg,2026-07-09 23:36:25.547550+05:30,90.0,2.99,87.01,2
11958,ml_baseline_90deg,2026-07-09 23:36:25.648368+05:30,90.0,2.81,87.19,2
11959,ml_baseline_90deg,2026-07-09 23:36:25.748001+05:30,90.0,2.81,87.19,2
11960,ml_baseline_90deg,2026-07-09 23:36:25.847542+05:30,90.0,2.81,87.19,2
11961,ml_baseline_90deg,2026-07-09 23:36:25.948645+05:30,90.0,2.81,87.19,2
11962,ml_baseline_90deg,2026-07-09 23:36:26.045549+05:30,90.0,2.81,87.19,2
11963,ml_baseline_90deg,2026-07-09 23:36:26.146910+05:30,90.0,2.81,87.19,2
11964,ml_baseline_90deg,2026-07-09 23:36:26.245825+05:30,90.0,2.81,87.19,2
11965,ml_baseline_90deg,2026-07-09 23:36:26.347922+05:30,90.0,2.81,87.19,1
11966,ml_baseline_90deg,2026-07-09 23:36:26.447413+05:30,90.0,2.99,87.01,2
11967,ml_baseline_90deg,2026-07-09 23:36:26.551004+05:30,90.0,2.99,87.01,2
11968,ml_baseline_90deg,2026-07-09 23:36:26.651531+05:30,90.0,3.34,86.66,2
11969,ml_baseline_90deg,2026-07-09 23:36:26.748493+05:30,90.0,3.69,86.31,2
11970,ml_baseline_90deg,2026-07-09 23:36:26.849586+05:30,90.0,4.22,85.78,2
11971,ml_baseline_90deg,2026-07-09 23:36:26.948744+05:30,90.0,4.75,85.25,2
11972,ml_baseline_90deg,2026-07-09 23:36:27.045979+05:30,90.0,5.27,84.73,2
11973,ml_baseline_90deg,2026-07-09 23:36:27.147881+05:30,90.0,5.62,84.37,2
11974,ml_baseline_90deg,2026-07-09 23:36:27.249128+05:30,90.0,6.15,83.85,1
11975,ml_baseline_90deg,2026-07-09 23:36:27.346307+05:30,90.0,6.5,83.5,2
11976,ml_baseline_90deg,2026-07-09 23:36:27.450830+05:30,90.0,7.03,82.97,2
11977,ml_baseline_90deg,2026-07-09 23:36:27.553982+05:30,90.0,7.56,82.44,2
11978,ml_baseline_90deg,2026-07-09 23:36:27.650058+05:30,90.0,7.91,82.09,2
11979,ml_baseline_90deg,2026-07-09 23:36:27.749392+05:30,90.0,8.44,81.56,2
11980,ml_baseline_90deg,2026-07-09 23:36:27.847316+05:30,90.0,9.14,80.86,2
11981,ml_baseline_90deg,2026-07-09 23:36:27.947587+05:30,90.0,9.49,80.51,2
11982,ml_baseline_90deg,2026-07-09 23:36:28.047180+05:30,90.0,10.02,79.98,2
11983,ml_baseline_90deg,2026-07-09 23:36:28.149024+05:30,90.0,10.55,79.45,1
11984,ml_baseline_90deg,2026-07-09 23:36:28.248639+05:30,90.0,10.9,79.1,2
11985,ml_baseline_90deg,2026-07-09 23:36:28.349141+05:30,90.0,11.25,78.75,2
11986,ml_baseline_90deg,2026-07-09 23:36:28.447714+05:30,90.0,11.6,78.4,2
11987,ml_baseline_90deg,2026-07-09 23:36:28.550553+05:30,90.0,12.13,77.87,2
11988,ml_baseline_90deg,2026-07-09 23:36:28.648719+05:30,90.0,12.48,77.52,2
11989,ml_baseline_90deg,2026-07-09 23:36:28.749296+05:30,90.0,13.01,76.99,2
11990,ml_baseline_90deg,2026-07-09 23:36:28.847353+05:30,90.0,13.36,76.64,2
11991,ml_baseline_90deg,2026-07-09 23:36:28.947239+05:30,90.0,13.89,76.11,2
11992,ml_baseline_90deg,2026-07-09 23:36:29.047529+05:30,90.0,14.24,75.76,1
11993,ml_baseline_90deg,2026-07-09 23:36:29.148118+05:30,90.0,14.59,75.41,2
11994,ml_baseline_90deg,2026-07-09 23:36:29.248318+05:30,90.0,15.12,74.88,2
11995,ml_baseline_90deg,2026-07-09 23:36:29.348506+05:30,90.0,15.47,74.53,2
11996,ml_baseline_90deg,2026-07-09 23:36:29.451856+05:30,90.0,16.0,74.0,2
11997,ml_baseline_90deg,2026-07-09 23:36:29.549411+05:30,90.0,16.35,73.65,2
11998,ml_baseline_90deg,2026-07-09 23:36:29.645774+05:30,90.0,16.7,73.3,2
11999,ml_baseline_90deg,2026-07-09 23:36:29.746767+05:30,90.0,17.23,72.77,2
12000,ml_baseline_90deg,2026-07-09 23:36:29.847092+05:30,90.0,17.58,72.42,2
12001,ml_baseline_90deg,2026-07-09 23:36:29.948671+05:30,90.0,18.11,71.89,1
12002,ml_baseline_90deg,2026-07-09 23:36:30.045600+05:30,90.0,18.28,71.72,2
12003,ml_baseline_90deg,2026-07-09 23:36:30.149561+05:30,90.0,18.81,71.19,2
12004,ml_baseline_90deg,2026-07-09 23:36:30.250109+05:30,90.0,19.34,70.66,2
12005,ml_baseline_90deg,2026-07-09 23:36:30.350577+05:30,90.0,19.69,70.31,2
12006,ml_baseline_90deg,2026-07-09 23:36:30.449331+05:30,90.0,20.21,69.79,2
12007,ml_baseline_90deg,2026-07-09 23:36:30.547484+05:30,90.0,20.57,69.43,2
12008,ml_baseline_90deg,2026-07-09 23:36:30.650494+05:30,90.0,21.09,68.91,2
12009,ml_baseline_90deg,2026-07-09 23:36:30.747590+05:30,90.0,21.45,68.55,2
12010,ml_baseline_90deg,2026-07-09 23:36:30.846968+05:30,90.0,21.97,68.03,1
12011,ml_baseline_90deg,2026-07-09 23:36:30.948416+05:30,90.0,22.15,67.85,2
12012,ml_baseline_90deg,2026-07-09 23:36:31.048657+05:30,90.0,22.68,67.32,2
12013,ml_baseline_90deg,2026-07-09 23:36:31.148107+05:30,90.0,23.03,66.97,2
12014,ml_baseline_90deg,2026-07-09 23:36:31.247782+05:30,90.0,23.55,66.45,2
12015,ml_baseline_90deg,2026-07-09 23:36:31.348083+05:30,90.0,24.08,65.92,2
12016,ml_baseline_90deg,2026-07-09 23:36:31.451527+05:30,90.0,24.43,65.57,2
12017,ml_baseline_90deg,2026-07-09 23:36:31.548830+05:30,90.0,24.96,65.04,2
12018,ml_baseline_90deg,2026-07-09 23:36:31.647117+05:30,90.0,25.49,64.51,2
12019,ml_baseline_90deg,2026-07-09 23:36:31.746744+05:30,90.0,25.84,64.16,1
12020,ml_baseline_90deg,2026-07-09 23:36:31.846842+05:30,90.0,26.19,63.81,2
12021,ml_baseline_90deg,2026-07-09 23:36:31.949406+05:30,90.0,26.54,63.46,2
12022,ml_baseline_90deg,2026-07-09 23:36:32.047655+05:30,90.0,27.07,62.93,2
12023,ml_baseline_90deg,2026-07-09 23:36:32.148387+05:30,90.0,27.42,62.58,2
12024,ml_baseline_90deg,2026-07-09 23:36:32.249480+05:30,90.0,27.95,62.05,2
12025,ml_baseline_90deg,2026-07-09 23:36:32.348326+05:30,90.0,28.3,61.7,2
12026,ml_baseline_90deg,2026-07-09 23:36:32.449680+05:30,90.0,28.83,61.17,2
12027,ml_baseline_90deg,2026-07-09 23:36:32.547990+05:30,90.0,29.18,60.82,2
12028,ml_baseline_90deg,2026-07-09 23:36:32.648428+05:30,90.0,29.71,60.29,1
12029,ml_baseline_90deg,2026-07-09 23:36:32.749278+05:30,90.0,29.88,60.12,2
12030,ml_baseline_90deg,2026-07-09 23:36:32.847170+05:30,90.0,30.41,59.59,2
12031,ml_baseline_90deg,2026-07-09 23:36:32.950480+05:30,90.0,30.76,59.24,2
12032,ml_baseline_90deg,2026-07-09 23:36:33.047624+05:30,90.0,31.11,58.89,2
12033,ml_baseline_90deg,2026-07-09 23:36:33.148974+05:30,90.0,31.64,58.36,2
12034,ml_baseline_90deg,2026-07-09 23:36:33.248473+05:30,90.0,31.99,58.01,2
12035,ml_baseline_90deg,2026-07-09 23:36:33.350861+05:30,90.0,32.52,57.48,2
12036,ml_baseline_90deg,2026-07-09 23:36:33.447875+05:30,90.0,32.87,57.13,2
12037,ml_baseline_90deg,2026-07-09 23:36:33.548199+05:30,90.0,33.4,56.6,1
12038,ml_baseline_90deg,2026-07-09 23:36:33.648560+05:30,90.0,33.57,56.43,2
12039,ml_baseline_90deg,2026-07-09 23:36:33.748463+05:30,90.0,34.1,55.9,2
12040,ml_baseline_90deg,2026-07-09 23:36:33.848921+05:30,90.0,34.45,55.55,2
12041,ml_baseline_90deg,2026-07-09 23:36:33.947797+05:30,90.0,34.98,55.02,2
12042,ml_baseline_90deg,2026-07-09 23:36:34.047936+05:30,90.0,35.33,54.67,2
12043,ml_baseline_90deg,2026-07-09 23:36:34.148519+05:30,90.0,35.68,54.32,2
12044,ml_baseline_90deg,2026-07-09 23:36:34.248678+05:30,90.0,36.21,53.79,2
12045,ml_baseline_90deg,2026-07-09 23:36:34.348233+05:30,90.0,36.56,53.44,2
12046,ml_baseline_90deg,2026-07-09 23:36:34.446158+05:30,90.0,37.09,52.91,1
12047,ml_baseline_90deg,2026-07-09 23:36:34.548213+05:30,90.0,37.27,52.73,2
12048,ml_baseline_90deg,2026-07-09 23:36:34.650560+05:30,90.0,37.79,52.21,2
12049,ml_baseline_90deg,2026-07-09 23:36:34.747531+05:30,90.0,38.14,51.86,2
12050,ml_baseline_90deg,2026-07-09 23:36:34.846246+05:30,90.0,38.5,51.5,2
12051,ml_baseline_90deg,2026-07-09 23:36:34.947944+05:30,90.0,39.02,50.98,2
12052,ml_baseline_90deg,2026-07-09 23:36:35.046092+05:30,90.0,39.38,50.63,2
12053,ml_baseline_90deg,2026-07-09 23:36:35.148794+05:30,90.0,39.73,50.27,2
12054,ml_baseline_90deg,2026-07-09 23:36:35.246698+05:30,90.0,40.25,49.75,2
12055,ml_baseline_90deg,2026-07-09 23:36:35.348908+05:30,90.0,40.61,49.39,1
12056,ml_baseline_90deg,2026-07-09 23:36:35.448705+05:30,90.0,40.96,49.04,2
12057,ml_baseline_90deg,2026-07-09 23:36:35.547095+05:30,90.0,41.31,48.69,2
12058,ml_baseline_90deg,2026-07-09 23:36:35.646938+05:30,90.0,41.66,48.34,2
12059,ml_baseline_90deg,2026-07-09 23:36:35.750336+05:30,90.0,42.19,47.81,2
12060,ml_baseline_90deg,2026-07-09 23:36:35.847218+05:30,90.0,42.54,47.46,2
12061,ml_baseline_90deg,2026-07-09 23:36:35.946191+05:30,90.0,43.07,46.93,2
12062,ml_baseline_90deg,2026-07-09 23:36:36.047014+05:30,90.0,43.42,46.58,2
12063,ml_baseline_90deg,2026-07-09 23:36:36.146431+05:30,90.0,43.95,46.05,2
12064,ml_baseline_90deg,2026-07-09 23:36:36.247469+05:30,90.0,44.3,45.7,1
12065,ml_baseline_90deg,2026-07-09 23:36:36.346917+05:30,90.0,44.65,45.35,2
12066,ml_baseline_90deg,2026-07-09 23:36:36.444435+05:30,90.0,45.0,45.0,2
12067,ml_baseline_90deg,2026-07-09 23:36:36.546114+05:30,90.0,45.53,44.47,2
12068,ml_baseline_90deg,2026-07-09 23:36:36.645369+05:30,90.0,45.88,44.12,2
12069,ml_baseline_90deg,2026-07-09 23:36:36.746958+05:30,90.0,46.23,43.77,2
12070,ml_baseline_90deg,2026-07-09 23:36:36.850047+05:30,90.0,46.76,43.24,2
12071,ml_baseline_90deg,2026-07-09 23:36:36.949062+05:30,90.0,47.11,42.89,2
12072,ml_baseline_90deg,2026-07-09 23:36:37.046972+05:30,90.0,47.46,42.54,2
12073,ml_baseline_90deg,2026-07-09 23:36:37.148554+05:30,90.0,47.99,42.01,1
12074,ml_baseline_90deg,2026-07-09 23:36:37.248088+05:30,90.0,48.16,41.84,2
12075,ml_baseline_90deg,2026-07-09 23:36:37.347718+05:30,90.0,48.69,41.31,2
12076,ml_baseline_90deg,2026-07-09 23:36:37.448844+05:30,90.0,49.04,40.96,2
12077,ml_baseline_90deg,2026-07-09 23:36:37.547392+05:30,90.0,49.39,40.61,2
12078,ml_baseline_90deg,2026-07-09 23:36:37.646888+05:30,90.0,49.75,40.25,2
12079,ml_baseline_90deg,2026-07-09 23:36:37.748043+05:30,90.0,50.27,39.73,2
12080,ml_baseline_90deg,2026-07-09 23:36:37.846639+05:30,90.0,50.63,39.38,2
12081,ml_baseline_90deg,2026-07-09 23:36:37.948119+05:30,90.0,51.15,38.85,2
12082,ml_baseline_90deg,2026-07-09 23:36:38.047403+05:30,90.0,51.5,38.5,1
12083,ml_baseline_90deg,2026-07-09 23:36:38.150882+05:30,90.0,51.68,38.32,2
12084,ml_baseline_90deg,2026-07-09 23:36:38.247965+05:30,90.0,52.21,37.79,2
12085,ml_baseline_90deg,2026-07-09 23:36:38.348271+05:30,90.0,52.56,37.44,2
12086,ml_baseline_90deg,2026-07-09 23:36:38.449475+05:30,90.0,53.09,36.91,2
12087,ml_baseline_90deg,2026-07-09 23:36:38.548546+05:30,90.0,53.44,36.56,2
12088,ml_baseline_90deg,2026-07-09 23:36:38.647820+05:30,90.0,53.79,36.21,2
12089,ml_baseline_90deg,2026-07-09 23:36:38.748678+05:30,90.0,54.32,35.68,2
12090,ml_baseline_90deg,2026-07-09 23:36:38.846959+05:30,90.0,54.67,35.33,2
12091,ml_baseline_90deg,2026-07-09 23:36:38.947936+05:30,90.0,55.02,34.98,1
12092,ml_baseline_90deg,2026-07-09 23:36:39.048218+05:30,90.0,55.37,34.63,2
12093,ml_baseline_90deg,2026-07-09 23:36:39.147315+05:30,90.0,55.72,34.28,2
12094,ml_baseline_90deg,2026-07-09 23:36:39.244696+05:30,90.0,56.07,33.93,2
12095,ml_baseline_90deg,2026-07-09 23:36:39.346669+05:30,90.0,56.6,33.4,2
12096,ml_baseline_90deg,2026-07-09 23:36:39.447411+05:30,90.0,56.95,33.05,2
12097,ml_baseline_90deg,2026-07-09 23:36:39.546506+05:30,90.0,57.3,32.7,2
12098,ml_baseline_90deg,2026-07-09 23:36:39.648233+05:30,90.0,57.83,32.17,2
12099,ml_baseline_90deg,2026-07-09 23:36:39.748367+05:30,90.0,58.18,31.82,2
12100,ml_baseline_90deg,2026-07-09 23:36:39.847162+05:30,90.0,58.54,31.46,1
12101,ml_baseline_90deg,2026-07-09 23:36:39.949710+05:30,90.0,58.89,31.11,2
12102,ml_baseline_90deg,2026-07-09 23:36:40.048983+05:30,90.0,59.24,30.76,2
12103,ml_baseline_90deg,2026-07-09 23:36:40.149382+05:30,90.0,59.59,30.41,2
12104,ml_baseline_90deg,2026-07-09 23:36:40.249281+05:30,90.0,60.12,29.88,2
12105,ml_baseline_90deg,2026-07-09 23:36:40.349499+05:30,90.0,60.47,29.53,2
12106,ml_baseline_90deg,2026-07-09 23:36:40.450266+05:30,90.0,60.82,29.18,2
12107,ml_baseline_90deg,2026-07-09 23:36:40.547726+05:30,90.0,61.35,28.65,2
12108,ml_baseline_90deg,2026-07-09 23:36:40.648097+05:30,90.0,61.7,28.3,2
12109,ml_baseline_90deg,2026-07-09 23:36:40.748420+05:30,90.0,62.05,27.95,1
12110,ml_baseline_90deg,2026-07-09 23:36:40.849523+05:30,90.0,62.4,27.6,2
12111,ml_baseline_90deg,2026-07-09 23:36:40.945349+05:30,90.0,62.75,27.25,2
12112,ml_baseline_90deg,2026-07-09 23:36:41.047025+05:30,90.0,63.11,26.89,2
12113,ml_baseline_90deg,2026-07-09 23:36:41.148060+05:30,90.0,63.63,26.37,2
12114,ml_baseline_90deg,2026-07-09 23:36:41.247164+05:30,90.0,63.98,26.02,2
12115,ml_baseline_90deg,2026-07-09 23:36:41.346590+05:30,90.0,64.34,25.66,2
12116,ml_baseline_90deg,2026-07-09 23:36:41.449217+05:30,90.0,64.86,25.14,2
12117,ml_baseline_90deg,2026-07-09 23:36:41.548169+05:30,90.0,65.21,24.79,2
12118,ml_baseline_90deg,2026-07-09 23:36:41.647173+05:30,90.0,65.57,24.43,1
12119,ml_baseline_90deg,2026-07-09 23:36:41.749320+05:30,90.0,65.92,24.08,2
12120,ml_baseline_90deg,2026-07-09 23:36:41.846918+05:30,90.0,66.27,23.73,2
12121,ml_baseline_90deg,2026-07-09 23:36:41.947752+05:30,90.0,66.8,23.2,2
12122,ml_baseline_90deg,2026-07-09 23:36:42.046240+05:30,90.0,67.15,22.85,2
12123,ml_baseline_90deg,2026-07-09 23:36:42.146422+05:30,90.0,67.5,22.5,2
12124,ml_baseline_90deg,2026-07-09 23:36:42.247500+05:30,90.0,68.03,21.97,2
12125,ml_baseline_90deg,2026-07-09 23:36:42.347769+05:30,90.0,68.38,21.62,2
12126,ml_baseline_90deg,2026-07-09 23:36:42.448872+05:30,90.0,68.91,21.09,2
12127,ml_baseline_90deg,2026-07-09 23:36:42.548114+05:30,90.0,69.26,20.74,1
12128,ml_baseline_90deg,2026-07-09 23:36:42.652496+05:30,90.0,69.61,20.39,2
12129,ml_baseline_90deg,2026-07-09 23:36:42.749048+05:30,90.0,69.96,20.04,2
12130,ml_baseline_90deg,2026-07-09 23:36:42.846144+05:30,90.0,70.49,19.51,2
12131,ml_baseline_90deg,2026-07-09 23:36:42.946337+05:30,90.0,70.84,19.16,2
12132,ml_baseline_90deg,2026-07-09 23:36:43.047663+05:30,90.0,71.37,18.63,2
12133,ml_baseline_90deg,2026-07-09 23:36:43.144925+05:30,90.0,71.72,18.28,2
12134,ml_baseline_90deg,2026-07-09 23:36:43.250235+05:30,90.0,72.25,17.75,2
12135,ml_baseline_90deg,2026-07-09 23:36:43.348990+05:30,90.0,72.6,17.4,2
12136,ml_baseline_90deg,2026-07-09 23:36:43.448294+05:30,90.0,73.12,16.87,1
12137,ml_baseline_90deg,2026-07-09 23:36:43.546707+05:30,90.0,73.3,16.7,2
12138,ml_baseline_90deg,2026-07-09 23:36:43.651286+05:30,90.0,73.83,16.17,2
12139,ml_baseline_90deg,2026-07-09 23:36:43.748246+05:30,90.0,74.36,15.64,2
12140,ml_baseline_90deg,2026-07-09 23:36:43.849065+05:30,90.0,74.71,15.29,2
12141,ml_baseline_90deg,2026-07-09 23:36:43.948514+05:30,90.0,75.23,14.77,2
12142,ml_baseline_90deg,2026-07-09 23:36:44.047861+05:30,90.0,75.59,14.41,2
12143,ml_baseline_90deg,2026-07-09 23:36:44.147912+05:30,90.0,76.11,13.89,2
12144,ml_baseline_90deg,2026-07-09 23:36:44.245424+05:30,90.0,76.46,13.54,2
12145,ml_baseline_90deg,2026-07-09 23:36:44.347771+05:30,90.0,76.99,13.01,1
12146,ml_baseline_90deg,2026-07-09 23:36:44.451225+05:30,90.0,77.17,12.83,2
12147,ml_baseline_90deg,2026-07-09 23:36:44.548690+05:30,90.0,77.87,12.13,2
12148,ml_baseline_90deg,2026-07-09 23:36:44.650506+05:30,90.0,78.57,11.43,2
12149,ml_baseline_90deg,2026-07-09 23:36:44.748866+05:30,90.0,78.93,11.07,2
12150,ml_baseline_90deg,2026-07-09 23:36:44.846805+05:30,90.0,79.45,10.55,2
12151,ml_baseline_90deg,2026-07-09 23:36:44.951190+05:30,90.0,79.98,10.02,2
12152,ml_baseline_90deg,2026-07-09 23:36:45.046675+05:30,90.0,80.33,9.67,2
12153,ml_baseline_90deg,2026-07-09 23:36:45.148638+05:30,90.0,80.68,9.32,2
12154,ml_baseline_90deg,2026-07-09 23:36:45.245897+05:30,90.0,81.21,8.79,1
12155,ml_baseline_90deg,2026-07-09 23:36:45.346468+05:30,90.0,81.39,8.61,2
12156,ml_baseline_90deg,2026-07-09 23:36:45.446199+05:30,90.0,81.91,8.09,2
12157,ml_baseline_90deg,2026-07-09 23:36:45.546724+05:30,90.0,82.44,7.56,2
12158,ml_baseline_90deg,2026-07-09 23:36:45.645988+05:30,90.0,82.79,7.21,2
12159,ml_baseline_90deg,2026-07-09 23:36:45.746098+05:30,90.0,83.32,6.68,2
12160,ml_baseline_90deg,2026-07-09 23:36:45.847132+05:30,90.0,83.67,6.33,2
12161,ml_baseline_90deg,2026-07-09 23:36:45.946820+05:30,90.0,83.85,6.15,2
12162,ml_baseline_90deg,2026-07-09 23:36:46.047840+05:30,0.0,84.02,-84.02,2
12163,ml_baseline_90deg,2026-07-09 23:36:46.147376+05:30,0.0,84.02,-84.02,2
12164,ml_baseline_90deg,2026-07-09 23:36:46.247101+05:30,0.0,84.02,-84.02,2
12165,ml_baseline_90deg,2026-07-09 23:36:46.347539+05:30,0.0,84.02,-84.02,2
12166,ml_baseline_90deg,2026-07-09 23:36:46.445507+05:30,0.0,84.02,-84.02,2
12167,ml_baseline_90deg,2026-07-09 23:36:46.547811+05:30,0.0,84.02,-84.02,2
12168,ml_baseline_90deg,2026-07-09 23:36:46.647664+05:30,0.0,84.02,-84.02,2
12169,ml_baseline_90deg,2026-07-09 23:36:46.749144+05:30,0.0,84.02,-84.02,2
12170,ml_baseline_90deg,2026-07-09 23:36:46.848064+05:30,0.0,84.02,-84.02,1
12171,ml_baseline_90deg,2026-07-09 23:36:46.949153+05:30,0.0,84.02,-84.02,2
12172,ml_baseline_90deg,2026-07-09 23:36:47.048815+05:30,0.0,83.85,-83.85,2
12173,ml_baseline_90deg,2026-07-09 23:36:47.150423+05:30,0.0,83.67,-83.67,2
12174,ml_baseline_90deg,2026-07-09 23:36:47.246864+05:30,0.0,83.5,-83.5,2
12175,ml_baseline_90deg,2026-07-09 23:36:47.348498+05:30,0.0,83.32,-83.32,2
12176,ml_baseline_90deg,2026-07-09 23:36:47.448458+05:30,0.0,83.14,-83.14,2
12177,ml_baseline_90deg,2026-07-09 23:36:47.546655+05:30,0.0,82.62,-82.62,2
12178,ml_baseline_90deg,2026-07-09 23:36:47.650737+05:30,0.0,82.27,-82.27,2
12179,ml_baseline_90deg,2026-07-09 23:36:47.747438+05:30,0.0,81.74,-81.74,1
12180,ml_baseline_90deg,2026-07-09 23:36:47.845774+05:30,0.0,81.39,-81.39,2
12181,ml_baseline_90deg,2026-07-09 23:36:47.946951+05:30,0.0,81.04,-81.04,2
12182,ml_baseline_90deg,2026-07-09 23:36:48.050531+05:30,0.0,80.51,-80.51,2
12183,ml_baseline_90deg,2026-07-09 23:36:48.146760+05:30,0.0,80.16,-80.16,2
12184,ml_baseline_90deg,2026-07-09 23:36:48.248261+05:30,0.0,79.63,-79.63,2
12185,ml_baseline_90deg,2026-07-09 23:36:48.348295+05:30,0.0,79.1,-79.1,2
12186,ml_baseline_90deg,2026-07-09 23:36:48.447001+05:30,0.0,78.57,-78.57,2
12187,ml_baseline_90deg,2026-07-09 23:36:48.550657+05:30,0.0,78.05,-78.05,2
12188,ml_baseline_90deg,2026-07-09 23:36:48.648204+05:30,0.0,77.52,-77.52,1
12189,ml_baseline_90deg,2026-07-09 23:36:48.748444+05:30,0.0,77.17,-77.17,2
12190,ml_baseline_90deg,2026-07-09 23:36:48.846561+05:30,0.0,76.64,-76.64,2
12191,ml_baseline_90deg,2026-07-09 23:36:48.948964+05:30,0.0,76.29,-76.29,2
12192,ml_baseline_90deg,2026-07-09 23:36:49.046491+05:30,0.0,75.76,-75.76,2
12193,ml_baseline_90deg,2026-07-09 23:36:49.147477+05:30,0.0,75.23,-75.23,2
12194,ml_baseline_90deg,2026-07-09 23:36:49.248996+05:30,0.0,74.71,-74.71,2
12195,ml_baseline_90deg,2026-07-09 23:36:49.350257+05:30,0.0,74.36,-74.36,2
12196,ml_baseline_90deg,2026-07-09 23:36:49.448103+05:30,0.0,73.83,-73.83,2
12197,ml_baseline_90deg,2026-07-09 23:36:49.548454+05:30,0.0,73.3,-73.3,1
12198,ml_baseline_90deg,2026-07-09 23:36:49.647809+05:30,0.0,72.95,-72.95,2
12199,ml_baseline_90deg,2026-07-09 23:36:49.749172+05:30,0.0,72.42,-72.42,2
12200,ml_baseline_90deg,2026-07-09 23:36:49.847414+05:30,0.0,72.07,-72.07,2
12201,ml_baseline_90deg,2026-07-09 23:36:49.945984+05:30,0.0,71.54,-71.54,2
12202,ml_baseline_90deg,2026-07-09 23:36:50.044621+05:30,0.0,71.02,-71.02,2
12203,ml_baseline_90deg,2026-07-09 23:36:50.149386+05:30,0.0,70.66,-70.66,2
12204,ml_baseline_90deg,2026-07-09 23:36:50.247870+05:30,0.0,70.14,-70.14,2
12205,ml_baseline_90deg,2026-07-09 23:36:50.352156+05:30,0.0,69.61,-69.61,2
12206,ml_baseline_90deg,2026-07-09 23:36:50.448860+05:30,0.0,69.26,-69.26,1
12207,ml_baseline_90deg,2026-07-09 23:36:50.547075+05:30,0.0,68.73,-68.73,2
12208,ml_baseline_90deg,2026-07-09 23:36:50.649935+05:30,0.0,68.38,-68.38,2
12209,ml_baseline_90deg,2026-07-09 23:36:50.746412+05:30,0.0,67.85,-67.85,2
12210,ml_baseline_90deg,2026-07-09 23:36:50.849850+05:30,0.0,67.5,-67.5,2
12211,ml_baseline_90deg,2026-07-09 23:36:50.945629+05:30,0.0,66.97,-66.97,2
12212,ml_baseline_90deg,2026-07-09 23:36:51.046316+05:30,0.0,66.45,-66.45,2
12213,ml_baseline_90deg,2026-07-09 23:36:51.147331+05:30,0.0,66.09,-66.09,2
12214,ml_baseline_90deg,2026-07-09 23:36:51.248113+05:30,0.0,65.57,-65.57,2
12215,ml_baseline_90deg,2026-07-09 23:36:51.347846+05:30,0.0,65.04,-65.04,1
12216,ml_baseline_90deg,2026-07-09 23:36:51.449243+05:30,0.0,64.69,-64.69,2
12217,ml_baseline_90deg,2026-07-09 23:36:51.547715+05:30,0.0,64.34,-64.34,2
12218,ml_baseline_90deg,2026-07-09 23:36:51.646725+05:30,0.0,63.81,-63.81,2
12219,ml_baseline_90deg,2026-07-09 23:36:51.749206+05:30,0.0,63.46,-63.46,2
12220,ml_baseline_90deg,2026-07-09 23:36:51.846941+05:30,0.0,62.93,-62.93,2
12221,ml_baseline_90deg,2026-07-09 23:36:51.948352+05:30,0.0,62.4,-62.4,2
12222,ml_baseline_90deg,2026-07-09 23:36:52.044538+05:30,0.0,61.88,-61.88,2
12223,ml_baseline_90deg,2026-07-09 23:36:52.149245+05:30,0.0,61.52,-61.52,2
12224,ml_baseline_90deg,2026-07-09 23:36:52.250316+05:30,0.0,61.0,-61.0,1
12225,ml_baseline_90deg,2026-07-09 23:36:52.347629+05:30,0.0,60.64,-60.64,2
12226,ml_baseline_90deg,2026-07-09 23:36:52.449572+05:30,0.0,60.12,-60.12,2
12227,ml_baseline_90deg,2026-07-09 23:36:52.547172+05:30,0.0,59.77,-59.77,2
12228,ml_baseline_90deg,2026-07-09 23:36:52.647879+05:30,0.0,59.24,-59.24,2
12229,ml_baseline_90deg,2026-07-09 23:36:52.747031+05:30,0.0,58.89,-58.89,2
12230,ml_baseline_90deg,2026-07-09 23:36:52.847546+05:30,0.0,58.36,-58.36,2
12231,ml_baseline_90deg,2026-07-09 23:36:52.947468+05:30,0.0,58.01,-58.01,2
12232,ml_baseline_90deg,2026-07-09 23:36:53.046595+05:30,0.0,57.48,-57.48,2
12233,ml_baseline_90deg,2026-07-09 23:36:53.151997+05:30,0.0,56.95,-56.95,1
12234,ml_baseline_90deg,2026-07-09 23:36:53.246047+05:30,0.0,56.6,-56.6,2
12235,ml_baseline_90deg,2026-07-09 23:36:53.349091+05:30,0.0,56.25,-56.25,2
12236,ml_baseline_90deg,2026-07-09 23:36:53.449953+05:30,0.0,55.72,-55.72,2
12237,ml_baseline_90deg,2026-07-09 23:36:53.548544+05:30,0.0,55.37,-55.37,2
12238,ml_baseline_90deg,2026-07-09 23:36:53.644992+05:30,0.0,54.84,-54.84,2
12239,ml_baseline_90deg,2026-07-09 23:36:53.746189+05:30,0.0,54.32,-54.32,2
12240,ml_baseline_90deg,2026-07-09 23:36:53.846505+05:30,0.0,53.79,-53.79,2
12241,ml_baseline_90deg,2026-07-09 23:36:53.947936+05:30,0.0,53.26,-53.26,2
12242,ml_baseline_90deg,2026-07-09 23:36:54.046432+05:30,0.0,52.91,-52.91,1
12243,ml_baseline_90deg,2026-07-09 23:36:54.148669+05:30,0.0,52.56,-52.56,2
12244,ml_baseline_90deg,2026-07-09 23:36:54.249340+05:30,0.0,52.03,-52.03,2
12245,ml_baseline_90deg,2026-07-09 23:36:54.349424+05:30,0.0,51.68,-51.68,2
12246,ml_baseline_90deg,2026-07-09 23:36:54.447527+05:30,0.0,51.15,-51.15,2
12247,ml_baseline_90deg,2026-07-09 23:36:54.547806+05:30,0.0,50.63,-50.63,2
12248,ml_baseline_90deg,2026-07-09 23:36:54.649299+05:30,0.0,50.27,-50.27,2
12249,ml_baseline_90deg,2026-07-09 23:36:54.751034+05:30,0.0,49.75,-49.75,2
12250,ml_baseline_90deg,2026-07-09 23:36:54.853566+05:30,0.0,49.22,-49.22,2
12251,ml_baseline_90deg,2026-07-09 23:36:54.946944+05:30,0.0,48.87,-48.87,1
12252,ml_baseline_90deg,2026-07-09 23:36:55.046892+05:30,0.0,48.52,-48.52,2
12253,ml_baseline_90deg,2026-07-09 23:36:55.148857+05:30,0.0,47.99,-47.99,2
12254,ml_baseline_90deg,2026-07-09 23:36:55.245815+05:30,0.0,47.46,-47.46,2
12255,ml_baseline_90deg,2026-07-09 23:36:55.347323+05:30,0.0,47.11,-47.11,2
12256,ml_baseline_90deg,2026-07-09 23:36:55.446619+05:30,0.0,46.58,-46.58,2
12257,ml_baseline_90deg,2026-07-09 23:36:55.546542+05:30,0.0,46.23,-46.23,2
12258,ml_baseline_90deg,2026-07-09 23:36:55.646713+05:30,0.0,45.7,-45.7,2
12259,ml_baseline_90deg,2026-07-09 23:36:55.748272+05:30,0.0,45.18,-45.18,2
12260,ml_baseline_90deg,2026-07-09 23:36:55.848075+05:30,0.0,44.65,-44.65,1
12261,ml_baseline_90deg,2026-07-09 23:36:55.949674+05:30,0.0,44.3,-44.3,2
12262,ml_baseline_90deg,2026-07-09 23:36:56.046805+05:30,0.0,43.77,-43.77,2
12263,ml_baseline_90deg,2026-07-09 23:36:56.149793+05:30,0.0,43.42,-43.42,2
12264,ml_baseline_90deg,2026-07-09 23:36:56.247500+05:30,0.0,42.89,-42.89,2
12265,ml_baseline_90deg,2026-07-09 23:36:56.348458+05:30,0.0,42.54,-42.54,2
12266,ml_baseline_90deg,2026-07-09 23:36:56.446809+05:30,0.0,42.01,-42.01,2
12267,ml_baseline_90deg,2026-07-09 23:36:56.546731+05:30,0.0,41.48,-41.48,2
12268,ml_baseline_90deg,2026-07-09 23:36:56.645938+05:30,0.0,40.96,-40.96,2
12269,ml_baseline_90deg,2026-07-09 23:36:56.747082+05:30,0.0,40.61,-40.61,1
12270,ml_baseline_90deg,2026-07-09 23:36:56.846926+05:30,0.0,40.08,-40.08,2
12271,ml_baseline_90deg,2026-07-09 23:36:56.946467+05:30,0.0,39.73,-39.73,2
12272,ml_baseline_90deg,2026-07-09 23:36:57.046270+05:30,0.0,39.2,-39.2,2
12273,ml_baseline_90deg,2026-07-09 23:36:57.146538+05:30,0.0,38.85,-38.85,2
12274,ml_baseline_90deg,2026-07-09 23:36:57.245904+05:30,0.0,38.32,-38.32,2
12275,ml_baseline_90deg,2026-07-09 23:36:57.345697+05:30,0.0,37.97,-37.97,2
12276,ml_baseline_90deg,2026-07-09 23:36:57.446513+05:30,0.0,37.44,-37.44,2
12277,ml_baseline_90deg,2026-07-09 23:36:57.546024+05:30,0.0,37.09,-37.09,2
12278,ml_baseline_90deg,2026-07-09 23:36:57.645992+05:30,0.0,36.74,-36.74,1
12279,ml_baseline_90deg,2026-07-09 23:36:57.745648+05:30,0.0,36.39,-36.39,2
12280,ml_baseline_90deg,2026-07-09 23:36:57.847184+05:30,0.0,35.86,-35.86,2
12281,ml_baseline_90deg,2026-07-09 23:36:57.949264+05:30,0.0,35.51,-35.51,2
12282,ml_baseline_90deg,2026-07-09 23:36:58.045195+05:30,0.0,34.98,-34.98,2
12283,ml_baseline_90deg,2026-07-09 23:36:58.146867+05:30,0.0,34.63,-34.63,2
12284,ml_baseline_90deg,2026-07-09 23:36:58.248011+05:30,0.0,34.28,-34.28,2
12285,ml_baseline_90deg,2026-07-09 23:36:58.346917+05:30,0.0,33.75,-33.75,2
12286,ml_baseline_90deg,2026-07-09 23:36:58.446818+05:30,0.0,33.22,-33.22,2
12287,ml_baseline_90deg,2026-07-09 23:36:58.546586+05:30,0.0,32.87,-32.87,1
12288,ml_baseline_90deg,2026-07-09 23:36:58.646653+05:30,0.0,32.52,-32.52,2
12289,ml_baseline_90deg,2026-07-09 23:36:58.746173+05:30,0.0,31.99,-31.99,2
12290,ml_baseline_90deg,2026-07-09 23:36:58.846660+05:30,0.0,31.46,-31.46,2
12291,ml_baseline_90deg,2026-07-09 23:36:58.946869+05:30,0.0,31.11,-31.11,2
12292,ml_baseline_90deg,2026-07-09 23:36:59.046243+05:30,0.0,30.76,-30.76,2
12293,ml_baseline_90deg,2026-07-09 23:36:59.145836+05:30,0.0,30.23,-30.23,2
12294,ml_baseline_90deg,2026-07-09 23:36:59.245535+05:30,0.0,29.71,-29.71,2
12295,ml_baseline_90deg,2026-07-09 23:36:59.346843+05:30,0.0,29.36,-29.36,2
12296,ml_baseline_90deg,2026-07-09 23:36:59.447002+05:30,0.0,28.83,-28.83,1
12297,ml_baseline_90deg,2026-07-09 23:36:59.546141+05:30,0.0,28.65,-28.65,2
12298,ml_baseline_90deg,2026-07-09 23:36:59.647757+05:30,0.0,28.3,-28.3,2
12299,ml_baseline_90deg,2026-07-09 23:36:59.745853+05:30,0.0,27.77,-27.77,2
12300,ml_baseline_90deg,2026-07-09 23:36:59.846447+05:30,0.0,27.42,-27.42,2
12301,ml_baseline_90deg,2026-07-09 23:36:59.948320+05:30,0.0,26.89,-26.89,2
12302,ml_baseline_90deg,2026-07-09 23:37:00.045140+05:30,0.0,26.54,-26.54,2
12303,ml_baseline_90deg,2026-07-09 23:37:00.145575+05:30,0.0,25.84,-25.84,2
12304,ml_baseline_90deg,2026-07-09 23:37:00.247618+05:30,0.0,25.14,-25.14,2
12305,ml_baseline_90deg,2026-07-09 23:37:00.347002+05:30,0.0,24.96,-24.96,1
12306,ml_baseline_90deg,2026-07-09 23:37:00.446694+05:30,0.0,24.61,-24.61,2
12307,ml_baseline_90deg,2026-07-09 23:37:00.546532+05:30,0.0,24.26,-24.26,2
12308,ml_baseline_90deg,2026-07-09 23:37:00.645926+05:30,0.0,23.91,-23.91,2
12309,ml_baseline_90deg,2026-07-09 23:37:00.747276+05:30,0.0,23.38,-23.38,2
12310,ml_baseline_90deg,2026-07-09 23:37:00.845276+05:30,0.0,22.85,-22.85,2
12311,ml_baseline_90deg,2026-07-09 23:37:00.945415+05:30,0.0,22.32,-22.32,2
12312,ml_baseline_90deg,2026-07-09 23:37:01.047021+05:30,0.0,21.97,-21.97,2
12313,ml_baseline_90deg,2026-07-09 23:37:01.145758+05:30,0.0,21.45,-21.45,2
12314,ml_baseline_90deg,2026-07-09 23:37:01.247004+05:30,0.0,20.74,-20.74,1
12315,ml_baseline_90deg,2026-07-09 23:37:01.346657+05:30,0.0,20.39,-20.39,2
12316,ml_baseline_90deg,2026-07-09 23:37:01.446703+05:30,0.0,19.86,-19.86,2
12317,ml_baseline_90deg,2026-07-09 23:37:01.545979+05:30,0.0,19.51,-19.51,2
12318,ml_baseline_90deg,2026-07-09 23:37:01.647087+05:30,0.0,18.98,-18.98,2
12319,ml_baseline_90deg,2026-07-09 23:37:01.745571+05:30,0.0,18.46,-18.46,2
12320,ml_baseline_90deg,2026-07-09 23:37:01.846778+05:30,0.0,17.93,-17.93,2
12321,ml_baseline_90deg,2026-07-09 23:37:01.946163+05:30,0.0,17.58,-17.58,2
12322,ml_baseline_90deg,2026-07-09 23:37:02.045934+05:30,0.0,17.05,-17.05,2
12323,ml_baseline_90deg,2026-07-09 23:37:02.145027+05:30,0.0,16.52,-16.52,1
12324,ml_baseline_90deg,2026-07-09 23:37:02.246366+05:30,0.0,16.17,-16.17,2
12325,ml_baseline_90deg,2026-07-09 23:37:02.345691+05:30,0.0,15.64,-15.64,2
12326,ml_baseline_90deg,2026-07-09 23:37:02.447570+05:30,0.0,15.12,-15.12,2
12327,ml_baseline_90deg,2026-07-09 23:37:02.545322+05:30,0.0,14.59,-14.59,2
12328,ml_baseline_90deg,2026-07-09 23:37:02.644755+05:30,0.0,14.06,-14.06,2
12329,ml_baseline_90deg,2026-07-09 23:37:02.745717+05:30,0.0,13.54,-13.54,2
12330,ml_baseline_90deg,2026-07-09 23:37:02.844993+05:30,0.0,13.01,-13.01,2
12331,ml_baseline_90deg,2026-07-09 23:37:02.948157+05:30,0.0,12.3,-12.3,2
12332,ml_baseline_90deg,2026-07-09 23:37:03.046263+05:30,0.0,11.95,-11.95,1
12333,ml_baseline_90deg,2026-07-09 23:37:03.145919+05:30,0.0,11.43,-11.43,2
12334,ml_baseline_90deg,2026-07-09 23:37:03.245465+05:30,0.0,11.07,-11.07,2
12335,ml_baseline_90deg,2026-07-09 23:37:03.346237+05:30,0.0,10.37,-10.37,2
12336,ml_baseline_90deg,2026-07-09 23:37:03.447061+05:30,0.0,9.84,-9.84,2
12337,ml_baseline_90deg,2026-07-09 23:37:03.547459+05:30,0.0,9.32,-9.32,2
12338,ml_baseline_90deg,2026-07-09 23:37:03.647907+05:30,0.0,8.79,-8.79,2
12339,ml_baseline_90deg,2026-07-09 23:37:03.745910+05:30,0.0,8.26,-8.26,2
12340,ml_baseline_90deg,2026-07-09 23:37:03.845668+05:30,0.0,7.56,-7.56,2
12341,ml_baseline_90deg,2026-07-09 23:37:03.947471+05:30,0.0,7.03,-7.03,1
12342,ml_baseline_90deg,2026-07-09 23:37:04.046314+05:30,0.0,6.5,-6.5,2
12343,ml_baseline_90deg,2026-07-09 23:37:04.148080+05:30,0.0,5.98,-5.98,2
12344,ml_baseline_90deg,2026-07-09 23:37:04.246136+05:30,0.0,5.45,-5.45,2
12345,ml_baseline_90deg,2026-07-09 23:37:04.349058+05:30,0.0,4.92,-4.92,1
12346,ml_baseline_90deg,2026-07-09 23:37:04.447667+05:30,0.0,4.57,-4.57,2
12347,ml_baseline_90deg,2026-07-09 23:37:04.547874+05:30,0.0,4.04,-4.04,1
12348,ml_baseline_90deg,2026-07-09 23:37:04.649996+05:30,0.0,3.69,-3.69,1
12349,ml_baseline_90deg,2026-07-09 23:37:04.750616+05:30,0.0,3.52,-3.52,1
12350,ml_baseline_90deg,2026-07-09 23:37:04.846325+05:30,0.0,3.52,-3.52,1
12351,ml_baseline_90deg,2026-07-09 23:37:04.946177+05:30,0.0,3.52,-3.52,2
12352,ml_baseline_90deg,2026-07-09 23:37:05.047354+05:30,0.0,3.34,-3.34,1
12353,ml_baseline_90deg,2026-07-09 23:37:05.149687+05:30,0.0,3.34,-3.34,1
12354,ml_baseline_90deg,2026-07-09 23:37:05.249551+05:30,0.0,3.34,-3.34,1
12355,ml_baseline_90deg,2026-07-09 23:37:05.350316+05:30,0.0,3.34,-3.34,1
12356,ml_baseline_90deg,2026-07-09 23:37:05.449495+05:30,0.0,3.16,-3.16,2
12357,ml_baseline_90deg,2026-07-09 23:37:05.546372+05:30,90.0,3.16,86.84,2
12358,ml_baseline_90deg,2026-07-09 23:37:05.648679+05:30,90.0,3.16,86.84,2
12359,ml_baseline_90deg,2026-07-09 23:37:05.747519+05:30,90.0,3.16,86.84,2
12360,ml_baseline_90deg,2026-07-09 23:37:05.846530+05:30,90.0,3.16,86.84,2
12361,ml_baseline_90deg,2026-07-09 23:37:05.948775+05:30,90.0,3.16,86.84,2
12362,ml_baseline_90deg,2026-07-09 23:37:06.047050+05:30,90.0,3.16,86.84,2
12363,ml_baseline_90deg,2026-07-09 23:37:06.147589+05:30,90.0,3.16,86.84,2
12364,ml_baseline_90deg,2026-07-09 23:37:06.247659+05:30,90.0,3.16,86.84,2
12365,ml_baseline_90deg,2026-07-09 23:37:06.352087+05:30,90.0,3.34,86.66,1
12366,ml_baseline_90deg,2026-07-09 23:37:06.445702+05:30,90.0,3.34,86.66,2
12367,ml_baseline_90deg,2026-07-09 23:37:06.553705+05:30,90.0,3.52,86.48,2
12368,ml_baseline_90deg,2026-07-09 23:37:06.648706+05:30,90.0,3.69,86.31,2
12369,ml_baseline_90deg,2026-07-09 23:37:06.747139+05:30,90.0,3.87,86.13,2
12370,ml_baseline_90deg,2026-07-09 23:37:06.845087+05:30,90.0,4.22,85.78,2
12371,ml_baseline_90deg,2026-07-09 23:37:06.948300+05:30,90.0,4.57,85.43,2
12372,ml_baseline_90deg,2026-07-09 23:37:07.048160+05:30,90.0,5.1,84.9,2
12373,ml_baseline_90deg,2026-07-09 23:37:07.146779+05:30,90.0,5.45,84.55,2
12374,ml_baseline_90deg,2026-07-09 23:37:07.249297+05:30,90.0,5.98,84.02,1
12375,ml_baseline_90deg,2026-07-09 23:37:07.347314+05:30,90.0,6.33,83.67,2
12376,ml_baseline_90deg,2026-07-09 23:37:07.448389+05:30,90.0,6.68,83.32,2
12377,ml_baseline_90deg,2026-07-09 23:37:07.549172+05:30,90.0,7.21,82.79,2
12378,ml_baseline_90deg,2026-07-09 23:37:07.646475+05:30,90.0,7.73,82.27,2
12379,ml_baseline_90deg,2026-07-09 23:37:07.748083+05:30,90.0,8.26,81.74,2
12380,ml_baseline_90deg,2026-07-09 23:37:07.846895+05:30,90.0,8.61,81.39,2
12381,ml_baseline_90deg,2026-07-09 23:37:07.947633+05:30,90.0,9.14,80.86,2
12382,ml_baseline_90deg,2026-07-09 23:37:08.045706+05:30,90.0,9.67,80.33,2
12383,ml_baseline_90deg,2026-07-09 23:37:08.145486+05:30,90.0,10.2,79.8,1
12384,ml_baseline_90deg,2026-07-09 23:37:08.248266+05:30,90.0,10.37,79.63,2
12385,ml_baseline_90deg,2026-07-09 23:37:08.347983+05:30,90.0,10.9,79.1,2
12386,ml_baseline_90deg,2026-07-09 23:37:08.448411+05:30,90.0,11.25,78.75,2
12387,ml_baseline_90deg,2026-07-09 23:37:08.550141+05:30,90.0,11.78,78.22,2
12388,ml_baseline_90deg,2026-07-09 23:37:08.649302+05:30,90.0,12.3,77.7,2
12389,ml_baseline_90deg,2026-07-09 23:37:08.746854+05:30,90.0,12.66,77.34,2
12390,ml_baseline_90deg,2026-07-09 23:37:08.846216+05:30,90.0,13.18,76.82,2
12391,ml_baseline_90deg,2026-07-09 23:37:08.946304+05:30,90.0,13.54,76.46,2
12392,ml_baseline_90deg,2026-07-09 23:37:09.047557+05:30,90.0,14.06,75.94,1
12393,ml_baseline_90deg,2026-07-09 23:37:09.147783+05:30,90.0,14.24,75.76,2
12394,ml_baseline_90deg,2026-07-09 23:37:09.248110+05:30,90.0,14.77,75.23,2
12395,ml_baseline_90deg,2026-07-09 23:37:09.349589+05:30,90.0,15.12,74.88,2
12396,ml_baseline_90deg,2026-07-09 23:37:09.449470+05:30,90.0,15.64,74.36,2
12397,ml_baseline_90deg,2026-07-09 23:37:09.547245+05:30,90.0,16.0,74.0,2
12398,ml_baseline_90deg,2026-07-09 23:37:09.650633+05:30,90.0,16.52,73.48,2
12399,ml_baseline_90deg,2026-07-09 23:37:09.748148+05:30,90.0,16.87,73.12,2
12400,ml_baseline_90deg,2026-07-09 23:37:09.847186+05:30,90.0,17.4,72.6,2
12401,ml_baseline_90deg,2026-07-09 23:37:09.949375+05:30,90.0,17.75,72.25,1
12402,ml_baseline_90deg,2026-07-09 23:37:10.047116+05:30,90.0,18.11,71.89,2
12403,ml_baseline_90deg,2026-07-09 23:37:10.145814+05:30,90.0,18.63,71.37,2
12404,ml_baseline_90deg,2026-07-09 23:37:10.249152+05:30,90.0,18.98,71.02,2
12405,ml_baseline_90deg,2026-07-09 23:37:10.347987+05:30,90.0,19.51,70.49,2
12406,ml_baseline_90deg,2026-07-09 23:37:10.446975+05:30,90.0,20.04,69.96,2
12407,ml_baseline_90deg,2026-07-09 23:37:10.547502+05:30,90.0,20.39,69.61,2
12408,ml_baseline_90deg,2026-07-09 23:37:10.648166+05:30,90.0,20.92,69.08,2
12409,ml_baseline_90deg,2026-07-09 23:37:10.747770+05:30,90.0,21.45,68.55,2
12410,ml_baseline_90deg,2026-07-09 23:37:10.847948+05:30,90.0,21.8,68.2,1
12411,ml_baseline_90deg,2026-07-09 23:37:10.949955+05:30,90.0,21.97,68.03,2
12412,ml_baseline_90deg,2026-07-09 23:37:11.045763+05:30,90.0,22.5,67.5,2
12413,ml_baseline_90deg,2026-07-09 23:37:11.147197+05:30,90.0,23.03,66.97,2
12414,ml_baseline_90deg,2026-07-09 23:37:11.248353+05:30,90.0,23.38,66.62,2
12415,ml_baseline_90deg,2026-07-09 23:37:11.349928+05:30,90.0,23.91,66.09,2
12416,ml_baseline_90deg,2026-07-09 23:37:11.448914+05:30,90.0,24.43,65.57,2
12417,ml_baseline_90deg,2026-07-09 23:37:11.550299+05:30,90.0,24.79,65.21,2
12418,ml_baseline_90deg,2026-07-09 23:37:11.648063+05:30,90.0,25.31,64.69,2
12419,ml_baseline_90deg,2026-07-09 23:37:11.748787+05:30,90.0,25.66,64.34,1
12420,ml_baseline_90deg,2026-07-09 23:37:11.846101+05:30,90.0,25.84,64.16,2
12421,ml_baseline_90deg,2026-07-09 23:37:11.949192+05:30,90.0,26.37,63.63,2
12422,ml_baseline_90deg,2026-07-09 23:37:12.048870+05:30,90.0,26.72,63.28,2
12423,ml_baseline_90deg,2026-07-09 23:37:12.147124+05:30,90.0,27.25,62.75,2
12424,ml_baseline_90deg,2026-07-09 23:37:12.246862+05:30,90.0,27.77,62.23,2
12425,ml_baseline_90deg,2026-07-09 23:37:12.348948+05:30,90.0,28.12,61.88,2
12426,ml_baseline_90deg,2026-07-09 23:37:12.448543+05:30,90.0,28.65,61.35,2
12427,ml_baseline_90deg,2026-07-09 23:37:12.546305+05:30,90.0,29.0,61.0,2
12428,ml_baseline_90deg,2026-07-09 23:37:12.648873+05:30,90.0,29.36,60.64,1
12429,ml_baseline_90deg,2026-07-09 23:37:12.747846+05:30,90.0,29.71,60.29,2
12430,ml_baseline_90deg,2026-07-09 23:37:12.848763+05:30,90.0,30.23,59.77,2
12431,ml_baseline_90deg,2026-07-09 23:37:12.948768+05:30,90.0,30.59,59.41,2
12432,ml_baseline_90deg,2026-07-09 23:37:13.044008+05:30,90.0,30.94,59.06,2
12433,ml_baseline_90deg,2026-07-09 23:37:13.145461+05:30,90.0,31.46,58.54,2
12434,ml_baseline_90deg,2026-07-09 23:37:13.245706+05:30,90.0,31.82,58.18,2
12435,ml_baseline_90deg,2026-07-09 23:37:13.348793+05:30,90.0,32.34,57.66,2
12436,ml_baseline_90deg,2026-07-09 23:37:13.447062+05:30,90.0,32.7,57.3,2
12437,ml_baseline_90deg,2026-07-09 23:37:13.546111+05:30,90.0,33.22,56.78,1
12438,ml_baseline_90deg,2026-07-09 23:37:13.647285+05:30,90.0,33.4,56.6,2
12439,ml_baseline_90deg,2026-07-09 23:37:13.750251+05:30,90.0,33.93,56.07,2
12440,ml_baseline_90deg,2026-07-09 23:37:13.846870+05:30,90.0,34.28,55.72,2
12441,ml_baseline_90deg,2026-07-09 23:37:13.948595+05:30,90.0,34.8,55.2,2
12442,ml_baseline_90deg,2026-07-09 23:37:14.046444+05:30,90.0,35.16,54.84,2
12443,ml_baseline_90deg,2026-07-09 23:37:14.147677+05:30,90.0,35.68,54.32,2
12444,ml_baseline_90deg,2026-07-09 23:37:14.246997+05:30,90.0,36.04,53.96,2
12445,ml_baseline_90deg,2026-07-09 23:37:14.349504+05:30,90.0,36.39,53.61,2
12446,ml_baseline_90deg,2026-07-09 23:37:14.451169+05:30,90.0,36.91,53.09,1
12447,ml_baseline_90deg,2026-07-09 23:37:14.546649+05:30,90.0,37.09,52.91,2
12448,ml_baseline_90deg,2026-07-09 23:37:14.646686+05:30,90.0,37.62,52.38,2
12449,ml_baseline_90deg,2026-07-09 23:37:14.747483+05:30,90.0,37.97,52.03,2
12450,ml_baseline_90deg,2026-07-09 23:37:14.848135+05:30,90.0,38.32,51.68,2
12451,ml_baseline_90deg,2026-07-09 23:37:14.948989+05:30,90.0,38.85,51.15,2
12452,ml_baseline_90deg,2026-07-09 23:37:15.044523+05:30,90.0,39.2,50.8,2
12453,ml_baseline_90deg,2026-07-09 23:37:15.147649+05:30,90.0,39.73,50.27,2
12454,ml_baseline_90deg,2026-07-09 23:37:15.246947+05:30,90.0,40.08,49.92,2
12455,ml_baseline_90deg,2026-07-09 23:37:15.348426+05:30,90.0,40.43,49.57,1
12456,ml_baseline_90deg,2026-07-09 23:37:15.445914+05:30,90.0,40.78,49.22,2
12457,ml_baseline_90deg,2026-07-09 23:37:15.547493+05:30,90.0,41.13,48.87,2
12458,ml_baseline_90deg,2026-07-09 23:37:15.647367+05:30,90.0,41.48,48.52,2
12459,ml_baseline_90deg,2026-07-09 23:37:15.749153+05:30,90.0,42.01,47.99,2
12460,ml_baseline_90deg,2026-07-09 23:37:15.846168+05:30,90.0,42.36,47.64,2
12461,ml_baseline_90deg,2026-07-09 23:37:15.948255+05:30,90.0,42.89,47.11,2
12462,ml_baseline_90deg,2026-07-09 23:37:16.046557+05:30,90.0,43.24,46.76,2
12463,ml_baseline_90deg,2026-07-09 23:37:16.147154+05:30,90.0,43.77,46.23,2
12464,ml_baseline_90deg,2026-07-09 23:37:16.250272+05:30,90.0,44.12,45.88,1
12465,ml_baseline_90deg,2026-07-09 23:37:16.347288+05:30,90.0,44.47,45.53,2
12466,ml_baseline_90deg,2026-07-09 23:37:16.446906+05:30,90.0,44.82,45.18,2
12467,ml_baseline_90deg,2026-07-09 23:37:16.549940+05:30,90.0,45.18,44.82,2
12468,ml_baseline_90deg,2026-07-09 23:37:16.646774+05:30,90.0,45.7,44.3,2
12469,ml_baseline_90deg,2026-07-09 23:37:16.746935+05:30,90.0,46.05,43.95,2
12470,ml_baseline_90deg,2026-07-09 23:37:16.848295+05:30,90.0,46.58,43.42,2
12471,ml_baseline_90deg,2026-07-09 23:37:16.949492+05:30,90.0,46.93,43.07,2
12472,ml_baseline_90deg,2026-07-09 23:37:17.045323+05:30,90.0,47.46,42.54,2
12473,ml_baseline_90deg,2026-07-09 23:37:17.144632+05:30,90.0,47.81,42.19,1
12474,ml_baseline_90deg,2026-07-09 23:37:17.244554+05:30,90.0,47.99,42.01,2
12475,ml_baseline_90deg,2026-07-09 23:37:17.345472+05:30,90.0,48.52,41.48,2
12476,ml_baseline_90deg,2026-07-09 23:37:17.447789+05:30,90.0,48.87,41.13,2
12477,ml_baseline_90deg,2026-07-09 23:37:17.548347+05:30,90.0,49.39,40.61,2
12478,ml_baseline_90deg,2026-07-09 23:37:17.648355+05:30,90.0,49.75,40.25,2
12479,ml_baseline_90deg,2026-07-09 23:37:17.748625+05:30,90.0,50.1,39.9,2
12480,ml_baseline_90deg,2026-07-09 23:37:17.847912+05:30,90.0,50.63,39.38,2
12481,ml_baseline_90deg,2026-07-09 23:37:17.946410+05:30,90.0,50.98,39.02,2
12482,ml_baseline_90deg,2026-07-09 23:37:18.045140+05:30,90.0,51.33,38.67,1
12483,ml_baseline_90deg,2026-07-09 23:37:18.146605+05:30,90.0,51.68,38.32,2
12484,ml_baseline_90deg,2026-07-09 23:37:18.248963+05:30,90.0,52.03,37.97,2
12485,ml_baseline_90deg,2026-07-09 23:37:18.349242+05:30,90.0,52.56,37.44,2
12486,ml_baseline_90deg,2026-07-09 23:37:18.448455+05:30,90.0,52.91,37.09,2
12487,ml_baseline_90deg,2026-07-09 23:37:18.548722+05:30,90.0,53.26,36.74,2
12488,ml_baseline_90deg,2026-07-09 23:37:18.648923+05:30,90.0,53.79,36.21,2
12489,ml_baseline_90deg,2026-07-09 23:37:18.746926+05:30,90.0,54.14,35.86,2
12490,ml_baseline_90deg,2026-07-09 23:37:18.849062+05:30,90.0,54.67,35.33,2
12491,ml_baseline_90deg,2026-07-09 23:37:18.947921+05:30,90.0,55.02,34.98,1
12492,ml_baseline_90deg,2026-07-09 23:37:19.045337+05:30,90.0,55.2,34.8,2
12493,ml_baseline_90deg,2026-07-09 23:37:19.147953+05:30,90.0,55.72,34.28,2
12494,ml_baseline_90deg,2026-07-09 23:37:19.247928+05:30,90.0,56.07,33.93,2
12495,ml_baseline_90deg,2026-07-09 23:37:19.348032+05:30,90.0,56.6,33.4,2
12496,ml_baseline_90deg,2026-07-09 23:37:19.447159+05:30,90.0,56.95,33.05,2
12497,ml_baseline_90deg,2026-07-09 23:37:19.548237+05:30,90.0,57.3,32.7,2
12498,ml_baseline_90deg,2026-07-09 23:37:19.647186+05:30,90.0,57.83,32.17,2
12499,ml_baseline_90deg,2026-07-09 23:37:19.747670+05:30,90.0,58.18,31.82,2
12500,ml_baseline_90deg,2026-07-09 23:37:19.847907+05:30,90.0,58.54,31.46,1
12501,ml_baseline_90deg,2026-07-09 23:37:19.947862+05:30,90.0,58.89,31.11,2
12502,ml_baseline_90deg,2026-07-09 23:37:20.045913+05:30,90.0,59.24,30.76,2
12503,ml_baseline_90deg,2026-07-09 23:37:20.146537+05:30,90.0,59.59,30.41,2
12504,ml_baseline_90deg,2026-07-09 23:37:20.247316+05:30,90.0,60.12,29.88,2
12505,ml_baseline_90deg,2026-07-09 23:37:20.347933+05:30,90.0,60.47,29.53,2
12506,ml_baseline_90deg,2026-07-09 23:37:20.448165+05:30,90.0,60.82,29.18,2
12507,ml_baseline_90deg,2026-07-09 23:37:20.544282+05:30,90.0,61.35,28.65,2
12508,ml_baseline_90deg,2026-07-09 23:37:20.648847+05:30,90.0,61.7,28.3,2
12509,ml_baseline_90deg,2026-07-09 23:37:20.747893+05:30,90.0,62.05,27.95,1
12510,ml_baseline_90deg,2026-07-09 23:37:20.845978+05:30,90.0,62.4,27.6,2
12511,ml_baseline_90deg,2026-07-09 23:37:20.949339+05:30,90.0,62.75,27.25,2
12512,ml_baseline_90deg,2026-07-09 23:37:21.045673+05:30,90.0,63.11,26.89,2
12513,ml_baseline_90deg,2026-07-09 23:37:21.145315+05:30,90.0,63.63,26.37,2
12514,ml_baseline_90deg,2026-07-09 23:37:21.247345+05:30,90.0,63.98,26.02,2
12515,ml_baseline_90deg,2026-07-09 23:37:21.347072+05:30,90.0,64.34,25.66,2
12516,ml_baseline_90deg,2026-07-09 23:37:21.447871+05:30,90.0,64.86,25.14,2
12517,ml_baseline_90deg,2026-07-09 23:37:21.547432+05:30,90.0,65.21,24.79,2
12518,ml_baseline_90deg,2026-07-09 23:37:21.650040+05:30,90.0,65.57,24.43,1
12519,ml_baseline_90deg,2026-07-09 23:37:21.746321+05:30,90.0,65.92,24.08,2
12520,ml_baseline_90deg,2026-07-09 23:37:21.845411+05:30,90.0,66.27,23.73,2
12521,ml_baseline_90deg,2026-07-09 23:37:21.946894+05:30,90.0,66.62,23.38,2
12522,ml_baseline_90deg,2026-07-09 23:37:22.044673+05:30,90.0,67.15,22.85,2
12523,ml_baseline_90deg,2026-07-09 23:37:22.146533+05:30,90.0,67.68,22.32,2
12524,ml_baseline_90deg,2026-07-09 23:37:22.245119+05:30,90.0,68.03,21.97,2
12525,ml_baseline_90deg,2026-07-09 23:37:22.350880+05:30,90.0,68.38,21.62,2
12526,ml_baseline_90deg,2026-07-09 23:37:22.446462+05:30,90.0,68.91,21.09,2
12527,ml_baseline_90deg,2026-07-09 23:37:22.548549+05:30,90.0,69.26,20.74,1
12528,ml_baseline_90deg,2026-07-09 23:37:22.648361+05:30,90.0,69.61,20.39,2
12529,ml_baseline_90deg,2026-07-09 23:37:22.749823+05:30,90.0,69.96,20.04,2
12530,ml_baseline_90deg,2026-07-09 23:37:22.847625+05:30,90.0,70.31,19.69,2
12531,ml_baseline_90deg,2026-07-09 23:37:22.949999+05:30,90.0,70.84,19.16,2
12532,ml_baseline_90deg,2026-07-09 23:37:23.045747+05:30,90.0,71.19,18.81,2
12533,ml_baseline_90deg,2026-07-09 23:37:23.147686+05:30,90.0,71.72,18.28,2
12534,ml_baseline_90deg,2026-07-09 23:37:23.251006+05:30,90.0,72.07,17.93,2
12535,ml_baseline_90deg,2026-07-09 23:37:23.344740+05:30,90.0,72.6,17.4,2
12536,ml_baseline_90deg,2026-07-09 23:37:23.448428+05:30,90.0,72.95,17.05,1
12537,ml_baseline_90deg,2026-07-09 23:37:23.549944+05:30,90.0,73.3,16.7,2
12538,ml_baseline_90deg,2026-07-09 23:37:23.646331+05:30,90.0,73.65,16.35,2
12539,ml_baseline_90deg,2026-07-09 23:37:23.748090+05:30,90.0,74.18,15.82,2
12540,ml_baseline_90deg,2026-07-09 23:37:23.846939+05:30,90.0,74.53,15.47,2
12541,ml_baseline_90deg,2026-07-09 23:37:23.949274+05:30,90.0,75.06,14.94,2
12542,ml_baseline_90deg,2026-07-09 23:37:24.045131+05:30,90.0,75.41,14.59,2
12543,ml_baseline_90deg,2026-07-09 23:37:24.147710+05:30,90.0,75.94,14.06,2
12544,ml_baseline_90deg,2026-07-09 23:37:24.247918+05:30,90.0,76.29,13.71,2
12545,ml_baseline_90deg,2026-07-09 23:37:24.349220+05:30,90.0,76.82,13.18,1
12546,ml_baseline_90deg,2026-07-09 23:37:24.448638+05:30,90.0,77.17,12.83,2
12547,ml_baseline_90deg,2026-07-09 23:37:24.546807+05:30,90.0,77.52,12.48,2
12548,ml_baseline_90deg,2026-07-09 23:37:24.647802+05:30,90.0,78.05,11.95,2
12549,ml_baseline_90deg,2026-07-09 23:37:24.747364+05:30,90.0,78.4,11.6,2
12550,ml_baseline_90deg,2026-07-09 23:37:24.845995+05:30,90.0,78.93,11.07,2
12551,ml_baseline_90deg,2026-07-09 23:37:24.949491+05:30,90.0,79.28,10.72,2
12552,ml_baseline_90deg,2026-07-09 23:37:25.046285+05:30,90.0,79.8,10.2,2
12553,ml_baseline_90deg,2026-07-09 23:37:25.148644+05:30,90.0,80.33,9.67,2
12554,ml_baseline_90deg,2026-07-09 23:37:25.254924+05:30,90.0,80.68,9.32,1
12555,ml_baseline_90deg,2026-07-09 23:37:25.348982+05:30,90.0,80.86,9.14,2
12556,ml_baseline_90deg,2026-07-09 23:37:25.451609+05:30,90.0,81.39,8.61,2
12557,ml_baseline_90deg,2026-07-09 23:37:25.547203+05:30,90.0,81.74,8.26,2
12558,ml_baseline_90deg,2026-07-09 23:37:25.646776+05:30,90.0,82.27,7.73,2
12559,ml_baseline_90deg,2026-07-09 23:37:25.748380+05:30,90.0,82.62,7.38,2
12560,ml_baseline_90deg,2026-07-09 23:37:25.846440+05:30,90.0,82.62,7.38,2
12561,ml_baseline_90deg,2026-07-09 23:37:25.947813+05:30,90.0,82.79,7.21,2
12562,ml_baseline_90deg,2026-07-09 23:37:26.046127+05:30,0.0,82.79,-82.79,2
12563,ml_baseline_90deg,2026-07-09 23:37:26.149015+05:30,0.0,82.79,-82.79,2
12564,ml_baseline_90deg,2026-07-09 23:37:26.248755+05:30,0.0,82.79,-82.79,2
12565,ml_baseline_90deg,2026-07-09 23:37:26.349028+05:30,0.0,82.79,-82.79,2
12566,ml_baseline_90deg,2026-07-09 23:37:26.447832+05:30,0.0,82.79,-82.79,2
12567,ml_baseline_90deg,2026-07-09 23:37:26.547024+05:30,0.0,82.79,-82.79,2
12568,ml_baseline_90deg,2026-07-09 23:37:26.647223+05:30,0.0,82.79,-82.79,2
12569,ml_baseline_90deg,2026-07-09 23:37:26.746644+05:30,0.0,82.79,-82.79,2
12570,ml_baseline_90deg,2026-07-09 23:37:26.845531+05:30,0.0,82.79,-82.79,1
12571,ml_baseline_90deg,2026-07-09 23:37:26.950456+05:30,0.0,82.79,-82.79,2
12572,ml_baseline_90deg,2026-07-09 23:37:27.048463+05:30,0.0,82.62,-82.62,2
12573,ml_baseline_90deg,2026-07-09 23:37:27.147908+05:30,0.0,82.62,-82.62,2
12574,ml_baseline_90deg,2026-07-09 23:37:27.246233+05:30,0.0,82.44,-82.44,2
12575,ml_baseline_90deg,2026-07-09 23:37:27.348886+05:30,0.0,82.27,-82.27,2
12576,ml_baseline_90deg,2026-07-09 23:37:27.447791+05:30,0.0,82.09,-82.09,2
12577,ml_baseline_90deg,2026-07-09 23:37:27.547205+05:30,0.0,81.74,-81.74,2
12578,ml_baseline_90deg,2026-07-09 23:37:27.646780+05:30,0.0,81.21,-81.21,2
12579,ml_baseline_90deg,2026-07-09 23:37:27.746855+05:30,0.0,80.86,-80.86,1
12580,ml_baseline_90deg,2026-07-09 23:37:27.845738+05:30,0.0,80.51,-80.51,2
12581,ml_baseline_90deg,2026-07-09 23:37:27.945643+05:30,0.0,79.98,-79.98,2
12582,ml_baseline_90deg,2026-07-09 23:37:28.046303+05:30,0.0,79.45,-79.45,2
12583,ml_baseline_90deg,2026-07-09 23:37:28.149398+05:30,0.0,78.93,-78.93,2
12584,ml_baseline_90deg,2026-07-09 23:37:28.246427+05:30,0.0,78.57,-78.57,2
12585,ml_baseline_90deg,2026-07-09 23:37:28.347842+05:30,0.0,78.05,-78.05,2
12586,ml_baseline_90deg,2026-07-09 23:37:28.447160+05:30,0.0,77.52,-77.52,2
12587,ml_baseline_90deg,2026-07-09 23:37:28.546625+05:30,0.0,77.17,-77.17,2
12588,ml_baseline_90deg,2026-07-09 23:37:28.646934+05:30,0.0,76.64,-76.64,1
12589,ml_baseline_90deg,2026-07-09 23:37:28.747364+05:30,0.0,76.29,-76.29,2
12590,ml_baseline_90deg,2026-07-09 23:37:28.847045+05:30,0.0,75.76,-75.76,2
12591,ml_baseline_90deg,2026-07-09 23:37:28.948881+05:30,0.0,75.23,-75.23,2
12592,ml_baseline_90deg,2026-07-09 23:37:29.045103+05:30,0.0,74.88,-74.88,2
12593,ml_baseline_90deg,2026-07-09 23:37:29.147703+05:30,0.0,74.36,-74.36,2
12594,ml_baseline_90deg,2026-07-09 23:37:29.247765+05:30,0.0,73.83,-73.83,2
12595,ml_baseline_90deg,2026-07-09 23:37:29.348311+05:30,0.0,73.48,-73.48,2
12596,ml_baseline_90deg,2026-07-09 23:37:29.447951+05:30,0.0,72.95,-72.95,2
12597,ml_baseline_90deg,2026-07-09 23:37:29.547362+05:30,0.0,72.42,-72.42,1
12598,ml_baseline_90deg,2026-07-09 23:37:29.649021+05:30,0.0,72.07,-72.07,2
12599,ml_baseline_90deg,2026-07-09 23:37:29.748406+05:30,0.0,71.54,-71.54,2
12600,ml_baseline_90deg,2026-07-09 23:37:29.846800+05:30,0.0,71.19,-71.19,2
12601,ml_baseline_90deg,2026-07-09 23:37:29.947186+05:30,0.0,70.66,-70.66,2
12602,ml_baseline_90deg,2026-07-09 23:37:30.049009+05:30,0.0,70.14,-70.14,2
12603,ml_baseline_90deg,2026-07-09 23:37:30.145272+05:30,0.0,69.79,-69.79,2
12604,ml_baseline_90deg,2026-07-09 23:37:30.248513+05:30,0.0,69.26,-69.26,2
12605,ml_baseline_90deg,2026-07-09 23:37:30.350092+05:30,0.0,68.91,-68.91,2
12606,ml_baseline_90deg,2026-07-09 23:37:30.447018+05:30,0.0,68.38,-68.38,1
12607,ml_baseline_90deg,2026-07-09 23:37:30.547601+05:30,0.0,68.03,-68.03,2
12608,ml_baseline_90deg,2026-07-09 23:37:30.646460+05:30,0.0,67.5,-67.5,2
12609,ml_baseline_90deg,2026-07-09 23:37:30.747547+05:30,0.0,67.15,-67.15,2
12610,ml_baseline_90deg,2026-07-09 23:37:30.848410+05:30,0.0,66.62,-66.62,2
12611,ml_baseline_90deg,2026-07-09 23:37:30.946931+05:30,0.0,66.09,-66.09,2
12612,ml_baseline_90deg,2026-07-09 23:37:31.045600+05:30,0.0,65.74,-65.74,2
12613,ml_baseline_90deg,2026-07-09 23:37:31.147277+05:30,0.0,65.21,-65.21,2
12614,ml_baseline_90deg,2026-07-09 23:37:31.245211+05:30,0.0,64.86,-64.86,2
12615,ml_baseline_90deg,2026-07-09 23:37:31.347354+05:30,0.0,64.34,-64.34,1
12616,ml_baseline_90deg,2026-07-09 23:37:31.446121+05:30,0.0,63.98,-63.98,2
12617,ml_baseline_90deg,2026-07-09 23:37:31.547688+05:30,0.0,63.63,-63.63,2
12618,ml_baseline_90deg,2026-07-09 23:37:31.646681+05:30,0.0,63.11,-63.11,2
12619,ml_baseline_90deg,2026-07-09 23:37:31.747878+05:30,0.0,62.58,-62.58,2
12620,ml_baseline_90deg,2026-07-09 23:37:31.845321+05:30,0.0,62.23,-62.23,2
12621,ml_baseline_90deg,2026-07-09 23:37:31.947059+05:30,0.0,61.7,-61.7,2
12622,ml_baseline_90deg,2026-07-09 23:37:32.046465+05:30,0.0,61.17,-61.17,2
12623,ml_baseline_90deg,2026-07-09 23:37:32.145500+05:30,0.0,60.82,-60.82,2
12624,ml_baseline_90deg,2026-07-09 23:37:32.247759+05:30,0.0,60.47,-60.47,1
12625,ml_baseline_90deg,2026-07-09 23:37:32.345548+05:30,0.0,59.94,-59.94,2
12626,ml_baseline_90deg,2026-07-09 23:37:32.446028+05:30,0.0,59.59,-59.59,2
12627,ml_baseline_90deg,2026-07-09 23:37:32.545924+05:30,0.0,59.06,-59.06,2
12628,ml_baseline_90deg,2026-07-09 23:37:32.644635+05:30,0.0,58.71,-58.71,2
12629,ml_baseline_90deg,2026-07-09 23:37:32.747669+05:30,0.0,58.18,-58.18,2
12630,ml_baseline_90deg,2026-07-09 23:37:32.846039+05:30,0.0,57.66,-57.66,2
12631,ml_baseline_90deg,2026-07-09 23:37:32.947125+05:30,0.0,57.3,-57.3,2
12632,ml_baseline_90deg,2026-07-09 23:37:33.046512+05:30,0.0,56.78,-56.78,2
12633,ml_baseline_90deg,2026-07-09 23:37:33.150379+05:30,0.0,56.43,-56.43,1
12634,ml_baseline_90deg,2026-07-09 23:37:33.248193+05:30,0.0,56.07,-56.07,2
12635,ml_baseline_90deg,2026-07-09 23:37:33.349074+05:30,0.0,55.55,-55.55,2
12636,ml_baseline_90deg,2026-07-09 23:37:33.445555+05:30,0.0,55.02,-55.02,2
12637,ml_baseline_90deg,2026-07-09 23:37:33.547746+05:30,0.0,54.67,-54.67,2
12638,ml_baseline_90deg,2026-07-09 23:37:33.645923+05:30,0.0,54.14,-54.14,2
12639,ml_baseline_90deg,2026-07-09 23:37:33.747619+05:30,0.0,53.61,-53.61,2
12640,ml_baseline_90deg,2026-07-09 23:37:33.845848+05:30,0.0,53.26,-53.26,2
12641,ml_baseline_90deg,2026-07-09 23:37:33.947879+05:30,0.0,52.73,-52.73,2
12642,ml_baseline_90deg,2026-07-09 23:37:34.044991+05:30,0.0,52.21,-52.21,1
12643,ml_baseline_90deg,2026-07-09 23:37:34.148378+05:30,0.0,51.86,-51.86,2
12644,ml_baseline_90deg,2026-07-09 23:37:34.247651+05:30,0.0,51.5,-51.5,2
12645,ml_baseline_90deg,2026-07-09 23:37:34.347150+05:30,0.0,50.98,-50.98,2
12646,ml_baseline_90deg,2026-07-09 23:37:34.446700+05:30,0.0,50.45,-50.45,2
12647,ml_baseline_90deg,2026-07-09 23:37:34.547988+05:30,0.0,50.1,-50.1,2
12648,ml_baseline_90deg,2026-07-09 23:37:34.647077+05:30,0.0,49.57,-49.57,2
12649,ml_baseline_90deg,2026-07-09 23:37:34.747907+05:30,0.0,49.22,-49.22,2
12650,ml_baseline_90deg,2026-07-09 23:37:34.846514+05:30,0.0,48.69,-48.69,2
12651,ml_baseline_90deg,2026-07-09 23:37:34.945958+05:30,0.0,48.34,-48.34,1
12652,ml_baseline_90deg,2026-07-09 23:37:35.046728+05:30,0.0,47.81,-47.81,2
12653,ml_baseline_90deg,2026-07-09 23:37:35.149001+05:30,0.0,47.46,-47.46,2
12654,ml_baseline_90deg,2026-07-09 23:37:35.248152+05:30,0.0,46.93,-46.93,2
12655,ml_baseline_90deg,2026-07-09 23:37:35.348737+05:30,0.0,46.41,-46.41,2
12656,ml_baseline_90deg,2026-07-09 23:37:35.449636+05:30,0.0,46.05,-46.05,2
12657,ml_baseline_90deg,2026-07-09 23:37:35.549666+05:30,0.0,45.53,-45.53,2
12658,ml_baseline_90deg,2026-07-09 23:37:35.650676+05:30,0.0,45.18,-45.18,2
12659,ml_baseline_90deg,2026-07-09 23:37:35.747680+05:30,0.0,44.65,-44.65,2
12660,ml_baseline_90deg,2026-07-09 23:37:35.846622+05:30,0.0,44.12,-44.12,1
12661,ml_baseline_90deg,2026-07-09 23:37:35.947419+05:30,0.0,43.77,-43.77,2
12662,ml_baseline_90deg,2026-07-09 23:37:36.046736+05:30,0.0,43.42,-43.42,2
12663,ml_baseline_90deg,2026-07-09 23:37:36.145822+05:30,0.0,42.89,-42.89,2
12664,ml_baseline_90deg,2026-07-09 23:37:36.249125+05:30,0.0,42.36,-42.36,2
12665,ml_baseline_90deg,2026-07-09 23:37:36.347420+05:30,0.0,41.84,-41.84,2
12666,ml_baseline_90deg,2026-07-09 23:37:36.446713+05:30,0.0,41.48,-41.48,2
12667,ml_baseline_90deg,2026-07-09 23:37:36.547426+05:30,0.0,40.96,-40.96,2
12668,ml_baseline_90deg,2026-07-09 23:37:36.645839+05:30,0.0,40.43,-40.43,2
12669,ml_baseline_90deg,2026-07-09 23:37:36.748493+05:30,0.0,39.9,-39.9,1
12670,ml_baseline_90deg,2026-07-09 23:37:36.846617+05:30,0.0,39.55,-39.55,2
12671,ml_baseline_90deg,2026-07-09 23:37:36.947198+05:30,0.0,39.2,-39.2,2
12672,ml_baseline_90deg,2026-07-09 23:37:37.045311+05:30,0.0,38.67,-38.67,2
12673,ml_baseline_90deg,2026-07-09 23:37:37.147035+05:30,0.0,38.32,-38.32,2
12674,ml_baseline_90deg,2026-07-09 23:37:37.246796+05:30,0.0,37.79,-37.79,2
12675,ml_baseline_90deg,2026-07-09 23:37:37.347869+05:30,0.0,37.27,-37.27,2
12676,ml_baseline_90deg,2026-07-09 23:37:37.445117+05:30,0.0,36.74,-36.74,2
12677,ml_baseline_90deg,2026-07-09 23:37:37.544504+05:30,0.0,36.39,-36.39,2
12678,ml_baseline_90deg,2026-07-09 23:37:37.650865+05:30,0.0,36.04,-36.04,1
12679,ml_baseline_90deg,2026-07-09 23:37:37.746265+05:30,0.0,35.68,-35.68,2
12680,ml_baseline_90deg,2026-07-09 23:37:37.847415+05:30,0.0,35.16,-35.16,2
12681,ml_baseline_90deg,2026-07-09 23:37:37.946879+05:30,0.0,34.63,-34.63,2
12682,ml_baseline_90deg,2026-07-09 23:37:38.045978+05:30,0.0,34.28,-34.28,2
12683,ml_baseline_90deg,2026-07-09 23:37:38.145733+05:30,0.0,33.75,-33.75,2
12684,ml_baseline_90deg,2026-07-09 23:37:38.249490+05:30,0.0,33.22,-33.22,2
12685,ml_baseline_90deg,2026-07-09 23:37:38.347417+05:30,0.0,32.87,-32.87,2
12686,ml_baseline_90deg,2026-07-09 23:37:38.448294+05:30,0.0,32.52,-32.52,2
12687,ml_baseline_90deg,2026-07-09 23:37:38.546396+05:30,0.0,31.99,-31.99,1
12688,ml_baseline_90deg,2026-07-09 23:37:38.647907+05:30,0.0,31.64,-31.64,2
12689,ml_baseline_90deg,2026-07-09 23:37:38.747363+05:30,0.0,31.11,-31.11,2
12690,ml_baseline_90deg,2026-07-09 23:37:38.845912+05:30,0.0,30.76,-30.76,2
12691,ml_baseline_90deg,2026-07-09 23:37:38.947822+05:30,0.0,30.23,-30.23,2
12692,ml_baseline_90deg,2026-07-09 23:37:39.046936+05:30,0.0,29.88,-29.88,2
12693,ml_baseline_90deg,2026-07-09 23:37:39.147175+05:30,0.0,29.36,-29.36,2
12694,ml_baseline_90deg,2026-07-09 23:37:39.248094+05:30,0.0,28.83,-28.83,2
12695,ml_baseline_90deg,2026-07-09 23:37:39.348230+05:30,0.0,28.48,-28.48,2
12696,ml_baseline_90deg,2026-07-09 23:37:39.449050+05:30,0.0,28.12,-28.12,1
12697,ml_baseline_90deg,2026-07-09 23:37:39.546657+05:30,0.0,27.77,-27.77,2
12698,ml_baseline_90deg,2026-07-09 23:37:39.646677+05:30,0.0,27.42,-27.42,2
12699,ml_baseline_90deg,2026-07-09 23:37:39.749907+05:30,0.0,26.89,-26.89,2
12700,ml_baseline_90deg,2026-07-09 23:37:39.846110+05:30,0.0,26.54,-26.54,2
12701,ml_baseline_90deg,2026-07-09 23:37:39.946683+05:30,0.0,26.19,-26.19,2
12702,ml_baseline_90deg,2026-07-09 23:37:40.047647+05:30,0.0,25.84,-25.84,2
12703,ml_baseline_90deg,2026-07-09 23:37:40.148512+05:30,0.0,25.49,-25.49,2
12704,ml_baseline_90deg,2026-07-09 23:37:40.245509+05:30,0.0,24.96,-24.96,2
12705,ml_baseline_90deg,2026-07-09 23:37:40.347106+05:30,0.0,24.61,-24.61,1
12706,ml_baseline_90deg,2026-07-09 23:37:40.445825+05:30,0.0,24.26,-24.26,2
12707,ml_baseline_90deg,2026-07-09 23:37:40.546474+05:30,0.0,23.91,-23.91,2
12708,ml_baseline_90deg,2026-07-09 23:37:40.645390+05:30,0.0,23.2,-23.2,2
12709,ml_baseline_90deg,2026-07-09 23:37:40.746935+05:30,0.0,22.85,-22.85,2
12710,ml_baseline_90deg,2026-07-09 23:37:40.845939+05:30,0.0,22.32,-22.32,2
12711,ml_baseline_90deg,2026-07-09 23:37:40.946636+05:30,0.0,21.8,-21.8,2
12712,ml_baseline_90deg,2026-07-09 23:37:41.046111+05:30,0.0,21.27,-21.27,2
12713,ml_baseline_90deg,2026-07-09 23:37:41.146660+05:30,0.0,20.74,-20.74,2
12714,ml_baseline_90deg,2026-07-09 23:37:41.247021+05:30,0.0,20.39,-20.39,1
12715,ml_baseline_90deg,2026-07-09 23:37:41.344440+05:30,0.0,20.21,-20.21,2
12716,ml_baseline_90deg,2026-07-09 23:37:41.446976+05:30,0.0,19.51,-19.51,2
12717,ml_baseline_90deg,2026-07-09 23:37:41.547610+05:30,0.0,18.98,-18.98,2
12718,ml_baseline_90deg,2026-07-09 23:37:41.648868+05:30,0.0,18.46,-18.46,2
12719,ml_baseline_90deg,2026-07-09 23:37:41.746996+05:30,0.0,17.93,-17.93,2
12720,ml_baseline_90deg,2026-07-09 23:37:41.848792+05:30,0.0,17.58,-17.58,2
12721,ml_baseline_90deg,2026-07-09 23:37:41.945696+05:30,0.0,17.05,-17.05,2
12722,ml_baseline_90deg,2026-07-09 23:37:42.045826+05:30,0.0,16.52,-16.52,2
12723,ml_baseline_90deg,2026-07-09 23:37:42.146204+05:30,0.0,15.82,-15.82,1
12724,ml_baseline_90deg,2026-07-09 23:37:42.245858+05:30,0.0,15.64,-15.64,2
12725,ml_baseline_90deg,2026-07-09 23:37:42.350207+05:30,0.0,15.12,-15.12,2
12726,ml_baseline_90deg,2026-07-09 23:37:42.446007+05:30,0.0,14.41,-14.41,2
12727,ml_baseline_90deg,2026-07-09 23:37:42.545939+05:30,0.0,13.89,-13.89,2
12728,ml_baseline_90deg,2026-07-09 23:37:42.646138+05:30,0.0,13.54,-13.54,2
12729,ml_baseline_90deg,2026-07-09 23:37:42.748064+05:30,0.0,13.01,-13.01,2
12730,ml_baseline_90deg,2026-07-09 23:37:42.847797+05:30,0.0,12.48,-12.48,2
12731,ml_baseline_90deg,2026-07-09 23:37:42.946533+05:30,0.0,12.13,-12.13,2
12732,ml_baseline_90deg,2026-07-09 23:37:43.045331+05:30,0.0,11.6,-11.6,1
12733,ml_baseline_90deg,2026-07-09 23:37:43.146121+05:30,0.0,11.25,-11.25,2
12734,ml_baseline_90deg,2026-07-09 23:37:43.246403+05:30,0.0,10.72,-10.72,2
12735,ml_baseline_90deg,2026-07-09 23:37:43.349498+05:30,0.0,10.2,-10.2,2
12736,ml_baseline_90deg,2026-07-09 23:37:43.449851+05:30,0.0,9.67,-9.67,2
12737,ml_baseline_90deg,2026-07-09 23:37:43.550475+05:30,0.0,8.96,-8.96,2
12738,ml_baseline_90deg,2026-07-09 23:37:43.644735+05:30,0.0,8.44,-8.44,2
12739,ml_baseline_90deg,2026-07-09 23:37:43.748329+05:30,0.0,7.91,-7.91,2
12740,ml_baseline_90deg,2026-07-09 23:37:43.847935+05:30,0.0,7.38,-7.38,2
12741,ml_baseline_90deg,2026-07-09 23:37:43.950130+05:30,0.0,6.86,-6.86,1
12742,ml_baseline_90deg,2026-07-09 23:37:44.047462+05:30,0.0,6.33,-6.33,2
12743,ml_baseline_90deg,2026-07-09 23:37:44.147224+05:30,0.0,6.15,-6.15,2
12744,ml_baseline_90deg,2026-07-09 23:37:44.246583+05:30,0.0,5.98,-5.98,2
12745,ml_baseline_90deg,2026-07-09 23:37:44.344006+05:30,0.0,5.45,-5.45,2
12746,ml_baseline_90deg,2026-07-09 23:37:44.447508+05:30,90.0,5.1,84.9,2
12747,ml_baseline_90deg,2026-07-09 23:37:44.546691+05:30,90.0,5.1,84.9,2
12748,ml_baseline_90deg,2026-07-09 23:37:44.646108+05:30,90.0,5.1,84.9,2
12749,ml_baseline_90deg,2026-07-09 23:37:44.746146+05:30,90.0,5.1,84.9,2
12750,ml_baseline_90deg,2026-07-09 23:37:44.846751+05:30,90.0,5.1,84.9,2
12751,ml_baseline_90deg,2026-07-09 23:37:44.946589+05:30,90.0,5.1,84.9,2
12752,ml_baseline_90deg,2026-07-09 23:37:45.046423+05:30,90.0,5.1,84.9,2
12753,ml_baseline_90deg,2026-07-09 23:37:45.146347+05:30,90.0,5.27,84.73,2
12754,ml_baseline_90deg,2026-07-09 23:37:45.245770+05:30,90.0,5.45,84.55,1
12755,ml_baseline_90deg,2026-07-09 23:37:45.346286+05:30,90.0,5.45,84.55,2
12756,ml_baseline_90deg,2026-07-09 23:37:45.446994+05:30,90.0,5.62,84.37,2
12757,ml_baseline_90deg,2026-07-09 23:37:45.546459+05:30,90.0,5.98,84.02,2
12758,ml_baseline_90deg,2026-07-09 23:37:45.646308+05:30,90.0,6.15,83.85,2
12759,ml_baseline_90deg,2026-07-09 23:37:45.748910+05:30,90.0,6.68,83.32,2
12760,ml_baseline_90deg,2026-07-09 23:37:45.844779+05:30,90.0,7.21,82.79,2
12761,ml_baseline_90deg,2026-07-09 23:37:45.947510+05:30,90.0,7.56,82.44,2
12762,ml_baseline_90deg,2026-07-09 23:37:46.046170+05:30,90.0,8.09,81.91,2
12763,ml_baseline_90deg,2026-07-09 23:37:46.147338+05:30,90.0,8.61,81.39,1
12764,ml_baseline_90deg,2026-07-09 23:37:46.246520+05:30,90.0,9.14,80.86,2
12765,ml_baseline_90deg,2026-07-09 23:37:46.347472+05:30,90.0,9.49,80.51,2
12766,ml_baseline_90deg,2026-07-09 23:37:46.451058+05:30,90.0,10.02,79.98,2
12767,ml_baseline_90deg,2026-07-09 23:37:46.546946+05:30,90.0,10.55,79.45,2
12768,ml_baseline_90deg,2026-07-09 23:37:46.645780+05:30,90.0,10.9,79.1,2
12769,ml_baseline_90deg,2026-07-09 23:37:46.746756+05:30,90.0,11.43,78.57,2
12770,ml_baseline_90deg,2026-07-09 23:37:46.846236+05:30,90.0,11.78,78.22,2
12771,ml_baseline_90deg,2026-07-09 23:37:46.946797+05:30,90.0,12.3,77.7,2
12772,ml_baseline_90deg,2026-07-09 23:37:47.045225+05:30,90.0,12.66,77.34,1
12773,ml_baseline_90deg,2026-07-09 23:37:47.145825+05:30,90.0,13.01,76.99,2
12774,ml_baseline_90deg,2026-07-09 23:37:47.246320+05:30,90.0,13.36,76.64,2
12775,ml_baseline_90deg,2026-07-09 23:37:47.346578+05:30,90.0,13.89,76.11,2
12776,ml_baseline_90deg,2026-07-09 23:37:47.448042+05:30,90.0,14.24,75.76,2
12777,ml_baseline_90deg,2026-07-09 23:37:47.547488+05:30,90.0,14.77,75.23,2
12778,ml_baseline_90deg,2026-07-09 23:37:47.646192+05:30,90.0,15.12,74.88,2
12779,ml_baseline_90deg,2026-07-09 23:37:47.748526+05:30,90.0,15.64,74.36,2
12780,ml_baseline_90deg,2026-07-09 23:37:47.847904+05:30,90.0,16.17,73.83,2
12781,ml_baseline_90deg,2026-07-09 23:37:47.945030+05:30,90.0,16.35,73.65,1
12782,ml_baseline_90deg,2026-07-09 23:37:48.047014+05:30,90.0,16.7,73.3,2
12783,ml_baseline_90deg,2026-07-09 23:37:48.145039+05:30,90.0,17.05,72.95,2
12784,ml_baseline_90deg,2026-07-09 23:37:48.246170+05:30,90.0,17.58,72.42,2
12785,ml_baseline_90deg,2026-07-09 23:37:48.346960+05:30,90.0,17.93,72.07,2
12786,ml_baseline_90deg,2026-07-09 23:37:48.450414+05:30,90.0,18.28,71.72,2
12787,ml_baseline_90deg,2026-07-09 23:37:48.547980+05:30,90.0,18.81,71.19,2
12788,ml_baseline_90deg,2026-07-09 23:37:48.647348+05:30,90.0,19.34,70.66,2
12789,ml_baseline_90deg,2026-07-09 23:37:48.746266+05:30,90.0,19.86,70.14,2
12790,ml_baseline_90deg,2026-07-09 23:37:48.846137+05:30,90.0,20.21,69.79,1
12791,ml_baseline_90deg,2026-07-09 23:37:48.947011+05:30,90.0,20.57,69.43,2
12792,ml_baseline_90deg,2026-07-09 23:37:49.044818+05:30,90.0,21.09,68.91,2
12793,ml_baseline_90deg,2026-07-09 23:37:49.145950+05:30,90.0,21.62,68.38,2
12794,ml_baseline_90deg,2026-07-09 23:37:49.246075+05:30,90.0,22.15,67.85,2
12795,ml_baseline_90deg,2026-07-09 23:37:49.348982+05:30,90.0,22.5,67.5,2
12796,ml_baseline_90deg,2026-07-09 23:37:49.446684+05:30,90.0,23.03,66.97,2
12797,ml_baseline_90deg,2026-07-09 23:37:49.546072+05:30,90.0,23.38,66.62,2
12798,ml_baseline_90deg,2026-07-09 23:37:49.647601+05:30,90.0,23.91,66.09,2
12799,ml_baseline_90deg,2026-07-09 23:37:49.749248+05:30,90.0,24.43,65.57,1
12800,ml_baseline_90deg,2026-07-09 23:37:49.846590+05:30,90.0,24.61,65.39,2
12801,ml_baseline_90deg,2026-07-09 23:37:49.946939+05:30,90.0,25.31,64.69,2
12802,ml_baseline_90deg,2026-07-09 23:37:50.047226+05:30,90.0,25.66,64.34,2
12803,ml_baseline_90deg,2026-07-09 23:37:50.144081+05:30,90.0,26.19,63.81,2
12804,ml_baseline_90deg,2026-07-09 23:37:50.246165+05:30,90.0,26.54,63.46,2
12805,ml_baseline_90deg,2026-07-09 23:37:50.347342+05:30,90.0,27.07,62.93,2
12806,ml_baseline_90deg,2026-07-09 23:37:50.445979+05:30,90.0,27.6,62.4,2
12807,ml_baseline_90deg,2026-07-09 23:37:50.546362+05:30,90.0,27.95,62.05,2
12808,ml_baseline_90deg,2026-07-09 23:37:50.647183+05:30,90.0,28.3,61.7,1
12809,ml_baseline_90deg,2026-07-09 23:37:50.746023+05:30,90.0,28.65,61.35,2
12810,ml_baseline_90deg,2026-07-09 23:37:50.845460+05:30,90.0,29.18,60.82,2
12811,ml_baseline_90deg,2026-07-09 23:37:50.945672+05:30,90.0,29.53,60.47,2
12812,ml_baseline_90deg,2026-07-09 23:37:51.045196+05:30,90.0,30.06,59.94,2
12813,ml_baseline_90deg,2026-07-09 23:37:51.145892+05:30,90.0,30.41,59.59,2
12814,ml_baseline_90deg,2026-07-09 23:37:51.245426+05:30,90.0,30.76,59.24,2
12815,ml_baseline_90deg,2026-07-09 23:37:51.345159+05:30,90.0,31.29,58.71,2
12816,ml_baseline_90deg,2026-07-09 23:37:51.444323+05:30,90.0,31.82,58.18,2
12817,ml_baseline_90deg,2026-07-09 23:37:51.549036+05:30,90.0,32.17,57.83,1
12818,ml_baseline_90deg,2026-07-09 23:37:51.645919+05:30,90.0,32.34,57.66,2
12819,ml_baseline_90deg,2026-07-09 23:37:51.746499+05:30,90.0,32.87,57.13,2
12820,ml_baseline_90deg,2026-07-09 23:37:51.846353+05:30,90.0,33.22,56.78,2
12821,ml_baseline_90deg,2026-07-09 23:37:51.948812+05:30,90.0,33.75,56.25,2
12822,ml_baseline_90deg,2026-07-09 23:37:52.046632+05:30,90.0,34.1,55.9,2
12823,ml_baseline_90deg,2026-07-09 23:37:52.146992+05:30,90.0,34.63,55.37,2
12824,ml_baseline_90deg,2026-07-09 23:37:52.246533+05:30,90.0,34.98,55.02,2
12825,ml_baseline_90deg,2026-07-09 23:37:52.347354+05:30,90.0,35.51,54.49,2
12826,ml_baseline_90deg,2026-07-09 23:37:52.447439+05:30,90.0,36.04,53.96,1
12827,ml_baseline_90deg,2026-07-09 23:37:52.545258+05:30,90.0,36.21,53.79,2
12828,ml_baseline_90deg,2026-07-09 23:37:52.645626+05:30,90.0,36.74,53.26,2
12829,ml_baseline_90deg,2026-07-09 23:37:52.745926+05:30,90.0,37.09,52.91,2
12830,ml_baseline_90deg,2026-07-09 23:37:52.849325+05:30,90.0,37.62,52.38,2
12831,ml_baseline_90deg,2026-07-09 23:37:52.946457+05:30,90.0,38.14,51.86,2
12832,ml_baseline_90deg,2026-07-09 23:37:53.044949+05:30,90.0,38.5,51.5,2
12833,ml_baseline_90deg,2026-07-09 23:37:53.147003+05:30,90.0,39.02,50.98,2
12834,ml_baseline_90deg,2026-07-09 23:37:53.246340+05:30,90.0,39.38,50.63,2
12835,ml_baseline_90deg,2026-07-09 23:37:53.348177+05:30,90.0,39.73,50.27,1
12836,ml_baseline_90deg,2026-07-09 23:37:53.449011+05:30,90.0,40.08,49.92,2
12837,ml_baseline_90deg,2026-07-09 23:37:53.545150+05:30,90.0,40.43,49.57,2
12838,ml_baseline_90deg,2026-07-09 23:37:53.646136+05:30,90.0,40.78,49.22,2
12839,ml_baseline_90deg,2026-07-09 23:37:53.746096+05:30,90.0,41.31,48.69,2
12840,ml_baseline_90deg,2026-07-09 23:37:53.846009+05:30,90.0,41.66,48.34,2
12841,ml_baseline_90deg,2026-07-09 23:37:53.948829+05:30,90.0,42.19,47.81,2
12842,ml_baseline_90deg,2026-07-09 23:37:54.047558+05:30,90.0,42.54,47.46,2
12843,ml_baseline_90deg,2026-07-09 23:37:54.149804+05:30,90.0,42.89,47.11,2
12844,ml_baseline_90deg,2026-07-09 23:37:54.247408+05:30,90.0,43.42,46.58,1
12845,ml_baseline_90deg,2026-07-09 23:37:54.350943+05:30,90.0,43.59,46.41,2
12846,ml_baseline_90deg,2026-07-09 23:37:54.448231+05:30,90.0,44.12,45.88,2
12847,ml_baseline_90deg,2026-07-09 23:37:54.546287+05:30,90.0,44.47,45.53,2
12848,ml_baseline_90deg,2026-07-09 23:37:54.645657+05:30,90.0,44.82,45.18,2
12849,ml_baseline_90deg,2026-07-09 23:37:54.746809+05:30,90.0,45.35,44.65,2
12850,ml_baseline_90deg,2026-07-09 23:37:54.845714+05:30,90.0,45.7,44.3,2
12851,ml_baseline_90deg,2026-07-09 23:37:54.944677+05:30,90.0,46.05,43.95,2
12852,ml_baseline_90deg,2026-07-09 23:37:55.045300+05:30,90.0,46.58,43.42,2
12853,ml_baseline_90deg,2026-07-09 23:37:55.147576+05:30,90.0,46.93,43.07,1
12854,ml_baseline_90deg,2026-07-09 23:37:55.248046+05:30,90.0,47.11,42.89,2
12855,ml_baseline_90deg,2026-07-09 23:37:55.347604+05:30,90.0,47.64,42.36,2
12856,ml_baseline_90deg,2026-07-09 23:37:55.447440+05:30,90.0,47.99,42.01,2
12857,ml_baseline_90deg,2026-07-09 23:37:55.546197+05:30,90.0,48.52,41.48,2
12858,ml_baseline_90deg,2026-07-09 23:37:55.647364+05:30,90.0,48.87,41.13,2
12859,ml_baseline_90deg,2026-07-09 23:37:55.747330+05:30,90.0,49.39,40.61,2
12860,ml_baseline_90deg,2026-07-09 23:37:55.844277+05:30,90.0,49.75,40.25,2
12861,ml_baseline_90deg,2026-07-09 23:37:55.945504+05:30,90.0,50.1,39.9,2
12862,ml_baseline_90deg,2026-07-09 23:37:56.045848+05:30,90.0,50.45,39.55,1
12863,ml_baseline_90deg,2026-07-09 23:37:56.148615+05:30,90.0,50.8,39.2,2
12864,ml_baseline_90deg,2026-07-09 23:37:56.246745+05:30,90.0,51.33,38.67,2
12865,ml_baseline_90deg,2026-07-09 23:37:56.347689+05:30,90.0,51.68,38.32,2
12866,ml_baseline_90deg,2026-07-09 23:37:56.445418+05:30,90.0,52.03,37.97,2
12867,ml_baseline_90deg,2026-07-09 23:37:56.545335+05:30,90.0,52.56,37.44,2
12868,ml_baseline_90deg,2026-07-09 23:37:56.646714+05:30,90.0,52.91,37.09,2
12869,ml_baseline_90deg,2026-07-09 23:37:56.745295+05:30,90.0,53.26,36.74,2
12870,ml_baseline_90deg,2026-07-09 23:37:56.846856+05:30,90.0,53.79,36.21,2
12871,ml_baseline_90deg,2026-07-09 23:37:56.945163+05:30,90.0,54.14,35.86,1
12872,ml_baseline_90deg,2026-07-09 23:37:57.045768+05:30,90.0,54.49,35.51,2
12873,ml_baseline_90deg,2026-07-09 23:37:57.145825+05:30,90.0,54.84,35.16,2
12874,ml_baseline_90deg,2026-07-09 23:37:57.246371+05:30,90.0,55.2,34.8,2
12875,ml_baseline_90deg,2026-07-09 23:37:57.345066+05:30,90.0,55.72,34.28,2
12876,ml_baseline_90deg,2026-07-09 23:37:57.446642+05:30,90.0,56.07,33.93,2
12877,ml_baseline_90deg,2026-07-09 23:37:57.544242+05:30,90.0,56.43,33.57,2
12878,ml_baseline_90deg,2026-07-09 23:37:57.647728+05:30,90.0,56.95,33.05,2
12879,ml_baseline_90deg,2026-07-09 23:37:57.745866+05:30,90.0,57.3,32.7,2
12880,ml_baseline_90deg,2026-07-09 23:37:57.846866+05:30,90.0,57.66,32.34,1
12881,ml_baseline_90deg,2026-07-09 23:37:57.946934+05:30,90.0,58.01,31.99,2
12882,ml_baseline_90deg,2026-07-09 23:37:58.046132+05:30,90.0,58.54,31.46,2
12883,ml_baseline_90deg,2026-07-09 23:37:58.147555+05:30,90.0,58.89,31.11,2
12884,ml_baseline_90deg,2026-07-09 23:37:58.247610+05:30,90.0,59.41,30.59,2
12885,ml_baseline_90deg,2026-07-09 23:37:58.346498+05:30,90.0,59.77,30.23,2
12886,ml_baseline_90deg,2026-07-09 23:37:58.444625+05:30,90.0,60.29,29.71,2
12887,ml_baseline_90deg,2026-07-09 23:37:58.546565+05:30,90.0,60.64,29.36,2
12888,ml_baseline_90deg,2026-07-09 23:37:58.646189+05:30,90.0,61.17,28.83,2
12889,ml_baseline_90deg,2026-07-09 23:37:58.746556+05:30,90.0,61.35,28.65,1
12890,ml_baseline_90deg,2026-07-09 23:37:58.845252+05:30,90.0,61.7,28.3,2
12891,ml_baseline_90deg,2026-07-09 23:37:58.946648+05:30,90.0,62.05,27.95,2
12892,ml_baseline_90deg,2026-07-09 23:37:59.047219+05:30,90.0,62.58,27.42,2
12893,ml_baseline_90deg,2026-07-09 23:37:59.145894+05:30,90.0,62.93,27.07,2
12894,ml_baseline_90deg,2026-07-09 23:37:59.247232+05:30,90.0,63.46,26.54,2
12895,ml_baseline_90deg,2026-07-09 23:37:59.345543+05:30,90.0,63.81,26.19,2
12896,ml_baseline_90deg,2026-07-09 23:37:59.446077+05:30,90.0,64.34,25.66,2
12897,ml_baseline_90deg,2026-07-09 23:37:59.546814+05:30,90.0,64.69,25.31,2
12898,ml_baseline_90deg,2026-07-09 23:37:59.646022+05:30,90.0,65.04,24.96,1
12899,ml_baseline_90deg,2026-07-09 23:37:59.745583+05:30,90.0,65.21,24.79,2
12900,ml_baseline_90deg,2026-07-09 23:37:59.847215+05:30,90.0,65.74,24.26,2
12901,ml_baseline_90deg,2026-07-09 23:37:59.945841+05:30,90.0,66.09,23.91,2
12902,ml_baseline_90deg,2026-07-09 23:38:00.045584+05:30,90.0,66.62,23.38,2
12903,ml_baseline_90deg,2026-07-09 23:38:00.147299+05:30,90.0,66.97,23.03,2
12904,ml_baseline_90deg,2026-07-09 23:38:00.245877+05:30,90.0,67.32,22.68,2
12905,ml_baseline_90deg,2026-07-09 23:38:00.346220+05:30,90.0,67.68,22.32,2
12906,ml_baseline_90deg,2026-07-09 23:38:00.444879+05:30,90.0,68.03,21.97,2
12907,ml_baseline_90deg,2026-07-09 23:38:00.546168+05:30,90.0,68.38,21.62,1
12908,ml_baseline_90deg,2026-07-09 23:38:00.646006+05:30,90.0,68.73,21.27,2
12909,ml_baseline_90deg,2026-07-09 23:38:00.746015+05:30,90.0,69.08,20.92,2
12910,ml_baseline_90deg,2026-07-09 23:38:00.845650+05:30,90.0,69.61,20.39,2
12911,ml_baseline_90deg,2026-07-09 23:38:00.948464+05:30,90.0,69.96,20.04,2
12912,ml_baseline_90deg,2026-07-09 23:38:01.045924+05:30,90.0,70.49,19.51,2
12913,ml_baseline_90deg,2026-07-09 23:38:01.144592+05:30,90.0,70.84,19.16,2
12914,ml_baseline_90deg,2026-07-09 23:38:01.246436+05:30,90.0,71.37,18.63,2
12915,ml_baseline_90deg,2026-07-09 23:38:01.345807+05:30,90.0,71.72,18.28,2
12916,ml_baseline_90deg,2026-07-09 23:38:01.449352+05:30,90.0,72.07,17.93,1
12917,ml_baseline_90deg,2026-07-09 23:38:01.544077+05:30,90.0,72.42,17.58,2
12918,ml_baseline_90deg,2026-07-09 23:38:01.647621+05:30,90.0,72.95,17.05,2
12919,ml_baseline_90deg,2026-07-09 23:38:01.745144+05:30,90.0,73.3,16.7,2
12920,ml_baseline_90deg,2026-07-09 23:38:01.844822+05:30,90.0,73.83,16.17,2
12921,ml_baseline_90deg,2026-07-09 23:38:01.946445+05:30,90.0,74.18,15.82,2
12922,ml_baseline_90deg,2026-07-09 23:38:02.046198+05:30,90.0,74.53,15.47,2
12923,ml_baseline_90deg,2026-07-09 23:38:02.151224+05:30,90.0,75.06,14.94,2
12924,ml_baseline_90deg,2026-07-09 23:38:02.247879+05:30,90.0,75.41,14.59,2
12925,ml_baseline_90deg,2026-07-09 23:38:02.346306+05:30,90.0,75.94,14.06,1
12926,ml_baseline_90deg,2026-07-09 23:38:02.447558+05:30,90.0,76.11,13.89,2
12927,ml_baseline_90deg,2026-07-09 23:38:02.549050+05:30,90.0,76.64,13.36,2
12928,ml_baseline_90deg,2026-07-09 23:38:02.645684+05:30,90.0,76.99,13.01,2
12929,ml_baseline_90deg,2026-07-09 23:38:02.745901+05:30,90.0,77.52,12.48,2
12930,ml_baseline_90deg,2026-07-09 23:38:02.847451+05:30,90.0,77.87,12.13,2
12931,ml_baseline_90deg,2026-07-09 23:38:02.948327+05:30,90.0,78.4,11.6,2
12932,ml_baseline_90deg,2026-07-09 23:38:03.047733+05:30,90.0,78.75,11.25,2
12933,ml_baseline_90deg,2026-07-09 23:38:03.147867+05:30,90.0,79.28,10.72,2
12934,ml_baseline_90deg,2026-07-09 23:38:03.249021+05:30,90.0,79.63,10.37,1
12935,ml_baseline_90deg,2026-07-09 23:38:03.347614+05:30,90.0,79.8,10.2,2
12936,ml_baseline_90deg,2026-07-09 23:38:03.448767+05:30,90.0,80.33,9.67,2
12937,ml_baseline_90deg,2026-07-09 23:38:03.547338+05:30,90.0,80.68,9.32,2
12938,ml_baseline_90deg,2026-07-09 23:38:03.646569+05:30,90.0,81.04,8.96,2
12939,ml_baseline_90deg,2026-07-09 23:38:03.747502+05:30,90.0,81.39,8.61,2
12940,ml_baseline_90deg,2026-07-09 23:38:03.845959+05:30,90.0,81.56,8.44,2
12941,ml_baseline_90deg,2026-07-09 23:38:03.946163+05:30,90.0,81.56,8.44,2
12942,ml_baseline_90deg,2026-07-09 23:38:04.046207+05:30,90.0,81.56,8.44,2
12943,ml_baseline_90deg,2026-07-09 23:38:04.147819+05:30,90.0,81.74,8.26,1
12944,ml_baseline_90deg,2026-07-09 23:38:04.247200+05:30,90.0,81.91,8.09,2
12945,ml_baseline_90deg,2026-07-09 23:38:04.347180+05:30,90.0,82.44,7.56,2
12946,ml_baseline_90deg,2026-07-09 23:38:04.446429+05:30,90.0,82.79,7.21,2
12947,ml_baseline_90deg,2026-07-09 23:38:04.545983+05:30,90.0,83.14,6.86,2
12948,ml_baseline_90deg,2026-07-09 23:38:04.645268+05:30,90.0,83.67,6.33,2
12949,ml_baseline_90deg,2026-07-09 23:38:04.745144+05:30,90.0,83.85,6.15,2
12950,ml_baseline_90deg,2026-07-09 23:38:04.846221+05:30,90.0,83.85,6.15,2
12951,ml_baseline_90deg,2026-07-09 23:38:04.946550+05:30,0.0,84.02,-84.02,2
12952,ml_baseline_90deg,2026-07-09 23:38:05.046893+05:30,0.0,84.02,-84.02,2
12953,ml_baseline_90deg,2026-07-09 23:38:05.145096+05:30,0.0,84.02,-84.02,2
12954,ml_baseline_90deg,2026-07-09 23:38:05.245262+05:30,0.0,84.02,-84.02,2
12955,ml_baseline_90deg,2026-07-09 23:38:05.346485+05:30,0.0,84.02,-84.02,2
12956,ml_baseline_90deg,2026-07-09 23:38:05.447002+05:30,0.0,84.02,-84.02,2
12957,ml_baseline_90deg,2026-07-09 23:38:05.546441+05:30,0.0,84.02,-84.02,2
12958,ml_baseline_90deg,2026-07-09 23:38:05.645781+05:30,0.0,84.02,-84.02,2
12959,ml_baseline_90deg,2026-07-09 23:38:05.746562+05:30,0.0,84.02,-84.02,1
12960,ml_baseline_90deg,2026-07-09 23:38:05.848277+05:30,0.0,84.02,-84.02,2
12961,ml_baseline_90deg,2026-07-09 23:38:05.945473+05:30,0.0,83.85,-83.85,2
12962,ml_baseline_90deg,2026-07-09 23:38:06.044874+05:30,0.0,83.67,-83.67,2
12963,ml_baseline_90deg,2026-07-09 23:38:06.145529+05:30,0.0,83.67,-83.67,2
12964,ml_baseline_90deg,2026-07-09 23:38:06.249165+05:30,0.0,83.32,-83.32,2
12965,ml_baseline_90deg,2026-07-09 23:38:06.350395+05:30,0.0,82.97,-82.97,2
12966,ml_baseline_90deg,2026-07-09 23:38:06.443948+05:30,0.0,82.62,-82.62,2
12967,ml_baseline_90deg,2026-07-09 23:38:06.544450+05:30,0.0,82.09,-82.09,2
12968,ml_baseline_90deg,2026-07-09 23:38:06.646926+05:30,0.0,81.74,-81.74,1
12969,ml_baseline_90deg,2026-07-09 23:38:06.747153+05:30,0.0,81.21,-81.21,2
12970,ml_baseline_90deg,2026-07-09 23:38:06.846036+05:30,0.0,80.68,-80.68,2
12971,ml_baseline_90deg,2026-07-09 23:38:06.949646+05:30,0.0,80.16,-80.16,2
12972,ml_baseline_90deg,2026-07-09 23:38:07.045976+05:30,0.0,79.8,-79.8,2
12973,ml_baseline_90deg,2026-07-09 23:38:07.145508+05:30,0.0,79.28,-79.28,2
12974,ml_baseline_90deg,2026-07-09 23:38:07.247077+05:30,0.0,78.75,-78.75,2
12975,ml_baseline_90deg,2026-07-09 23:38:07.347244+05:30,0.0,78.22,-78.22,2
12976,ml_baseline_90deg,2026-07-09 23:38:07.447295+05:30,0.0,77.7,-77.7,2
12977,ml_baseline_90deg,2026-07-09 23:38:07.546296+05:30,0.0,77.34,-77.34,1
12978,ml_baseline_90deg,2026-07-09 23:38:07.648203+05:30,0.0,76.82,-76.82,2
12979,ml_baseline_90deg,2026-07-09 23:38:07.746342+05:30,0.0,76.46,-76.46,2
12980,ml_baseline_90deg,2026-07-09 23:38:07.846267+05:30,0.0,75.94,-75.94,2
12981,ml_baseline_90deg,2026-07-09 23:38:07.951695+05:30,0.0,75.41,-75.41,2
12982,ml_baseline_90deg,2026-07-09 23:38:08.046372+05:30,0.0,75.06,-75.06,2
12983,ml_baseline_90deg,2026-07-09 23:38:08.147538+05:30,0.0,74.53,-74.53,2
12984,ml_baseline_90deg,2026-07-09 23:38:08.247089+05:30,0.0,74.0,-74.0,2
12985,ml_baseline_90deg,2026-07-09 23:38:08.346259+05:30,0.0,73.48,-73.48,2
12986,ml_baseline_90deg,2026-07-09 23:38:08.448650+05:30,0.0,72.95,-72.95,1
12987,ml_baseline_90deg,2026-07-09 23:38:08.546350+05:30,0.0,72.6,-72.6,2
12988,ml_baseline_90deg,2026-07-09 23:38:08.647003+05:30,0.0,72.07,-72.07,2
12989,ml_baseline_90deg,2026-07-09 23:38:08.746510+05:30,0.0,71.54,-71.54,2
12990,ml_baseline_90deg,2026-07-09 23:38:08.846554+05:30,0.0,71.19,-71.19,2
12991,ml_baseline_90deg,2026-07-09 23:38:08.944953+05:30,0.0,70.66,-70.66,2
12992,ml_baseline_90deg,2026-07-09 23:38:09.046091+05:30,0.0,70.14,-70.14,2
12993,ml_baseline_90deg,2026-07-09 23:38:09.144599+05:30,0.0,69.79,-69.79,2
12994,ml_baseline_90deg,2026-07-09 23:38:09.245871+05:30,0.0,69.26,-69.26,2
12995,ml_baseline_90deg,2026-07-09 23:38:09.345095+05:30,0.0,68.73,-68.73,1
12996,ml_baseline_90deg,2026-07-09 23:38:09.447845+05:30,0.0,68.38,-68.38,2
12997,ml_baseline_90deg,2026-07-09 23:38:09.546837+05:30,0.0,68.03,-68.03,2
12998,ml_baseline_90deg,2026-07-09 23:38:09.646889+05:30,0.0,67.5,-67.5,2
12999,ml_baseline_90deg,2026-07-09 23:38:09.748485+05:30,0.0,66.97,-66.97,2
13000,ml_baseline_90deg,2026-07-09 23:38:09.845552+05:30,0.0,66.62,-66.62,2
13001,ml_baseline_90deg,2026-07-09 23:38:09.945515+05:30,0.0,66.09,-66.09,2
13002,ml_baseline_90deg,2026-07-09 23:38:10.046404+05:30,0.0,65.57,-65.57,2
13003,ml_baseline_90deg,2026-07-09 23:38:10.145481+05:30,0.0,65.04,-65.04,2
13004,ml_baseline_90deg,2026-07-09 23:38:10.245594+05:30,0.0,64.69,-64.69,1
13005,ml_baseline_90deg,2026-07-09 23:38:10.348854+05:30,0.0,64.16,-64.16,2
13006,ml_baseline_90deg,2026-07-09 23:38:10.445542+05:30,0.0,63.63,-63.63,2
13007,ml_baseline_90deg,2026-07-09 23:38:10.547165+05:30,0.0,63.28,-63.28,2
13008,ml_baseline_90deg,2026-07-09 23:38:10.645941+05:30,0.0,62.75,-62.75,2
13009,ml_baseline_90deg,2026-07-09 23:38:10.748433+05:30,0.0,62.23,-62.23,2
13010,ml_baseline_90deg,2026-07-09 23:38:10.845312+05:30,0.0,61.88,-61.88,2
13011,ml_baseline_90deg,2026-07-09 23:38:10.946749+05:30,0.0,61.35,-61.35,2
13012,ml_baseline_90deg,2026-07-09 23:38:11.047132+05:30,0.0,61.0,-61.0,2
13013,ml_baseline_90deg,2026-07-09 23:38:11.145761+05:30,0.0,60.47,-60.47,1
13014,ml_baseline_90deg,2026-07-09 23:38:11.246579+05:30,0.0,60.12,-60.12,2
13015,ml_baseline_90deg,2026-07-09 23:38:11.349950+05:30,0.0,59.59,-59.59,2
13016,ml_baseline_90deg,2026-07-09 23:38:11.449808+05:30,0.0,59.24,-59.24,2
13017,ml_baseline_90deg,2026-07-09 23:38:11.545291+05:30,0.0,58.71,-58.71,2
13018,ml_baseline_90deg,2026-07-09 23:38:11.645135+05:30,0.0,58.36,-58.36,2
13019,ml_baseline_90deg,2026-07-09 23:38:11.745929+05:30,0.0,57.83,-57.83,2
13020,ml_baseline_90deg,2026-07-09 23:38:11.847925+05:30,0.0,57.48,-57.48,2
13021,ml_baseline_90deg,2026-07-09 23:38:11.947477+05:30,0.0,56.95,-56.95,2
13022,ml_baseline_90deg,2026-07-09 23:38:12.047714+05:30,0.0,56.43,-56.43,1
13023,ml_baseline_90deg,2026-07-09 23:38:12.146119+05:30,0.0,56.07,-56.07,2
13024,ml_baseline_90deg,2026-07-09 23:38:12.246659+05:30,0.0,55.55,-55.55,2
13025,ml_baseline_90deg,2026-07-09 23:38:12.353164+05:30,0.0,55.2,-55.2,2
13026,ml_baseline_90deg,2026-07-09 23:38:12.445304+05:30,0.0,54.67,-54.67,2
13027,ml_baseline_90deg,2026-07-09 23:38:12.546398+05:30,0.0,54.14,-54.14,2
13028,ml_baseline_90deg,2026-07-09 23:38:12.646602+05:30,0.0,53.79,-53.79,2
13029,ml_baseline_90deg,2026-07-09 23:38:12.746351+05:30,0.0,53.44,-53.44,2
13030,ml_baseline_90deg,2026-07-09 23:38:12.847372+05:30,0.0,52.91,-52.91,2
13031,ml_baseline_90deg,2026-07-09 23:38:12.944938+05:30,0.0,52.38,-52.38,1
13032,ml_baseline_90deg,2026-07-09 23:38:13.044813+05:30,0.0,52.03,-52.03,2
13033,ml_baseline_90deg,2026-07-09 23:38:13.148277+05:30,0.0,51.5,-51.5,2
13034,ml_baseline_90deg,2026-07-09 23:38:13.246316+05:30,0.0,50.98,-50.98,2
13035,ml_baseline_90deg,2026-07-09 23:38:13.346210+05:30,0.0,50.45,-50.45,2
13036,ml_baseline_90deg,2026-07-09 23:38:13.446268+05:30,0.0,50.1,-50.1,2
13037,ml_baseline_90deg,2026-07-09 23:38:13.547023+05:30,0.0,49.57,-49.57,2
13038,ml_baseline_90deg,2026-07-09 23:38:13.647039+05:30,0.0,49.22,-49.22,2
13039,ml_baseline_90deg,2026-07-09 23:38:13.746830+05:30,0.0,48.69,-48.69,2
13040,ml_baseline_90deg,2026-07-09 23:38:13.845209+05:30,0.0,48.34,-48.34,1
13041,ml_baseline_90deg,2026-07-09 23:38:13.946847+05:30,0.0,47.81,-47.81,2
13042,ml_baseline_90deg,2026-07-09 23:38:14.046278+05:30,0.0,47.46,-47.46,2
13043,ml_baseline_90deg,2026-07-09 23:38:14.147938+05:30,0.0,46.93,-46.93,2
13044,ml_baseline_90deg,2026-07-09 23:38:14.247258+05:30,0.0,46.41,-46.41,2
13045,ml_baseline_90deg,2026-07-09 23:38:14.349323+05:30,0.0,46.05,-46.05,2
13046,ml_baseline_90deg,2026-07-09 23:38:14.446724+05:30,0.0,45.53,-45.53,2
13047,ml_baseline_90deg,2026-07-09 23:38:14.546361+05:30,0.0,45.18,-45.18,2
13048,ml_baseline_90deg,2026-07-09 23:38:14.646559+05:30,0.0,44.65,-44.65,2
13049,ml_baseline_90deg,2026-07-09 23:38:14.748580+05:30,0.0,44.12,-44.12,1
13050,ml_baseline_90deg,2026-07-09 23:38:14.846728+05:30,0.0,43.77,-43.77,2
13051,ml_baseline_90deg,2026-07-09 23:38:14.947485+05:30,0.0,43.24,-43.24,2
13052,ml_baseline_90deg,2026-07-09 23:38:15.048329+05:30,0.0,42.89,-42.89,2
13053,ml_baseline_90deg,2026-07-09 23:38:15.145478+05:30,0.0,42.36,-42.36,2
13054,ml_baseline_90deg,2026-07-09 23:38:15.247673+05:30,0.0,41.84,-41.84,2
13055,ml_baseline_90deg,2026-07-09 23:38:15.353838+05:30,0.0,41.48,-41.48,2
13056,ml_baseline_90deg,2026-07-09 23:38:15.446466+05:30,0.0,40.96,-40.96,2
13057,ml_baseline_90deg,2026-07-09 23:38:15.547255+05:30,0.0,40.43,-40.43,2
13058,ml_baseline_90deg,2026-07-09 23:38:15.647698+05:30,0.0,40.08,-40.08,1
13059,ml_baseline_90deg,2026-07-09 23:38:15.747418+05:30,0.0,39.55,-39.55,2
13060,ml_baseline_90deg,2026-07-09 23:38:15.846562+05:30,0.0,39.2,-39.2,2
13061,ml_baseline_90deg,2026-07-09 23:38:15.946202+05:30,0.0,38.67,-38.67,2
13062,ml_baseline_90deg,2026-07-09 23:38:16.048454+05:30,0.0,38.14,-38.14,2
13063,ml_baseline_90deg,2026-07-09 23:38:16.148930+05:30,0.0,37.79,-37.79,2
13064,ml_baseline_90deg,2026-07-09 23:38:16.247663+05:30,0.0,37.27,-37.27,2
13065,ml_baseline_90deg,2026-07-09 23:38:16.347174+05:30,0.0,36.91,-36.91,2
13066,ml_baseline_90deg,2026-07-09 23:38:16.447603+05:30,0.0,36.39,-36.39,2
13067,ml_baseline_90deg,2026-07-09 23:38:16.547738+05:30,0.0,35.86,-35.86,1
13068,ml_baseline_90deg,2026-07-09 23:38:16.646325+05:30,0.0,35.51,-35.51,2
13069,ml_baseline_90deg,2026-07-09 23:38:16.746631+05:30,0.0,34.98,-34.98,2
13070,ml_baseline_90deg,2026-07-09 23:38:16.846147+05:30,0.0,34.45,-34.45,2
13071,ml_baseline_90deg,2026-07-09 23:38:16.946598+05:30,0.0,33.93,-33.93,2
13072,ml_baseline_90deg,2026-07-09 23:38:17.046412+05:30,0.0,33.57,-33.57,2
13073,ml_baseline_90deg,2026-07-09 23:38:17.146422+05:30,0.0,33.05,-33.05,2
13074,ml_baseline_90deg,2026-07-09 23:38:17.246855+05:30,0.0,32.7,-32.7,2
13075,ml_baseline_90deg,2026-07-09 23:38:17.345322+05:30,0.0,32.17,-32.17,2
13076,ml_baseline_90deg,2026-07-09 23:38:17.446243+05:30,0.0,31.82,-31.82,1
13077,ml_baseline_90deg,2026-07-09 23:38:17.548109+05:30,0.0,31.29,-31.29,2
13078,ml_baseline_90deg,2026-07-09 23:38:17.646343+05:30,0.0,30.76,-30.76,2
13079,ml_baseline_90deg,2026-07-09 23:38:17.746474+05:30,0.0,30.41,-30.41,2
13080,ml_baseline_90deg,2026-07-09 23:38:17.846861+05:30,0.0,29.88,-29.88,2
13081,ml_baseline_90deg,2026-07-09 23:38:17.947151+05:30,0.0,29.71,-29.71,2
13082,ml_baseline_90deg,2026-07-09 23:38:18.045507+05:30,0.0,29.36,-29.36,2
13083,ml_baseline_90deg,2026-07-09 23:38:18.148205+05:30,0.0,29.0,-29.0,2
13084,ml_baseline_90deg,2026-07-09 23:38:18.246682+05:30,0.0,28.65,-28.65,2
13085,ml_baseline_90deg,2026-07-09 23:38:18.349025+05:30,0.0,28.12,-28.12,1
13086,ml_baseline_90deg,2026-07-09 23:38:18.447560+05:30,0.0,27.77,-27.77,2
13087,ml_baseline_90deg,2026-07-09 23:38:18.546745+05:30,0.0,27.25,-27.25,2
13088,ml_baseline_90deg,2026-07-09 23:38:18.646219+05:30,0.0,26.54,-26.54,2
13089,ml_baseline_90deg,2026-07-09 23:38:18.746140+05:30,0.0,26.19,-26.19,2
13090,ml_baseline_90deg,2026-07-09 23:38:18.846223+05:30,0.0,25.84,-25.84,2
13091,ml_baseline_90deg,2026-07-09 23:38:18.946347+05:30,0.0,25.31,-25.31,2
13092,ml_baseline_90deg,2026-07-09 23:38:19.047200+05:30,0.0,24.96,-24.96,2
13093,ml_baseline_90deg,2026-07-09 23:38:19.146770+05:30,0.0,24.43,-24.43,2
13094,ml_baseline_90deg,2026-07-09 23:38:19.250373+05:30,0.0,24.08,-24.08,1
13095,ml_baseline_90deg,2026-07-09 23:38:19.346547+05:30,0.0,23.73,-23.73,2
13096,ml_baseline_90deg,2026-07-09 23:38:19.447084+05:30,0.0,23.2,-23.2,2
13097,ml_baseline_90deg,2026-07-09 23:38:19.548342+05:30,0.0,22.68,-22.68,2
13098,ml_baseline_90deg,2026-07-09 23:38:19.646397+05:30,0.0,22.32,-22.32,2
13099,ml_baseline_90deg,2026-07-09 23:38:19.746516+05:30,0.0,21.8,-21.8,2
13100,ml_baseline_90deg,2026-07-09 23:38:19.846386+05:30,0.0,21.27,-21.27,2
13101,ml_baseline_90deg,2026-07-09 23:38:19.948756+05:30,0.0,20.92,-20.92,2
13102,ml_baseline_90deg,2026-07-09 23:38:20.045382+05:30,0.0,20.39,-20.39,2
13103,ml_baseline_90deg,2026-07-09 23:38:20.144742+05:30,0.0,19.86,-19.86,1
13104,ml_baseline_90deg,2026-07-09 23:38:20.245910+05:30,0.0,19.69,-19.69,2
13105,ml_baseline_90deg,2026-07-09 23:38:20.348042+05:30,0.0,19.16,-19.16,2
13106,ml_baseline_90deg,2026-07-09 23:38:20.447272+05:30,0.0,18.63,-18.63,2
13107,ml_baseline_90deg,2026-07-09 23:38:20.546220+05:30,0.0,18.28,-18.28,2
13108,ml_baseline_90deg,2026-07-09 23:38:20.647315+05:30,0.0,17.75,-17.75,2
13109,ml_baseline_90deg,2026-07-09 23:38:20.746373+05:30,0.0,17.23,-17.23,2
13110,ml_baseline_90deg,2026-07-09 23:38:20.848228+05:30,0.0,16.87,-16.87,2
13111,ml_baseline_90deg,2026-07-09 23:38:20.946386+05:30,0.0,16.52,-16.52,2
13112,ml_baseline_90deg,2026-07-09 23:38:21.045857+05:30,0.0,16.0,-16.0,1
13113,ml_baseline_90deg,2026-07-09 23:38:21.147153+05:30,0.0,15.82,-15.82,2
13114,ml_baseline_90deg,2026-07-09 23:38:21.246834+05:30,0.0,15.47,-15.47,2
13115,ml_baseline_90deg,2026-07-09 23:38:21.345453+05:30,0.0,14.94,-14.94,2
13116,ml_baseline_90deg,2026-07-09 23:38:21.448357+05:30,0.0,14.59,-14.59,2
13117,ml_baseline_90deg,2026-07-09 23:38:21.546737+05:30,0.0,14.06,-14.06,2
13118,ml_baseline_90deg,2026-07-09 23:38:21.648727+05:30,0.0,13.54,-13.54,2
13119,ml_baseline_90deg,2026-07-09 23:38:21.747639+05:30,0.0,13.01,-13.01,2
13120,ml_baseline_90deg,2026-07-09 23:38:21.845360+05:30,0.0,12.66,-12.66,2
13121,ml_baseline_90deg,2026-07-09 23:38:21.946186+05:30,0.0,12.13,-12.13,1
13122,ml_baseline_90deg,2026-07-09 23:38:22.045865+05:30,0.0,11.78,-11.78,2
13123,ml_baseline_90deg,2026-07-09 23:38:22.148930+05:30,0.0,11.25,-11.25,2
13124,ml_baseline_90deg,2026-07-09 23:38:22.246326+05:30,0.0,10.9,-10.9,2
13125,ml_baseline_90deg,2026-07-09 23:38:22.347412+05:30,0.0,10.55,-10.55,2
13126,ml_baseline_90deg,2026-07-09 23:38:22.449780+05:30,0.0,10.2,-10.2,2
13127,ml_baseline_90deg,2026-07-09 23:38:22.546854+05:30,0.0,9.67,-9.67,2
13128,ml_baseline_90deg,2026-07-09 23:38:22.646970+05:30,0.0,9.32,-9.32,2
13129,ml_baseline_90deg,2026-07-09 23:38:22.747549+05:30,0.0,8.79,-8.79,2
13130,ml_baseline_90deg,2026-07-09 23:38:22.847329+05:30,0.0,8.61,-8.61,1
13131,ml_baseline_90deg,2026-07-09 23:38:22.945863+05:30,0.0,8.09,-8.09,2
13132,ml_baseline_90deg,2026-07-09 23:38:23.045245+05:30,0.0,7.73,-7.73,2
13133,ml_baseline_90deg,2026-07-09 23:38:23.146910+05:30,0.0,7.38,-7.38,2
13134,ml_baseline_90deg,2026-07-09 23:38:23.246395+05:30,0.0,6.68,-6.68,2
13135,ml_baseline_90deg,2026-07-09 23:38:23.348766+05:30,0.0,6.15,-6.15,2
13136,ml_baseline_90deg,2026-07-09 23:38:23.446421+05:30,0.0,5.62,-5.62,2
13137,ml_baseline_90deg,2026-07-09 23:38:23.547135+05:30,0.0,5.1,-5.1,2
13138,ml_baseline_90deg,2026-07-09 23:38:23.645902+05:30,0.0,4.57,-4.57,1
13139,ml_baseline_90deg,2026-07-09 23:38:23.746128+05:30,0.0,4.22,-4.22,1
13140,ml_baseline_90deg,2026-07-09 23:38:23.844773+05:30,0.0,3.87,-3.87,1
13141,ml_baseline_90deg,2026-07-09 23:38:23.946484+05:30,0.0,3.52,-3.52,1
13142,ml_baseline_90deg,2026-07-09 23:38:24.046206+05:30,0.0,2.99,-2.99,2
13143,ml_baseline_90deg,2026-07-09 23:38:24.145206+05:30,0.0,2.64,-2.64,1
13144,ml_baseline_90deg,2026-07-09 23:38:24.247744+05:30,0.0,2.29,-2.29,1
13145,ml_baseline_90deg,2026-07-09 23:38:24.347708+05:30,0.0,1.93,-1.93,1
13146,ml_baseline_90deg,2026-07-09 23:38:24.445608+05:30,90.0,1.76,88.24,2
13147,ml_baseline_90deg,2026-07-09 23:38:24.544478+05:30,90.0,1.76,88.24,2
13148,ml_baseline_90deg,2026-07-09 23:38:24.647244+05:30,90.0,1.76,88.24,2
13149,ml_baseline_90deg,2026-07-09 23:38:24.748258+05:30,90.0,1.76,88.24,2
13150,ml_baseline_90deg,2026-07-09 23:38:24.847776+05:30,90.0,1.76,88.24,2
13151,ml_baseline_90deg,2026-07-09 23:38:24.945787+05:30,90.0,1.76,88.24,2
13152,ml_baseline_90deg,2026-07-09 23:38:25.045397+05:30,90.0,1.76,88.24,2
13153,ml_baseline_90deg,2026-07-09 23:38:25.145346+05:30,90.0,1.76,88.24,2
13154,ml_baseline_90deg,2026-07-09 23:38:25.246163+05:30,90.0,1.76,88.24,1
13155,ml_baseline_90deg,2026-07-09 23:38:25.347975+05:30,90.0,1.93,88.07,2
13156,ml_baseline_90deg,2026-07-09 23:38:25.448123+05:30,90.0,1.93,88.07,2
13157,ml_baseline_90deg,2026-07-09 23:38:25.547919+05:30,90.0,2.11,87.89,2
13158,ml_baseline_90deg,2026-07-09 23:38:25.646665+05:30,90.0,2.29,87.71,2
13159,ml_baseline_90deg,2026-07-09 23:38:25.746512+05:30,90.0,2.64,87.36,2
13160,ml_baseline_90deg,2026-07-09 23:38:25.849060+05:30,90.0,2.81,87.19,2
13161,ml_baseline_90deg,2026-07-09 23:38:25.947098+05:30,90.0,2.99,87.01,2
13162,ml_baseline_90deg,2026-07-09 23:38:26.046838+05:30,90.0,3.34,86.66,2
13163,ml_baseline_90deg,2026-07-09 23:38:26.147457+05:30,90.0,3.69,86.31,1
13164,ml_baseline_90deg,2026-07-09 23:38:26.248819+05:30,90.0,4.04,85.96,2
13165,ml_baseline_90deg,2026-07-09 23:38:26.345888+05:30,90.0,4.39,85.61,2
13166,ml_baseline_90deg,2026-07-09 23:38:26.445696+05:30,90.0,4.75,85.25,2
13167,ml_baseline_90deg,2026-07-09 23:38:26.546163+05:30,90.0,5.1,84.9,2
13168,ml_baseline_90deg,2026-07-09 23:38:26.646683+05:30,90.0,5.45,84.55,2
13169,ml_baseline_90deg,2026-07-09 23:38:26.744875+05:30,90.0,5.98,84.02,2
13170,ml_baseline_90deg,2026-07-09 23:38:26.846874+05:30,90.0,6.33,83.67,2
13171,ml_baseline_90deg,2026-07-09 23:38:26.948166+05:30,90.0,6.86,83.14,2
13172,ml_baseline_90deg,2026-07-09 23:38:27.045497+05:30,90.0,7.03,82.97,1
13173,ml_baseline_90deg,2026-07-09 23:38:27.149221+05:30,90.0,7.21,82.79,2
13174,ml_baseline_90deg,2026-07-09 23:38:27.246496+05:30,90.0,7.73,82.27,2
13175,ml_baseline_90deg,2026-07-09 23:38:27.346174+05:30,90.0,8.26,81.74,2
13176,ml_baseline_90deg,2026-07-09 23:38:27.447635+05:30,90.0,8.61,81.39,2
13177,ml_baseline_90deg,2026-07-09 23:38:27.546869+05:30,90.0,9.14,80.86,2
13178,ml_baseline_90deg,2026-07-09 23:38:27.648656+05:30,90.0,9.67,80.33,2
13179,ml_baseline_90deg,2026-07-09 23:38:27.747920+05:30,90.0,10.02,79.98,2
13180,ml_baseline_90deg,2026-07-09 23:38:27.847733+05:30,90.0,10.55,79.45,2
13181,ml_baseline_90deg,2026-07-09 23:38:27.947878+05:30,90.0,10.9,79.1,1
13182,ml_baseline_90deg,2026-07-09 23:38:28.045740+05:30,90.0,11.25,78.75,2
13183,ml_baseline_90deg,2026-07-09 23:38:28.148349+05:30,90.0,11.6,78.4,2
13184,ml_baseline_90deg,2026-07-09 23:38:28.247325+05:30,90.0,11.95,78.05,2
13185,ml_baseline_90deg,2026-07-09 23:38:28.346336+05:30,90.0,12.48,77.52,2
13186,ml_baseline_90deg,2026-07-09 23:38:28.445439+05:30,90.0,12.83,77.17,2
13187,ml_baseline_90deg,2026-07-09 23:38:28.548150+05:30,90.0,13.18,76.82,2
13188,ml_baseline_90deg,2026-07-09 23:38:28.646180+05:30,90.0,13.71,76.29,2
13189,ml_baseline_90deg,2026-07-09 23:38:28.746688+05:30,90.0,14.06,75.94,2
13190,ml_baseline_90deg,2026-07-09 23:38:28.847334+05:30,90.0,14.41,75.59,1
13191,ml_baseline_90deg,2026-07-09 23:38:28.945674+05:30,90.0,14.77,75.23,2
13192,ml_baseline_90deg,2026-07-09 23:38:29.044979+05:30,90.0,15.29,74.71,2
13193,ml_baseline_90deg,2026-07-09 23:38:29.146673+05:30,90.0,15.64,74.36,2
13194,ml_baseline_90deg,2026-07-09 23:38:29.246258+05:30,90.0,16.17,73.83,2
13195,ml_baseline_90deg,2026-07-09 23:38:29.347905+05:30,90.0,16.52,73.48,2
13196,ml_baseline_90deg,2026-07-09 23:38:29.446169+05:30,90.0,17.05,72.95,2
13197,ml_baseline_90deg,2026-07-09 23:38:29.545557+05:30,90.0,17.58,72.42,2
13198,ml_baseline_90deg,2026-07-09 23:38:29.645838+05:30,90.0,17.93,72.07,2
13199,ml_baseline_90deg,2026-07-09 23:38:29.750236+05:30,90.0,18.28,71.72,1
13200,ml_baseline_90deg,2026-07-09 23:38:29.846083+05:30,90.0,18.63,71.37,2
13201,ml_baseline_90deg,2026-07-09 23:38:29.947681+05:30,90.0,18.98,71.02,2
13202,ml_baseline_90deg,2026-07-09 23:38:30.046792+05:30,90.0,19.51,70.49,2
13203,ml_baseline_90deg,2026-07-09 23:38:30.146948+05:30,90.0,20.04,69.96,2
13204,ml_baseline_90deg,2026-07-09 23:38:30.245252+05:30,90.0,20.39,69.61,2
13205,ml_baseline_90deg,2026-07-09 23:38:30.348939+05:30,90.0,20.92,69.08,2
13206,ml_baseline_90deg,2026-07-09 23:38:30.446049+05:30,90.0,21.45,68.55,2
13207,ml_baseline_90deg,2026-07-09 23:38:30.547042+05:30,90.0,21.8,68.2,2
13208,ml_baseline_90deg,2026-07-09 23:38:30.646279+05:30,90.0,22.15,67.85,1
13209,ml_baseline_90deg,2026-07-09 23:38:30.747590+05:30,90.0,22.5,67.5,2
13210,ml_baseline_90deg,2026-07-09 23:38:30.846435+05:30,90.0,22.85,67.15,2
13211,ml_baseline_90deg,2026-07-09 23:38:30.947542+05:30,90.0,23.38,66.62,2
13212,ml_baseline_90deg,2026-07-09 23:38:31.045024+05:30,90.0,23.91,66.09,2
13213,ml_baseline_90deg,2026-07-09 23:38:31.147969+05:30,90.0,24.26,65.74,2
13214,ml_baseline_90deg,2026-07-09 23:38:31.244926+05:30,90.0,24.79,65.21,2
13215,ml_baseline_90deg,2026-07-09 23:38:31.346547+05:30,90.0,25.14,64.86,2
13216,ml_baseline_90deg,2026-07-09 23:38:31.446142+05:30,90.0,25.66,64.34,2
13217,ml_baseline_90deg,2026-07-09 23:38:31.550977+05:30,90.0,26.02,63.98,1
13218,ml_baseline_90deg,2026-07-09 23:38:31.646741+05:30,90.0,26.19,63.81,2
13219,ml_baseline_90deg,2026-07-09 23:38:31.748023+05:30,90.0,26.54,63.46,2
13220,ml_baseline_90deg,2026-07-09 23:38:31.848009+05:30,90.0,27.07,62.93,2
13221,ml_baseline_90deg,2026-07-09 23:38:31.948001+05:30,90.0,27.42,62.58,2
13222,ml_baseline_90deg,2026-07-09 23:38:32.045651+05:30,90.0,27.95,62.05,2
13223,ml_baseline_90deg,2026-07-09 23:38:32.148470+05:30,90.0,28.3,61.7,2
13224,ml_baseline_90deg,2026-07-09 23:38:32.246689+05:30,90.0,28.83,61.17,2
13225,ml_baseline_90deg,2026-07-09 23:38:32.345962+05:30,90.0,29.18,60.82,2
13226,ml_baseline_90deg,2026-07-09 23:38:32.446298+05:30,90.0,29.53,60.47,1
13227,ml_baseline_90deg,2026-07-09 23:38:32.547008+05:30,90.0,29.88,60.12,2
13228,ml_baseline_90deg,2026-07-09 23:38:32.646260+05:30,90.0,30.23,59.77,2
13229,ml_baseline_90deg,2026-07-09 23:38:32.746770+05:30,90.0,30.76,59.24,2
13230,ml_baseline_90deg,2026-07-09 23:38:32.848386+05:30,90.0,31.11,58.89,2
13231,ml_baseline_90deg,2026-07-09 23:38:32.945999+05:30,90.0,31.46,58.54,2
13232,ml_baseline_90deg,2026-07-09 23:38:33.045009+05:30,90.0,31.99,58.01,2
13233,ml_baseline_90deg,2026-07-09 23:38:33.147069+05:30,90.0,32.34,57.66,2
13234,ml_baseline_90deg,2026-07-09 23:38:33.246329+05:30,90.0,32.7,57.3,2
13235,ml_baseline_90deg,2026-07-09 23:38:33.346589+05:30,90.0,33.05,56.95,1
13236,ml_baseline_90deg,2026-07-09 23:38:33.445341+05:30,90.0,33.22,56.78,2
13237,ml_baseline_90deg,2026-07-09 23:38:33.547266+05:30,90.0,33.75,56.25,2
13238,ml_baseline_90deg,2026-07-09 23:38:33.646665+05:30,90.0,34.1,55.9,2
13239,ml_baseline_90deg,2026-07-09 23:38:33.746708+05:30,90.0,34.45,55.55,2
13240,ml_baseline_90deg,2026-07-09 23:38:33.848498+05:30,90.0,34.8,55.2,2
13241,ml_baseline_90deg,2026-07-09 23:38:33.946232+05:30,90.0,35.16,54.84,2
13242,ml_baseline_90deg,2026-07-09 23:38:34.044453+05:30,90.0,35.51,54.49,2
13243,ml_baseline_90deg,2026-07-09 23:38:34.147765+05:30,90.0,35.86,54.14,2
13244,ml_baseline_90deg,2026-07-09 23:38:34.245522+05:30,90.0,36.21,53.79,1
13245,ml_baseline_90deg,2026-07-09 23:38:34.346815+05:30,90.0,36.39,53.61,2
13246,ml_baseline_90deg,2026-07-09 23:38:34.448399+05:30,90.0,36.74,53.26,2
13247,ml_baseline_90deg,2026-07-09 23:38:34.546187+05:30,90.0,37.27,52.73,2
13248,ml_baseline_90deg,2026-07-09 23:38:34.652265+05:30,90.0,37.62,52.38,2
13249,ml_baseline_90deg,2026-07-09 23:38:34.746615+05:30,90.0,37.97,52.03,2
13250,ml_baseline_90deg,2026-07-09 23:38:34.847384+05:30,90.0,38.32,51.68,2
13251,ml_baseline_90deg,2026-07-09 23:38:34.946454+05:30,90.0,38.67,51.33,2
13252,ml_baseline_90deg,2026-07-09 23:38:35.046836+05:30,90.0,39.02,50.98,2
13253,ml_baseline_90deg,2026-07-09 23:38:35.145168+05:30,90.0,39.38,50.63,1
13254,ml_baseline_90deg,2026-07-09 23:38:35.247758+05:30,90.0,39.55,50.45,2
13255,ml_baseline_90deg,2026-07-09 23:38:35.345516+05:30,90.0,39.73,50.27,2
13256,ml_baseline_90deg,2026-07-09 23:38:35.444900+05:30,90.0,39.73,50.27,2
13257,ml_baseline_90deg,2026-07-09 23:38:35.545699+05:30,90.0,39.9,50.1,2
13258,ml_baseline_90deg,2026-07-09 23:38:35.648076+05:30,90.0,39.9,50.1,2
13259,ml_baseline_90deg,2026-07-09 23:38:35.746940+05:30,90.0,39.9,50.1,2
13260,ml_baseline_90deg,2026-07-09 23:38:35.847538+05:30,90.0,40.08,49.92,2
13261,ml_baseline_90deg,2026-07-09 23:38:35.947817+05:30,90.0,40.43,49.57,2
13262,ml_baseline_90deg,2026-07-09 23:38:36.045425+05:30,90.0,40.61,49.39,1
13263,ml_baseline_90deg,2026-07-09 23:38:36.145340+05:30,90.0,40.78,49.22,2
13264,ml_baseline_90deg,2026-07-09 23:38:36.246288+05:30,90.0,41.31,48.69,2
13265,ml_baseline_90deg,2026-07-09 23:38:36.347153+05:30,90.0,41.66,48.34,2
13266,ml_baseline_90deg,2026-07-09 23:38:36.446663+05:30,90.0,42.19,47.81,2
13267,ml_baseline_90deg,2026-07-09 23:38:36.545822+05:30,90.0,42.54,47.46,2
13268,ml_baseline_90deg,2026-07-09 23:38:36.645792+05:30,90.0,42.89,47.11,2
13269,ml_baseline_90deg,2026-07-09 23:38:36.746320+05:30,90.0,43.42,46.58,2
13270,ml_baseline_90deg,2026-07-09 23:38:36.845992+05:30,90.0,43.77,46.23,2
13271,ml_baseline_90deg,2026-07-09 23:38:36.947018+05:30,90.0,44.3,45.7,1
13272,ml_baseline_90deg,2026-07-09 23:38:37.047663+05:30,90.0,44.47,45.53,2
13273,ml_baseline_90deg,2026-07-09 23:38:37.146187+05:30,90.0,45.0,45.0,2
13274,ml_baseline_90deg,2026-07-09 23:38:37.247509+05:30,90.0,45.35,44.65,2
13275,ml_baseline_90deg,2026-07-09 23:38:37.344788+05:30,90.0,45.7,44.3,2
13276,ml_baseline_90deg,2026-07-09 23:38:37.445250+05:30,90.0,46.23,43.77,2
13277,ml_baseline_90deg,2026-07-09 23:38:37.546396+05:30,90.0,46.76,43.24,2
13278,ml_baseline_90deg,2026-07-09 23:38:37.648086+05:30,90.0,47.29,42.71,2
13279,ml_baseline_90deg,2026-07-09 23:38:37.746701+05:30,90.0,47.64,42.36,2
13280,ml_baseline_90deg,2026-07-09 23:38:37.846199+05:30,90.0,47.99,42.01,1
13281,ml_baseline_90deg,2026-07-09 23:38:37.946888+05:30,90.0,48.34,41.66,2
13282,ml_baseline_90deg,2026-07-09 23:38:38.045253+05:30,90.0,48.69,41.31,2
13283,ml_baseline_90deg,2026-07-09 23:38:38.145298+05:30,90.0,49.22,40.78,2
13284,ml_baseline_90deg,2026-07-09 23:38:38.245869+05:30,90.0,49.57,40.43,2
13285,ml_baseline_90deg,2026-07-09 23:38:38.345272+05:30,90.0,50.1,39.9,2
13286,ml_baseline_90deg,2026-07-09 23:38:38.444694+05:30,90.0,50.45,39.55,2
13287,ml_baseline_90deg,2026-07-09 23:38:38.546999+05:30,90.0,50.98,39.02,2
13288,ml_baseline_90deg,2026-07-09 23:38:38.645737+05:30,90.0,51.33,38.67,2
13289,ml_baseline_90deg,2026-07-09 23:38:38.746502+05:30,90.0,51.68,38.32,1
13290,ml_baseline_90deg,2026-07-09 23:38:38.846639+05:30,90.0,52.03,37.97,2
13291,ml_baseline_90deg,2026-07-09 23:38:38.947924+05:30,90.0,52.38,37.62,2
13292,ml_baseline_90deg,2026-07-09 23:38:39.046501+05:30,90.0,52.91,37.09,2
13293,ml_baseline_90deg,2026-07-09 23:38:39.148385+05:30,90.0,53.26,36.74,2
13294,ml_baseline_90deg,2026-07-09 23:38:39.248005+05:30,90.0,53.79,36.21,2
13295,ml_baseline_90deg,2026-07-09 23:38:39.349820+05:30,90.0,54.14,35.86,2
13296,ml_baseline_90deg,2026-07-09 23:38:39.448699+05:30,90.0,54.67,35.33,2
13297,ml_baseline_90deg,2026-07-09 23:38:39.549056+05:30,90.0,55.2,34.8,2
13298,ml_baseline_90deg,2026-07-09 23:38:39.645737+05:30,90.0,55.55,34.45,1
13299,ml_baseline_90deg,2026-07-09 23:38:39.746397+05:30,90.0,55.72,34.28,2
13300,ml_baseline_90deg,2026-07-09 23:38:39.845828+05:30,90.0,56.25,33.75,2
13301,ml_baseline_90deg,2026-07-09 23:38:39.944890+05:30,90.0,56.6,33.4,2
13302,ml_baseline_90deg,2026-07-09 23:38:40.046651+05:30,90.0,57.13,32.87,2
13303,ml_baseline_90deg,2026-07-09 23:38:40.145975+05:30,90.0,57.48,32.52,2
13304,ml_baseline_90deg,2026-07-09 23:38:40.247616+05:30,90.0,58.01,31.99,2
13305,ml_baseline_90deg,2026-07-09 23:38:40.347545+05:30,90.0,58.36,31.64,2
13306,ml_baseline_90deg,2026-07-09 23:38:40.445512+05:30,90.0,58.71,31.29,2
13307,ml_baseline_90deg,2026-07-09 23:38:40.547229+05:30,90.0,59.06,30.94,1
13308,ml_baseline_90deg,2026-07-09 23:38:40.646330+05:30,90.0,59.41,30.59,2
13309,ml_baseline_90deg,2026-07-09 23:38:40.749369+05:30,90.0,59.77,30.23,2
13310,ml_baseline_90deg,2026-07-09 23:38:40.845836+05:30,90.0,60.29,29.71,2
13311,ml_baseline_90deg,2026-07-09 23:38:40.947323+05:30,90.0,60.64,29.36,2
13312,ml_baseline_90deg,2026-07-09 23:38:41.045606+05:30,90.0,61.0,29.0,2
13313,ml_baseline_90deg,2026-07-09 23:38:41.147918+05:30,90.0,61.52,28.48,2
13314,ml_baseline_90deg,2026-07-09 23:38:41.246622+05:30,90.0,61.88,28.12,2
13315,ml_baseline_90deg,2026-07-09 23:38:41.348080+05:30,90.0,62.4,27.6,2
13316,ml_baseline_90deg,2026-07-09 23:38:41.446267+05:30,90.0,62.75,27.25,1
13317,ml_baseline_90deg,2026-07-09 23:38:41.545696+05:30,90.0,63.11,26.89,2
13318,ml_baseline_90deg,2026-07-09 23:38:41.647124+05:30,90.0,63.46,26.54,2
13319,ml_baseline_90deg,2026-07-09 23:38:41.750413+05:30,90.0,63.98,26.02,2
13320,ml_baseline_90deg,2026-07-09 23:38:41.844829+05:30,90.0,64.51,25.49,2
13321,ml_baseline_90deg,2026-07-09 23:38:41.945814+05:30,90.0,64.86,25.14,2
13322,ml_baseline_90deg,2026-07-09 23:38:42.046573+05:30,90.0,65.39,24.61,2
13323,ml_baseline_90deg,2026-07-09 23:38:42.146079+05:30,90.0,65.92,24.08,2
13324,ml_baseline_90deg,2026-07-09 23:38:42.247719+05:30,90.0,66.27,23.73,2
13325,ml_baseline_90deg,2026-07-09 23:38:42.350129+05:30,90.0,66.62,23.38,1
13326,ml_baseline_90deg,2026-07-09 23:38:42.447259+05:30,90.0,66.97,23.03,2
13327,ml_baseline_90deg,2026-07-09 23:38:42.547554+05:30,90.0,67.5,22.5,2
13328,ml_baseline_90deg,2026-07-09 23:38:42.646634+05:30,90.0,67.85,22.15,2
13329,ml_baseline_90deg,2026-07-09 23:38:42.746646+05:30,90.0,68.38,21.62,2
13330,ml_baseline_90deg,2026-07-09 23:38:42.846263+05:30,90.0,68.73,21.27,2
13331,ml_baseline_90deg,2026-07-09 23:38:42.945944+05:30,90.0,69.26,20.74,2
13332,ml_baseline_90deg,2026-07-09 23:38:43.045414+05:30,90.0,69.79,20.21,2
13333,ml_baseline_90deg,2026-07-09 23:38:43.145677+05:30,90.0,70.14,19.86,2
13334,ml_baseline_90deg,2026-07-09 23:38:43.246069+05:30,90.0,70.66,19.34,1
13335,ml_baseline_90deg,2026-07-09 23:38:43.346675+05:30,90.0,70.84,19.16,2
13336,ml_baseline_90deg,2026-07-09 23:38:43.446392+05:30,90.0,71.37,18.63,2
13337,ml_baseline_90deg,2026-07-09 23:38:43.546470+05:30,90.0,71.89,18.11,2
13338,ml_baseline_90deg,2026-07-09 23:38:43.649288+05:30,90.0,72.25,17.75,2
13339,ml_baseline_90deg,2026-07-09 23:38:43.746150+05:30,90.0,72.77,17.23,2
13340,ml_baseline_90deg,2026-07-09 23:38:43.846242+05:30,90.0,73.3,16.7,2
13341,ml_baseline_90deg,2026-07-09 23:38:43.947307+05:30,90.0,73.83,16.17,2
13342,ml_baseline_90deg,2026-07-09 23:38:44.047784+05:30,90.0,74.18,15.82,2
13343,ml_baseline_90deg,2026-07-09 23:38:44.145908+05:30,90.0,74.71,15.29,1
13344,ml_baseline_90deg,2026-07-09 23:38:44.245805+05:30,90.0,75.06,14.94,2
13345,ml_baseline_90deg,2026-07-09 23:38:44.349632+05:30,90.0,75.41,14.59,2
13346,ml_baseline_90deg,2026-07-09 23:38:44.446270+05:30,90.0,75.94,14.06,2
13347,ml_baseline_90deg,2026-07-09 23:38:44.547259+05:30,90.0,76.46,13.54,2
13348,ml_baseline_90deg,2026-07-09 23:38:44.646913+05:30,90.0,76.99,13.01,2
13349,ml_baseline_90deg,2026-07-09 23:38:44.746630+05:30,90.0,77.52,12.48,2
13350,ml_baseline_90deg,2026-07-09 23:38:44.847432+05:30,90.0,78.05,11.95,2
13351,ml_baseline_90deg,2026-07-09 23:38:44.948617+05:30,90.0,78.57,11.43,2
13352,ml_baseline_90deg,2026-07-09 23:38:45.048342+05:30,90.0,78.93,11.07,1
13353,ml_baseline_90deg,2026-07-09 23:38:45.147450+05:30,90.0,79.28,10.72,2
13354,ml_baseline_90deg,2026-07-09 23:38:45.246855+05:30,90.0,79.8,10.2,2
13355,ml_baseline_90deg,2026-07-09 23:38:45.349663+05:30,90.0,80.33,9.67,2
13356,ml_baseline_90deg,2026-07-09 23:38:45.446320+05:30,90.0,80.86,9.14,2
13357,ml_baseline_90deg,2026-07-09 23:38:45.546430+05:30,90.0,81.39,8.61,2
13358,ml_baseline_90deg,2026-07-09 23:38:45.645950+05:30,90.0,81.91,8.09,2
13359,ml_baseline_90deg,2026-07-09 23:38:45.745665+05:30,90.0,82.44,7.56,2
13360,ml_baseline_90deg,2026-07-09 23:38:45.847071+05:30,90.0,82.97,7.03,2
13361,ml_baseline_90deg,2026-07-09 23:38:45.946248+05:30,0.0,83.32,-83.32,2
13362,ml_baseline_90deg,2026-07-09 23:38:46.047046+05:30,0.0,83.32,-83.32,2
13363,ml_baseline_90deg,2026-07-09 23:38:46.148003+05:30,0.0,83.32,-83.32,2
13364,ml_baseline_90deg,2026-07-09 23:38:46.246302+05:30,0.0,83.32,-83.32,2
13365,ml_baseline_90deg,2026-07-09 23:38:46.347858+05:30,0.0,83.32,-83.32,2
13366,ml_baseline_90deg,2026-07-09 23:38:46.446199+05:30,0.0,83.32,-83.32,2
13367,ml_baseline_90deg,2026-07-09 23:38:46.545984+05:30,0.0,83.32,-83.32,2
13368,ml_baseline_90deg,2026-07-09 23:38:46.646164+05:30,0.0,83.32,-83.32,2
13369,ml_baseline_90deg,2026-07-09 23:38:46.746216+05:30,0.0,83.32,-83.32,1
13370,ml_baseline_90deg,2026-07-09 23:38:46.845857+05:30,0.0,83.32,-83.32,2
13371,ml_baseline_90deg,2026-07-09 23:38:46.949908+05:30,0.0,83.14,-83.14,2
13372,ml_baseline_90deg,2026-07-09 23:38:47.046117+05:30,0.0,83.14,-83.14,2
13373,ml_baseline_90deg,2026-07-09 23:38:47.146513+05:30,0.0,82.79,-82.79,2
13374,ml_baseline_90deg,2026-07-09 23:38:47.246238+05:30,0.0,82.62,-82.62,2
13375,ml_baseline_90deg,2026-07-09 23:38:47.345721+05:30,0.0,82.09,-82.09,2
13376,ml_baseline_90deg,2026-07-09 23:38:47.445767+05:30,0.0,81.74,-81.74,2
13377,ml_baseline_90deg,2026-07-09 23:38:47.547692+05:30,0.0,81.21,-81.21,2
13378,ml_baseline_90deg,2026-07-09 23:38:47.646318+05:30,0.0,80.86,-80.86,1
13379,ml_baseline_90deg,2026-07-09 23:38:47.747707+05:30,0.0,80.33,-80.33,2
13380,ml_baseline_90deg,2026-07-09 23:38:47.845767+05:30,0.0,79.8,-79.8,2
13381,ml_baseline_90deg,2026-07-09 23:38:47.947729+05:30,0.0,79.28,-79.28,2
13382,ml_baseline_90deg,2026-07-09 23:38:48.045003+05:30,0.0,78.75,-78.75,2
13383,ml_baseline_90deg,2026-07-09 23:38:48.145991+05:30,0.0,78.4,-78.4,2
13384,ml_baseline_90deg,2026-07-09 23:38:48.247526+05:30,0.0,77.87,-77.87,2
13385,ml_baseline_90deg,2026-07-09 23:38:48.349254+05:30,0.0,77.34,-77.34,2
13386,ml_baseline_90deg,2026-07-09 23:38:48.446335+05:30,0.0,76.82,-76.82,2
13387,ml_baseline_90deg,2026-07-09 23:38:48.547290+05:30,0.0,76.46,-76.46,1
13388,ml_baseline_90deg,2026-07-09 23:38:48.646154+05:30,0.0,76.11,-76.11,2
13389,ml_baseline_90deg,2026-07-09 23:38:48.745419+05:30,0.0,75.59,-75.59,2
13390,ml_baseline_90deg,2026-07-09 23:38:48.845427+05:30,0.0,75.06,-75.06,2
13391,ml_baseline_90deg,2026-07-09 23:38:48.950320+05:30,0.0,74.53,-74.53,2
13392,ml_baseline_90deg,2026-07-09 23:38:49.047970+05:30,0.0,74.0,-74.0,2
13393,ml_baseline_90deg,2026-07-09 23:38:49.145927+05:30,0.0,73.48,-73.48,2
13394,ml_baseline_90deg,2026-07-09 23:38:49.246539+05:30,0.0,72.95,-72.95,2
13395,ml_baseline_90deg,2026-07-09 23:38:49.345928+05:30,0.0,72.6,-72.6,2
13396,ml_baseline_90deg,2026-07-09 23:38:49.446200+05:30,0.0,72.07,-72.07,1
13397,ml_baseline_90deg,2026-07-09 23:38:49.547558+05:30,0.0,71.72,-71.72,2
13398,ml_baseline_90deg,2026-07-09 23:38:49.648134+05:30,0.0,71.19,-71.19,2
13399,ml_baseline_90deg,2026-07-09 23:38:49.746748+05:30,0.0,70.66,-70.66,2
13400,ml_baseline_90deg,2026-07-09 23:38:49.845226+05:30,0.0,70.14,-70.14,2
13401,ml_baseline_90deg,2026-07-09 23:38:49.947451+05:30,0.0,69.79,-69.79,2
13402,ml_baseline_90deg,2026-07-09 23:38:50.048434+05:30,0.0,69.26,-69.26,2
13403,ml_baseline_90deg,2026-07-09 23:38:50.146105+05:30,0.0,68.73,-68.73,2
13404,ml_baseline_90deg,2026-07-09 23:38:50.246777+05:30,0.0,68.38,-68.38,2
13405,ml_baseline_90deg,2026-07-09 23:38:50.346529+05:30,0.0,67.85,-67.85,1
13406,ml_baseline_90deg,2026-07-09 23:38:50.447505+05:30,0.0,67.5,-67.5,2
13407,ml_baseline_90deg,2026-07-09 23:38:50.545698+05:30,0.0,66.97,-66.97,2
13408,ml_baseline_90deg,2026-07-09 23:38:50.648020+05:30,0.0,66.45,-66.45,2
13409,ml_baseline_90deg,2026-07-09 23:38:50.747115+05:30,0.0,66.09,-66.09,2
13410,ml_baseline_90deg,2026-07-09 23:38:50.848233+05:30,0.0,65.57,-65.57,2
13411,ml_baseline_90deg,2026-07-09 23:38:50.947990+05:30,0.0,65.04,-65.04,2
13412,ml_baseline_90deg,2026-07-09 23:38:51.045176+05:30,0.0,64.69,-64.69,2
13413,ml_baseline_90deg,2026-07-09 23:38:51.146703+05:30,0.0,64.16,-64.16,2
13414,ml_baseline_90deg,2026-07-09 23:38:51.246129+05:30,0.0,63.81,-63.81,1
13415,ml_baseline_90deg,2026-07-09 23:38:51.345994+05:30,0.0,63.28,-63.28,2
13416,ml_baseline_90deg,2026-07-09 23:38:51.446407+05:30,0.0,62.93,-62.93,2
13417,ml_baseline_90deg,2026-07-09 23:38:51.546473+05:30,0.0,62.4,-62.4,2
13418,ml_baseline_90deg,2026-07-09 23:38:51.646373+05:30,0.0,61.88,-61.88,2
13419,ml_baseline_90deg,2026-07-09 23:38:51.748079+05:30,0.0,61.52,-61.52,2
13420,ml_baseline_90deg,2026-07-09 23:38:51.845836+05:30,0.0,61.0,-61.0,2
13421,ml_baseline_90deg,2026-07-09 23:38:51.948230+05:30,0.0,60.47,-60.47,2
13422,ml_baseline_90deg,2026-07-09 23:38:52.045247+05:30,0.0,60.12,-60.12,2
13423,ml_baseline_90deg,2026-07-09 23:38:52.146772+05:30,0.0,59.77,-59.77,1
13424,ml_baseline_90deg,2026-07-09 23:38:52.247023+05:30,0.0,59.24,-59.24,2
13425,ml_baseline_90deg,2026-07-09 23:38:52.349468+05:30,0.0,58.89,-58.89,2
13426,ml_baseline_90deg,2026-07-09 23:38:52.447313+05:30,0.0,58.36,-58.36,2
13427,ml_baseline_90deg,2026-07-09 23:38:52.546772+05:30,0.0,57.83,-57.83,2
13428,ml_baseline_90deg,2026-07-09 23:38:52.649465+05:30,0.0,57.48,-57.48,2
13429,ml_baseline_90deg,2026-07-09 23:38:52.746563+05:30,0.0,56.95,-56.95,2
13430,ml_baseline_90deg,2026-07-09 23:38:52.845416+05:30,0.0,56.43,-56.43,2
13431,ml_baseline_90deg,2026-07-09 23:38:52.946458+05:30,0.0,56.07,-56.07,2
13432,ml_baseline_90deg,2026-07-09 23:38:53.045119+05:30,0.0,55.72,-55.72,1
13433,ml_baseline_90deg,2026-07-09 23:38:53.145263+05:30,0.0,55.2,-55.2,2
13434,ml_baseline_90deg,2026-07-09 23:38:53.246277+05:30,0.0,54.84,-54.84,2
13435,ml_baseline_90deg,2026-07-09 23:38:53.349197+05:30,0.0,54.32,-54.32,2
13436,ml_baseline_90deg,2026-07-09 23:38:53.446213+05:30,0.0,53.79,-53.79,2
13437,ml_baseline_90deg,2026-07-09 23:38:53.546311+05:30,0.0,53.26,-53.26,2
13438,ml_baseline_90deg,2026-07-09 23:38:53.646791+05:30,0.0,52.91,-52.91,2
13439,ml_baseline_90deg,2026-07-09 23:38:53.746170+05:30,0.0,52.38,-52.38,2
13440,ml_baseline_90deg,2026-07-09 23:38:53.845833+05:30,0.0,52.03,-52.03,2
13441,ml_baseline_90deg,2026-07-09 23:38:53.946250+05:30,0.0,51.5,-51.5,1
13442,ml_baseline_90deg,2026-07-09 23:38:54.046009+05:30,0.0,51.15,-51.15,2
13443,ml_baseline_90deg,2026-07-09 23:38:54.146524+05:30,0.0,50.63,-50.63,2
13444,ml_baseline_90deg,2026-07-09 23:38:54.245943+05:30,0.0,50.27,-50.27,2
13445,ml_baseline_90deg,2026-07-09 23:38:54.346145+05:30,0.0,49.75,-49.75,2
13446,ml_baseline_90deg,2026-07-09 23:38:54.446957+05:30,0.0,49.39,-49.39,2
13447,ml_baseline_90deg,2026-07-09 23:38:54.548080+05:30,0.0,48.87,-48.87,2
13448,ml_baseline_90deg,2026-07-09 23:38:54.647240+05:30,0.0,48.34,-48.34,2
13449,ml_baseline_90deg,2026-07-09 23:38:54.746639+05:30,0.0,47.99,-47.99,2
13450,ml_baseline_90deg,2026-07-09 23:38:54.845648+05:30,0.0,47.46,-47.46,1
13451,ml_baseline_90deg,2026-07-09 23:38:54.949253+05:30,0.0,47.11,-47.11,2
13452,ml_baseline_90deg,2026-07-09 23:38:55.046431+05:30,0.0,46.58,-46.58,2
13453,ml_baseline_90deg,2026-07-09 23:38:55.148190+05:30,0.0,46.23,-46.23,2
13454,ml_baseline_90deg,2026-07-09 23:38:55.249173+05:30,0.0,45.7,-45.7,2
13455,ml_baseline_90deg,2026-07-09 23:38:55.349303+05:30,0.0,45.18,-45.18,2
13456,ml_baseline_90deg,2026-07-09 23:38:55.444623+05:30,0.0,44.82,-44.82,2
13457,ml_baseline_90deg,2026-07-09 23:38:55.546518+05:30,0.0,44.3,-44.3,2
13458,ml_baseline_90deg,2026-07-09 23:38:55.646563+05:30,0.0,43.77,-43.77,2
13459,ml_baseline_90deg,2026-07-09 23:38:55.748535+05:30,0.0,43.42,-43.42,1
13460,ml_baseline_90deg,2026-07-09 23:38:55.846308+05:30,0.0,42.89,-42.89,2
13461,ml_baseline_90deg,2026-07-09 23:38:55.945748+05:30,0.0,42.54,-42.54,2
13462,ml_baseline_90deg,2026-07-09 23:38:56.045294+05:30,0.0,42.01,-42.01,2
13463,ml_baseline_90deg,2026-07-09 23:38:56.147216+05:30,0.0,41.48,-41.48,2
13464,ml_baseline_90deg,2026-07-09 23:38:56.246393+05:30,0.0,40.96,-40.96,2
13465,ml_baseline_90deg,2026-07-09 23:38:56.346347+05:30,0.0,40.61,-40.61,2
13466,ml_baseline_90deg,2026-07-09 23:38:56.446043+05:30,0.0,40.08,-40.08,2
13467,ml_baseline_90deg,2026-07-09 23:38:56.547039+05:30,0.0,39.55,-39.55,2
13468,ml_baseline_90deg,2026-07-09 23:38:56.646615+05:30,0.0,39.2,-39.2,1
13469,ml_baseline_90deg,2026-07-09 23:38:56.746828+05:30,0.0,38.85,-38.85,2
13470,ml_baseline_90deg,2026-07-09 23:38:56.846411+05:30,0.0,38.32,-38.32,2
13471,ml_baseline_90deg,2026-07-09 23:38:56.948915+05:30,0.0,37.97,-37.97,2
13472,ml_baseline_90deg,2026-07-09 23:38:57.045034+05:30,0.0,37.44,-37.44,2
13473,ml_baseline_90deg,2026-07-09 23:38:57.151902+05:30,0.0,36.91,-36.91,2
13474,ml_baseline_90deg,2026-07-09 23:38:57.250924+05:30,0.0,36.56,-36.56,2
13475,ml_baseline_90deg,2026-07-09 23:38:57.348383+05:30,0.0,36.04,-36.04,2
13476,ml_baseline_90deg,2026-07-09 23:38:57.445849+05:30,0.0,35.68,-35.68,2
13477,ml_baseline_90deg,2026-07-09 23:38:57.548046+05:30,0.0,35.33,-35.33,1
13478,ml_baseline_90deg,2026-07-09 23:38:57.645052+05:30,0.0,34.98,-34.98,2
13479,ml_baseline_90deg,2026-07-09 23:38:57.748167+05:30,0.0,34.45,-34.45,2
13480,ml_baseline_90deg,2026-07-09 23:38:57.847269+05:30,0.0,33.93,-33.93,2
13481,ml_baseline_90deg,2026-07-09 23:38:57.946442+05:30,0.0,33.4,-33.4,2
13482,ml_baseline_90deg,2026-07-09 23:38:58.048667+05:30,0.0,33.05,-33.05,2
13483,ml_baseline_90deg,2026-07-09 23:38:58.146763+05:30,0.0,32.34,-32.34,2
13484,ml_baseline_90deg,2026-07-09 23:38:58.247224+05:30,0.0,31.99,-31.99,2
13485,ml_baseline_90deg,2026-07-09 23:38:58.346493+05:30,0.0,31.46,-31.46,2
13486,ml_baseline_90deg,2026-07-09 23:38:58.446806+05:30,0.0,31.11,-31.11,1
13487,ml_baseline_90deg,2026-07-09 23:38:58.547204+05:30,0.0,30.76,-30.76,2
13488,ml_baseline_90deg,2026-07-09 23:38:58.647555+05:30,0.0,30.23,-30.23,2
13489,ml_baseline_90deg,2026-07-09 23:38:58.746236+05:30,0.0,29.88,-29.88,2
13490,ml_baseline_90deg,2026-07-09 23:38:58.851209+05:30,0.0,29.18,-29.18,2
13491,ml_baseline_90deg,2026-07-09 23:38:58.946594+05:30,0.0,28.83,-28.83,2
13492,ml_baseline_90deg,2026-07-09 23:38:59.045248+05:30,0.0,28.3,-28.3,2
13493,ml_baseline_90deg,2026-07-09 23:38:59.146905+05:30,0.0,27.95,-27.95,2
13494,ml_baseline_90deg,2026-07-09 23:38:59.246187+05:30,0.0,27.42,-27.42,2
13495,ml_baseline_90deg,2026-07-09 23:38:59.346671+05:30,0.0,27.07,-27.07,1
13496,ml_baseline_90deg,2026-07-09 23:38:59.452946+05:30,0.0,26.72,-26.72,2
13497,ml_baseline_90deg,2026-07-09 23:38:59.546072+05:30,0.0,26.19,-26.19,2
13498,ml_baseline_90deg,2026-07-09 23:38:59.646503+05:30,0.0,25.84,-25.84,2
13499,ml_baseline_90deg,2026-07-09 23:38:59.768537+05:30,0.0,25.31,-25.31,2
13500,ml_baseline_90deg,2026-07-09 23:38:59.845782+05:30,0.0,24.79,-24.79,2
13501,ml_baseline_90deg,2026-07-09 23:38:59.948382+05:30,0.0,24.43,-24.43,2
13502,ml_baseline_90deg,2026-07-09 23:39:00.047719+05:30,0.0,23.91,-23.91,2
13503,ml_baseline_90deg,2026-07-09 23:39:00.146101+05:30,0.0,23.38,-23.38,2
13504,ml_baseline_90deg,2026-07-09 23:39:00.247346+05:30,0.0,23.03,-23.03,1
13505,ml_baseline_90deg,2026-07-09 23:39:00.346225+05:30,0.0,22.68,-22.68,2
13506,ml_baseline_90deg,2026-07-09 23:39:00.445499+05:30,0.0,22.15,-22.15,2
13507,ml_baseline_90deg,2026-07-09 23:39:00.547432+05:30,0.0,21.8,-21.8,2
13508,ml_baseline_90deg,2026-07-09 23:39:00.647488+05:30,0.0,21.27,-21.27,2
13509,ml_baseline_90deg,2026-07-09 23:39:00.746570+05:30,0.0,20.92,-20.92,2
13510,ml_baseline_90deg,2026-07-09 23:39:00.845895+05:30,0.0,20.39,-20.39,2
13511,ml_baseline_90deg,2026-07-09 23:39:00.947391+05:30,0.0,19.86,-19.86,2
13512,ml_baseline_90deg,2026-07-09 23:39:01.046326+05:30,0.0,19.34,-19.34,2
13513,ml_baseline_90deg,2026-07-09 23:39:01.144514+05:30,0.0,18.98,-18.98,1
13514,ml_baseline_90deg,2026-07-09 23:39:01.248322+05:30,0.0,18.63,-18.63,2
13515,ml_baseline_90deg,2026-07-09 23:39:01.346631+05:30,0.0,18.11,-18.11,2
13516,ml_baseline_90deg,2026-07-09 23:39:01.446343+05:30,0.0,17.58,-17.58,2
13517,ml_baseline_90deg,2026-07-09 23:39:01.545316+05:30,0.0,17.23,-17.23,2
13518,ml_baseline_90deg,2026-07-09 23:39:01.646081+05:30,0.0,16.7,-16.7,2
13519,ml_baseline_90deg,2026-07-09 23:39:01.746147+05:30,0.0,16.35,-16.35,2
13520,ml_baseline_90deg,2026-07-09 23:39:01.845518+05:30,0.0,16.0,-16.0,2
13521,ml_baseline_90deg,2026-07-09 23:39:01.948945+05:30,0.0,15.47,-15.47,2
13522,ml_baseline_90deg,2026-07-09 23:39:02.047981+05:30,0.0,15.12,-15.12,1
13523,ml_baseline_90deg,2026-07-09 23:39:02.148773+05:30,0.0,14.77,-14.77,2
13524,ml_baseline_90deg,2026-07-09 23:39:02.245756+05:30,0.0,14.24,-14.24,2
13525,ml_baseline_90deg,2026-07-09 23:39:02.346171+05:30,0.0,13.89,-13.89,2
13526,ml_baseline_90deg,2026-07-09 23:39:02.448207+05:30,0.0,13.54,-13.54,2
13527,ml_baseline_90deg,2026-07-09 23:39:02.547179+05:30,0.0,13.01,-13.01,2
13528,ml_baseline_90deg,2026-07-09 23:39:02.646430+05:30,0.0,12.66,-12.66,2
13529,ml_baseline_90deg,2026-07-09 23:39:02.747219+05:30,0.0,12.13,-12.13,2
13530,ml_baseline_90deg,2026-07-09 23:39:02.848033+05:30,0.0,11.78,-11.78,2
13531,ml_baseline_90deg,2026-07-09 23:39:02.946024+05:30,0.0,11.43,-11.43,1
13532,ml_baseline_90deg,2026-07-09 23:39:03.047589+05:30,0.0,11.07,-11.07,2
13533,ml_baseline_90deg,2026-07-09 23:39:03.146517+05:30,0.0,10.55,-10.55,2
13534,ml_baseline_90deg,2026-07-09 23:39:03.246957+05:30,0.0,10.2,-10.2,2
13535,ml_baseline_90deg,2026-07-09 23:39:03.346138+05:30,0.0,9.84,-9.84,2
13536,ml_baseline_90deg,2026-07-09 23:39:03.445894+05:30,0.0,9.32,-9.32,2
13537,ml_baseline_90deg,2026-07-09 23:39:03.545540+05:30,0.0,8.96,-8.96,2
13538,ml_baseline_90deg,2026-07-09 23:39:03.648910+05:30,0.0,8.44,-8.44,2
13539,ml_baseline_90deg,2026-07-09 23:39:03.745167+05:30,0.0,8.09,-8.09,2
13540,ml_baseline_90deg,2026-07-09 23:39:03.846975+05:30,0.0,7.73,-7.73,1
13541,ml_baseline_90deg,2026-07-09 23:39:03.946924+05:30,0.0,7.38,-7.38,2
13542,ml_baseline_90deg,2026-07-09 23:39:04.046419+05:30,0.0,7.03,-7.03,2
13543,ml_baseline_90deg,2026-07-09 23:39:04.147173+05:30,0.0,6.5,-6.5,2
13544,ml_baseline_90deg,2026-07-09 23:39:04.246785+05:30,0.0,5.98,-5.98,2
13545,ml_baseline_90deg,2026-07-09 23:39:04.345677+05:30,0.0,5.45,-5.45,2
13546,ml_baseline_90deg,2026-07-09 23:39:04.446090+05:30,0.0,4.92,-4.92,1
13547,ml_baseline_90deg,2026-07-09 23:39:04.546267+05:30,0.0,4.57,-4.57,2
13548,ml_baseline_90deg,2026-07-09 23:39:04.649197+05:30,0.0,4.22,-4.22,1
13549,ml_baseline_90deg,2026-07-09 23:39:04.749284+05:30,0.0,3.87,-3.87,1
13550,ml_baseline_90deg,2026-07-09 23:39:04.846775+05:30,0.0,3.52,-3.52,1
13551,ml_baseline_90deg,2026-07-09 23:39:04.948367+05:30,0.0,3.16,-3.16,1
13552,ml_baseline_90deg,2026-07-09 23:39:05.045440+05:30,0.0,2.81,-2.81,2
13553,ml_baseline_90deg,2026-07-09 23:39:05.145365+05:30,0.0,2.46,-2.46,1
13554,ml_baseline_90deg,2026-07-09 23:39:05.247778+05:30,0.0,2.11,-2.11,1
13555,ml_baseline_90deg,2026-07-09 23:39:05.348268+05:30,90.0,1.76,88.24,2
13556,ml_baseline_90deg,2026-07-09 23:39:05.445256+05:30,90.0,1.58,88.42,2
13557,ml_baseline_90deg,2026-07-09 23:39:05.545023+05:30,90.0,1.58,88.42,2
13558,ml_baseline_90deg,2026-07-09 23:39:05.645932+05:30,90.0,1.58,88.42,2
13559,ml_baseline_90deg,2026-07-09 23:39:05.747941+05:30,90.0,1.58,88.42,2
13560,ml_baseline_90deg,2026-07-09 23:39:05.845963+05:30,90.0,1.58,88.42,2
13561,ml_baseline_90deg,2026-07-09 23:39:05.946054+05:30,90.0,1.58,88.42,2
13562,ml_baseline_90deg,2026-07-09 23:39:06.045038+05:30,90.0,1.58,88.42,2
13563,ml_baseline_90deg,2026-07-09 23:39:06.145742+05:30,90.0,1.58,88.42,1
13564,ml_baseline_90deg,2026-07-09 23:39:06.245012+05:30,90.0,1.76,88.24,2
13565,ml_baseline_90deg,2026-07-09 23:39:06.346007+05:30,90.0,1.76,88.24,2
13566,ml_baseline_90deg,2026-07-09 23:39:06.445959+05:30,90.0,1.93,88.07,2
13567,ml_baseline_90deg,2026-07-09 23:39:06.546871+05:30,90.0,2.11,87.89,2
13568,ml_baseline_90deg,2026-07-09 23:39:06.646152+05:30,90.0,2.29,87.71,2
13569,ml_baseline_90deg,2026-07-09 23:39:06.747405+05:30,90.0,2.46,87.54,2
13570,ml_baseline_90deg,2026-07-09 23:39:06.846006+05:30,90.0,2.64,87.36,2
13571,ml_baseline_90deg,2026-07-09 23:39:06.946240+05:30,90.0,2.99,87.01,2
13572,ml_baseline_90deg,2026-07-09 23:39:07.045854+05:30,90.0,3.34,86.66,1
13573,ml_baseline_90deg,2026-07-09 23:39:07.145106+05:30,90.0,3.69,86.31,2
13574,ml_baseline_90deg,2026-07-09 23:39:07.246550+05:30,90.0,4.04,85.96,2
13575,ml_baseline_90deg,2026-07-09 23:39:07.349670+05:30,90.0,4.22,85.78,2
13576,ml_baseline_90deg,2026-07-09 23:39:07.446965+05:30,90.0,4.57,85.43,2
13577,ml_baseline_90deg,2026-07-09 23:39:07.546402+05:30,90.0,4.92,85.08,2
13578,ml_baseline_90deg,2026-07-09 23:39:07.647921+05:30,90.0,5.45,84.55,2
13579,ml_baseline_90deg,2026-07-09 23:39:07.748334+05:30,90.0,5.8,84.2,2
13580,ml_baseline_90deg,2026-07-09 23:39:07.847544+05:30,90.0,6.33,83.67,2
13581,ml_baseline_90deg,2026-07-09 23:39:07.947302+05:30,90.0,6.86,83.14,1
13582,ml_baseline_90deg,2026-07-09 23:39:08.047024+05:30,90.0,7.21,82.79,2
13583,ml_baseline_90deg,2026-07-09 23:39:08.145964+05:30,90.0,7.56,82.44,2
13584,ml_baseline_90deg,2026-07-09 23:39:08.249117+05:30,90.0,7.91,82.09,2
13585,ml_baseline_90deg,2026-07-09 23:39:08.346294+05:30,90.0,8.44,81.56,2
13586,ml_baseline_90deg,2026-07-09 23:39:08.448636+05:30,90.0,8.96,81.04,2
13587,ml_baseline_90deg,2026-07-09 23:39:08.549265+05:30,90.0,9.32,80.68,2
13588,ml_baseline_90deg,2026-07-09 23:39:08.646391+05:30,90.0,9.84,80.16,2
13589,ml_baseline_90deg,2026-07-09 23:39:08.746437+05:30,90.0,10.37,79.63,2
13590,ml_baseline_90deg,2026-07-09 23:39:08.845814+05:30,90.0,10.72,79.28,1
13591,ml_baseline_90deg,2026-07-09 23:39:08.946420+05:30,90.0,11.07,78.93,2
13592,ml_baseline_90deg,2026-07-09 23:39:09.045426+05:30,90.0,11.43,78.57,2
13593,ml_baseline_90deg,2026-07-09 23:39:09.145603+05:30,90.0,11.95,78.05,2
13594,ml_baseline_90deg,2026-07-09 23:39:09.246386+05:30,90.0,12.3,77.7,2
13595,ml_baseline_90deg,2026-07-09 23:39:09.346566+05:30,90.0,12.83,77.17,2
13596,ml_baseline_90deg,2026-07-09 23:39:09.445803+05:30,90.0,13.18,76.82,2
13597,ml_baseline_90deg,2026-07-09 23:39:09.545677+05:30,90.0,13.71,76.29,2
13598,ml_baseline_90deg,2026-07-09 23:39:09.645154+05:30,90.0,14.06,75.94,2
13599,ml_baseline_90deg,2026-07-09 23:39:09.746843+05:30,90.0,14.41,75.59,1
13600,ml_baseline_90deg,2026-07-09 23:39:09.846019+05:30,90.0,14.77,75.23,2
13601,ml_baseline_90deg,2026-07-09 23:39:09.945055+05:30,90.0,15.12,74.88,2
13602,ml_baseline_90deg,2026-07-09 23:39:10.046619+05:30,90.0,15.47,74.53,2
13603,ml_baseline_90deg,2026-07-09 23:39:10.146993+05:30,90.0,15.82,74.18,2
13604,ml_baseline_90deg,2026-07-09 23:39:10.244884+05:30,90.0,16.35,73.65,2
13605,ml_baseline_90deg,2026-07-09 23:39:10.347330+05:30,90.0,16.7,73.3,2
13606,ml_baseline_90deg,2026-07-09 23:39:10.451124+05:30,90.0,17.05,72.95,2
13607,ml_baseline_90deg,2026-07-09 23:39:10.546839+05:30,90.0,17.58,72.42,2
13608,ml_baseline_90deg,2026-07-09 23:39:10.647323+05:30,90.0,17.93,72.07,1
13609,ml_baseline_90deg,2026-07-09 23:39:10.749298+05:30,90.0,18.28,71.72,2
13610,ml_baseline_90deg,2026-07-09 23:39:10.848317+05:30,90.0,18.63,71.37,2
13611,ml_baseline_90deg,2026-07-09 23:39:10.946508+05:30,90.0,18.98,71.02,2
13612,ml_baseline_90deg,2026-07-09 23:39:11.046649+05:30,90.0,19.51,70.49,2
13613,ml_baseline_90deg,2026-07-09 23:39:11.146243+05:30,90.0,19.86,70.14,2
13614,ml_baseline_90deg,2026-07-09 23:39:11.246531+05:30,90.0,20.21,69.79,2
13615,ml_baseline_90deg,2026-07-09 23:39:11.346898+05:30,90.0,20.74,69.26,2
13616,ml_baseline_90deg,2026-07-09 23:39:11.446733+05:30,90.0,21.09,68.91,2
13617,ml_baseline_90deg,2026-07-09 23:39:11.546661+05:30,90.0,21.62,68.38,1
13618,ml_baseline_90deg,2026-07-09 23:39:11.648621+05:30,90.0,21.8,68.2,2
13619,ml_baseline_90deg,2026-07-09 23:39:11.746342+05:30,90.0,22.32,67.68,2
13620,ml_baseline_90deg,2026-07-09 23:39:11.847133+05:30,90.0,22.68,67.32,2
13621,ml_baseline_90deg,2026-07-09 23:39:11.945866+05:30,90.0,23.2,66.8,2
13622,ml_baseline_90deg,2026-07-09 23:39:12.044823+05:30,90.0,23.55,66.45,2
13623,ml_baseline_90deg,2026-07-09 23:39:12.145130+05:30,90.0,24.08,65.92,2
13624,ml_baseline_90deg,2026-07-09 23:39:12.245649+05:30,90.0,24.43,65.57,2
13625,ml_baseline_90deg,2026-07-09 23:39:12.346174+05:30,90.0,24.79,65.21,2
13626,ml_baseline_90deg,2026-07-09 23:39:12.448902+05:30,90.0,25.14,64.86,1
13627,ml_baseline_90deg,2026-07-09 23:39:12.546512+05:30,90.0,25.49,64.51,2
13628,ml_baseline_90deg,2026-07-09 23:39:12.647630+05:30,90.0,25.84,64.16,2
13629,ml_baseline_90deg,2026-07-09 23:39:12.748199+05:30,90.0,26.37,63.63,2
13630,ml_baseline_90deg,2026-07-09 23:39:12.848092+05:30,90.0,26.72,63.28,2
13631,ml_baseline_90deg,2026-07-09 23:39:12.946603+05:30,90.0,27.25,62.75,2
13632,ml_baseline_90deg,2026-07-09 23:39:13.044535+05:30,90.0,27.6,62.4,2
13633,ml_baseline_90deg,2026-07-09 23:39:13.145740+05:30,90.0,28.12,61.88,2
13634,ml_baseline_90deg,2026-07-09 23:39:13.247828+05:30,90.0,28.48,61.52,2
13635,ml_baseline_90deg,2026-07-09 23:39:13.346129+05:30,90.0,28.83,61.17,1
13636,ml_baseline_90deg,2026-07-09 23:39:13.446154+05:30,90.0,29.18,60.82,2
13637,ml_baseline_90deg,2026-07-09 23:39:13.546807+05:30,90.0,29.53,60.47,2
13638,ml_baseline_90deg,2026-07-09 23:39:13.645158+05:30,90.0,29.88,60.12,2
13639,ml_baseline_90deg,2026-07-09 23:39:13.745360+05:30,90.0,30.23,59.77,2
13640,ml_baseline_90deg,2026-07-09 23:39:13.846809+05:30,90.0,30.76,59.24,2
13641,ml_baseline_90deg,2026-07-09 23:39:13.946554+05:30,90.0,31.29,58.71,2
13642,ml_baseline_90deg,2026-07-09 23:39:14.046205+05:30,90.0,31.64,58.36,2
13643,ml_baseline_90deg,2026-07-09 23:39:14.147318+05:30,90.0,31.99,58.01,2
13644,ml_baseline_90deg,2026-07-09 23:39:14.246628+05:30,90.0,32.52,57.48,1
13645,ml_baseline_90deg,2026-07-09 23:39:14.348927+05:30,90.0,32.7,57.3,2
13646,ml_baseline_90deg,2026-07-09 23:39:14.445106+05:30,90.0,33.05,56.95,2
13647,ml_baseline_90deg,2026-07-09 23:39:14.548366+05:30,90.0,33.4,56.6,2
13648,ml_baseline_90deg,2026-07-09 23:39:14.646745+05:30,90.0,33.93,56.07,2
13649,ml_baseline_90deg,2026-07-09 23:39:14.747592+05:30,90.0,34.28,55.72,2
13650,ml_baseline_90deg,2026-07-09 23:39:14.845632+05:30,90.0,34.63,55.37,2
13651,ml_baseline_90deg,2026-07-09 23:39:14.946333+05:30,90.0,35.16,54.84,2
13652,ml_baseline_90deg,2026-07-09 23:39:15.050298+05:30,90.0,35.51,54.49,2
13653,ml_baseline_90deg,2026-07-09 23:39:15.146760+05:30,90.0,35.86,54.14,1
13654,ml_baseline_90deg,2026-07-09 23:39:15.247352+05:30,90.0,36.04,53.96,2
13655,ml_baseline_90deg,2026-07-09 23:39:15.347893+05:30,90.0,36.39,53.61,2
13656,ml_baseline_90deg,2026-07-09 23:39:15.445628+05:30,90.0,36.39,53.61,2
13657,ml_baseline_90deg,2026-07-09 23:39:15.545084+05:30,90.0,36.56,53.44,2
13658,ml_baseline_90deg,2026-07-09 23:39:15.647164+05:30,90.0,36.56,53.44,2
13659,ml_baseline_90deg,2026-07-09 23:39:15.746517+05:30,90.0,36.56,53.44,2
13660,ml_baseline_90deg,2026-07-09 23:39:15.845962+05:30,90.0,36.56,53.44,2
13661,ml_baseline_90deg,2026-07-09 23:39:15.946913+05:30,90.0,36.74,53.26,2
13662,ml_baseline_90deg,2026-07-09 23:39:16.047190+05:30,90.0,36.74,53.26,1
13663,ml_baseline_90deg,2026-07-09 23:39:16.145785+05:30,90.0,36.91,53.09,2
13664,ml_baseline_90deg,2026-07-09 23:39:16.248519+05:30,90.0,37.27,52.73,2
13665,ml_baseline_90deg,2026-07-09 23:39:16.346323+05:30,90.0,37.62,52.38,2
13666,ml_baseline_90deg,2026-07-09 23:39:16.446592+05:30,90.0,37.97,52.03,2
13667,ml_baseline_90deg,2026-07-09 23:39:16.546242+05:30,90.0,38.32,51.68,2
13668,ml_baseline_90deg,2026-07-09 23:39:16.646500+05:30,90.0,38.67,51.33,2
13669,ml_baseline_90deg,2026-07-09 23:39:16.748695+05:30,90.0,39.02,50.98,2
13670,ml_baseline_90deg,2026-07-09 23:39:16.846658+05:30,90.0,39.55,50.45,2
13671,ml_baseline_90deg,2026-07-09 23:39:16.945794+05:30,90.0,39.9,50.1,1
13672,ml_baseline_90deg,2026-07-09 23:39:17.045491+05:30,90.0,40.08,49.92,2
13673,ml_baseline_90deg,2026-07-09 23:39:17.146962+05:30,90.0,40.61,49.39,2
13674,ml_baseline_90deg,2026-07-09 23:39:17.245866+05:30,90.0,40.96,49.04,2
13675,ml_baseline_90deg,2026-07-09 23:39:17.347448+05:30,90.0,41.31,48.69,2
13676,ml_baseline_90deg,2026-07-09 23:39:17.446251+05:30,90.0,41.84,48.16,2
13677,ml_baseline_90deg,2026-07-09 23:39:17.549764+05:30,90.0,42.19,47.81,2
13678,ml_baseline_90deg,2026-07-09 23:39:17.649161+05:30,90.0,42.71,47.29,2
13679,ml_baseline_90deg,2026-07-09 23:39:17.746320+05:30,90.0,43.07,46.93,2
13680,ml_baseline_90deg,2026-07-09 23:39:17.845561+05:30,90.0,43.59,46.41,1
13681,ml_baseline_90deg,2026-07-09 23:39:17.946146+05:30,90.0,43.77,46.23,2
13682,ml_baseline_90deg,2026-07-09 23:39:18.046038+05:30,90.0,44.3,45.7,2
13683,ml_baseline_90deg,2026-07-09 23:39:18.145722+05:30,90.0,44.65,45.35,2
13684,ml_baseline_90deg,2026-07-09 23:39:18.245855+05:30,90.0,45.18,44.82,2
13685,ml_baseline_90deg,2026-07-09 23:39:18.346569+05:30,90.0,45.53,44.47,2
13686,ml_baseline_90deg,2026-07-09 23:39:18.448037+05:30,90.0,45.88,44.12,2
13687,ml_baseline_90deg,2026-07-09 23:39:18.548268+05:30,90.0,46.41,43.59,2
13688,ml_baseline_90deg,2026-07-09 23:39:18.645620+05:30,90.0,46.93,43.07,2
13689,ml_baseline_90deg,2026-07-09 23:39:18.746452+05:30,90.0,47.29,42.71,1
13690,ml_baseline_90deg,2026-07-09 23:39:18.845601+05:30,90.0,47.64,42.36,2
13691,ml_baseline_90deg,2026-07-09 23:39:18.946027+05:30,90.0,47.99,42.01,2
13692,ml_baseline_90deg,2026-07-09 23:39:19.047484+05:30,90.0,48.52,41.48,2
13693,ml_baseline_90deg,2026-07-09 23:39:19.145705+05:30,90.0,48.87,41.13,2
13694,ml_baseline_90deg,2026-07-09 23:39:19.247137+05:30,90.0,49.39,40.61,2
13695,ml_baseline_90deg,2026-07-09 23:39:19.345550+05:30,90.0,49.75,40.25,2
13696,ml_baseline_90deg,2026-07-09 23:39:19.446392+05:30,90.0,50.27,39.73,2
13697,ml_baseline_90deg,2026-07-09 23:39:19.546346+05:30,90.0,50.8,39.2,2
13698,ml_baseline_90deg,2026-07-09 23:39:19.646760+05:30,90.0,51.15,38.85,1
13699,ml_baseline_90deg,2026-07-09 23:39:19.748155+05:30,90.0,51.5,38.5,2
13700,ml_baseline_90deg,2026-07-09 23:39:19.846692+05:30,90.0,51.86,38.14,2
13701,ml_baseline_90deg,2026-07-09 23:39:19.944904+05:30,90.0,52.38,37.62,2
13702,ml_baseline_90deg,2026-07-09 23:39:20.044674+05:30,90.0,52.73,37.27,2
13703,ml_baseline_90deg,2026-07-09 23:39:20.146310+05:30,90.0,53.26,36.74,2
13704,ml_baseline_90deg,2026-07-09 23:39:20.246159+05:30,90.0,53.61,36.39,2
13705,ml_baseline_90deg,2026-07-09 23:39:20.348588+05:30,90.0,54.14,35.86,2
13706,ml_baseline_90deg,2026-07-09 23:39:20.445176+05:30,90.0,54.49,35.51,2
13707,ml_baseline_90deg,2026-07-09 23:39:20.545585+05:30,90.0,55.02,34.98,1
13708,ml_baseline_90deg,2026-07-09 23:39:20.647153+05:30,90.0,55.2,34.8,2
13709,ml_baseline_90deg,2026-07-09 23:39:20.749679+05:30,90.0,55.72,34.28,2
13710,ml_baseline_90deg,2026-07-09 23:39:20.848622+05:30,90.0,56.07,33.93,2
13711,ml_baseline_90deg,2026-07-09 23:39:20.945732+05:30,90.0,56.6,33.4,2
13712,ml_baseline_90deg,2026-07-09 23:39:21.047070+05:30,90.0,56.95,33.05,2
13713,ml_baseline_90deg,2026-07-09 23:39:21.145211+05:30,90.0,57.3,32.7,2
13714,ml_baseline_90deg,2026-07-09 23:39:21.246266+05:30,90.0,57.83,32.17,2
13715,ml_baseline_90deg,2026-07-09 23:39:21.348257+05:30,90.0,58.18,31.82,2
13716,ml_baseline_90deg,2026-07-09 23:39:21.447772+05:30,90.0,58.71,31.29,1
13717,ml_baseline_90deg,2026-07-09 23:39:21.546026+05:30,90.0,59.06,30.94,2
13718,ml_baseline_90deg,2026-07-09 23:39:21.649613+05:30,90.0,59.41,30.59,2
13719,ml_baseline_90deg,2026-07-09 23:39:21.746240+05:30,90.0,59.94,30.06,2
13720,ml_baseline_90deg,2026-07-09 23:39:21.846519+05:30,90.0,60.29,29.71,2
13721,ml_baseline_90deg,2026-07-09 23:39:21.945777+05:30,90.0,60.82,29.18,2
13722,ml_baseline_90deg,2026-07-09 23:39:22.046244+05:30,90.0,61.17,28.83,2
13723,ml_baseline_90deg,2026-07-09 23:39:22.146457+05:30,90.0,61.7,28.3,2
13724,ml_baseline_90deg,2026-07-09 23:39:22.246362+05:30,90.0,62.05,27.95,2
13725,ml_baseline_90deg,2026-07-09 23:39:22.346282+05:30,90.0,62.58,27.42,1
13726,ml_baseline_90deg,2026-07-09 23:39:22.446510+05:30,90.0,62.75,27.25,2
13727,ml_baseline_90deg,2026-07-09 23:39:22.546622+05:30,90.0,63.28,26.72,2
13728,ml_baseline_90deg,2026-07-09 23:39:22.648028+05:30,90.0,63.63,26.37,2
13729,ml_baseline_90deg,2026-07-09 23:39:22.748262+05:30,90.0,64.16,25.84,2
13730,ml_baseline_90deg,2026-07-09 23:39:22.845198+05:30,90.0,64.69,25.31,2
13731,ml_baseline_90deg,2026-07-09 23:39:22.948732+05:30,90.0,65.04,24.96,2
13732,ml_baseline_90deg,2026-07-09 23:39:23.046687+05:30,90.0,65.57,24.43,2
13733,ml_baseline_90deg,2026-07-09 23:39:23.147737+05:30,90.0,66.09,23.91,2
13734,ml_baseline_90deg,2026-07-09 23:39:23.245677+05:30,90.0,66.45,23.55,1
13735,ml_baseline_90deg,2026-07-09 23:39:23.346346+05:30,90.0,66.8,23.2,2
13736,ml_baseline_90deg,2026-07-09 23:39:23.446791+05:30,90.0,67.32,22.68,2
13737,ml_baseline_90deg,2026-07-09 23:39:23.547137+05:30,90.0,67.68,22.32,2
13738,ml_baseline_90deg,2026-07-09 23:39:23.648665+05:30,90.0,68.2,21.8,2
13739,ml_baseline_90deg,2026-07-09 23:39:23.745675+05:30,90.0,68.73,21.27,2
13740,ml_baseline_90deg,2026-07-09 23:39:23.847602+05:30,90.0,69.08,20.92,2
13741,ml_baseline_90deg,2026-07-09 23:39:23.945937+05:30,90.0,69.61,20.39,2
13742,ml_baseline_90deg,2026-07-09 23:39:24.045386+05:30,90.0,70.14,19.86,2
13743,ml_baseline_90deg,2026-07-09 23:39:24.148309+05:30,90.0,70.66,19.34,1
13744,ml_baseline_90deg,2026-07-09 23:39:24.247702+05:30,90.0,70.84,19.16,2
13745,ml_baseline_90deg,2026-07-09 23:39:24.346290+05:30,90.0,71.37,18.63,2
13746,ml_baseline_90deg,2026-07-09 23:39:24.445475+05:30,90.0,71.89,18.11,2
13747,ml_baseline_90deg,2026-07-09 23:39:24.546788+05:30,90.0,72.25,17.75,2
13748,ml_baseline_90deg,2026-07-09 23:39:24.645811+05:30,90.0,72.77,17.23,2
13749,ml_baseline_90deg,2026-07-09 23:39:24.748173+05:30,90.0,73.3,16.7,2
13750,ml_baseline_90deg,2026-07-09 23:39:24.848680+05:30,90.0,73.83,16.17,2
13751,ml_baseline_90deg,2026-07-09 23:39:24.949680+05:30,90.0,74.36,15.64,2
13752,ml_baseline_90deg,2026-07-09 23:39:25.049533+05:30,90.0,74.88,15.12,1
13753,ml_baseline_90deg,2026-07-09 23:39:25.148255+05:30,90.0,75.23,14.77,2
13754,ml_baseline_90deg,2026-07-09 23:39:25.245287+05:30,90.0,75.59,14.41,2
13755,ml_baseline_90deg,2026-07-09 23:39:25.347500+05:30,90.0,76.11,13.89,2
13756,ml_baseline_90deg,2026-07-09 23:39:25.445210+05:30,90.0,76.64,13.36,2
13757,ml_baseline_90deg,2026-07-09 23:39:25.544695+05:30,90.0,77.17,12.83,2
13758,ml_baseline_90deg,2026-07-09 23:39:25.647252+05:30,90.0,77.7,12.3,2
13759,ml_baseline_90deg,2026-07-09 23:39:25.746148+05:30,90.0,78.22,11.78,2
13760,ml_baseline_90deg,2026-07-09 23:39:25.846433+05:30,90.0,78.75,11.25,2
13761,ml_baseline_90deg,2026-07-09 23:39:25.948247+05:30,90.0,79.28,10.72,1
13762,ml_baseline_90deg,2026-07-09 23:39:26.045772+05:30,90.0,79.63,10.37,2
13763,ml_baseline_90deg,2026-07-09 23:39:26.146326+05:30,90.0,80.16,9.84,2
13764,ml_baseline_90deg,2026-07-09 23:39:26.246900+05:30,90.0,80.68,9.32,2
13765,ml_baseline_90deg,2026-07-09 23:39:26.346978+05:30,90.0,81.21,8.79,2
13766,ml_baseline_90deg,2026-07-09 23:39:26.446358+05:30,90.0,81.74,8.26,2
13767,ml_baseline_90deg,2026-07-09 23:39:26.546466+05:30,90.0,82.09,7.91,2
13768,ml_baseline_90deg,2026-07-09 23:39:26.644773+05:30,90.0,82.62,7.38,2
13769,ml_baseline_90deg,2026-07-09 23:39:26.749460+05:30,90.0,82.97,7.03,2
13770,ml_baseline_90deg,2026-07-09 23:39:26.847716+05:30,0.0,83.14,-83.14,2
13771,ml_baseline_90deg,2026-07-09 23:39:26.946592+05:30,0.0,83.14,-83.14,2
13772,ml_baseline_90deg,2026-07-09 23:39:27.052945+05:30,0.0,83.14,-83.14,2
13773,ml_baseline_90deg,2026-07-09 23:39:27.145676+05:30,0.0,83.14,-83.14,2
13774,ml_baseline_90deg,2026-07-09 23:39:27.246762+05:30,0.0,83.14,-83.14,2
13775,ml_baseline_90deg,2026-07-09 23:39:27.351225+05:30,0.0,83.14,-83.14,2
13776,ml_baseline_90deg,2026-07-09 23:39:27.447029+05:30,0.0,83.14,-83.14,2
13777,ml_baseline_90deg,2026-07-09 23:39:27.547079+05:30,0.0,83.14,-83.14,2
13778,ml_baseline_90deg,2026-07-09 23:39:27.645814+05:30,0.0,83.14,-83.14,1
13779,ml_baseline_90deg,2026-07-09 23:39:27.750112+05:30,0.0,83.14,-83.14,2
13780,ml_baseline_90deg,2026-07-09 23:39:27.845139+05:30,0.0,83.14,-83.14,2
13781,ml_baseline_90deg,2026-07-09 23:39:27.946688+05:30,0.0,82.97,-82.97,2
13782,ml_baseline_90deg,2026-07-09 23:39:28.047863+05:30,0.0,82.79,-82.79,2
13783,ml_baseline_90deg,2026-07-09 23:39:28.147344+05:30,0.0,82.27,-82.27,2
13784,ml_baseline_90deg,2026-07-09 23:39:28.247618+05:30,0.0,81.91,-81.91,2
13785,ml_baseline_90deg,2026-07-09 23:39:28.347451+05:30,0.0,81.39,-81.39,2
13786,ml_baseline_90deg,2026-07-09 23:39:28.447538+05:30,0.0,80.86,-80.86,2
13787,ml_baseline_90deg,2026-07-09 23:39:28.548148+05:30,0.0,80.33,-80.33,1
13788,ml_baseline_90deg,2026-07-09 23:39:28.647431+05:30,0.0,79.98,-79.98,2
13789,ml_baseline_90deg,2026-07-09 23:39:28.747052+05:30,0.0,79.45,-79.45,2
13790,ml_baseline_90deg,2026-07-09 23:39:28.847632+05:30,0.0,78.93,-78.93,2
13791,ml_baseline_90deg,2026-07-09 23:39:28.946671+05:30,0.0,78.4,-78.4,2
13792,ml_baseline_90deg,2026-07-09 23:39:29.048334+05:30,0.0,77.87,-77.87,2
13793,ml_baseline_90deg,2026-07-09 23:39:29.149044+05:30,0.0,77.34,-77.34,2
13794,ml_baseline_90deg,2026-07-09 23:39:29.246820+05:30,0.0,76.82,-76.82,2
13795,ml_baseline_90deg,2026-07-09 23:39:29.345970+05:30,0.0,76.29,-76.29,2
13796,ml_baseline_90deg,2026-07-09 23:39:29.446711+05:30,0.0,75.76,-75.76,1
13797,ml_baseline_90deg,2026-07-09 23:39:29.547794+05:30,0.0,75.41,-75.41,2
13798,ml_baseline_90deg,2026-07-09 23:39:29.646945+05:30,0.0,74.88,-74.88,2
13799,ml_baseline_90deg,2026-07-09 23:39:29.748232+05:30,0.0,74.36,-74.36,2
13800,ml_baseline_90deg,2026-07-09 23:39:29.845865+05:30,0.0,73.83,-73.83,2
13801,ml_baseline_90deg,2026-07-09 23:39:29.947576+05:30,0.0,73.3,-73.3,2
13802,ml_baseline_90deg,2026-07-09 23:39:30.045820+05:30,0.0,72.77,-72.77,2
13803,ml_baseline_90deg,2026-07-09 23:39:30.147859+05:30,0.0,72.25,-72.25,2
13804,ml_baseline_90deg,2026-07-09 23:39:30.246118+05:30,0.0,71.89,-71.89,2
13805,ml_baseline_90deg,2026-07-09 23:39:30.346487+05:30,0.0,71.37,-71.37,1
13806,ml_baseline_90deg,2026-07-09 23:39:30.450128+05:30,0.0,71.02,-71.02,2
13807,ml_baseline_90deg,2026-07-09 23:39:30.546786+05:30,0.0,70.49,-70.49,2
13808,ml_baseline_90deg,2026-07-09 23:39:30.646982+05:30,0.0,69.96,-69.96,2
13809,ml_baseline_90deg,2026-07-09 23:39:30.745198+05:30,0.0,69.43,-69.43,2
13810,ml_baseline_90deg,2026-07-09 23:39:30.845394+05:30,0.0,68.91,-68.91,2
13811,ml_baseline_90deg,2026-07-09 23:39:30.946598+05:30,0.0,68.55,-68.55,2
13812,ml_baseline_90deg,2026-07-09 23:39:31.044034+05:30,0.0,68.03,-68.03,2
13813,ml_baseline_90deg,2026-07-09 23:39:31.146146+05:30,0.0,67.5,-67.5,2
13814,ml_baseline_90deg,2026-07-09 23:39:31.246141+05:30,0.0,67.15,-67.15,1
13815,ml_baseline_90deg,2026-07-09 23:39:31.346755+05:30,0.0,66.62,-66.62,2
13816,ml_baseline_90deg,2026-07-09 23:39:31.445920+05:30,0.0,66.27,-66.27,2
13817,ml_baseline_90deg,2026-07-09 23:39:31.547401+05:30,0.0,65.74,-65.74,2
13818,ml_baseline_90deg,2026-07-09 23:39:31.646165+05:30,0.0,65.21,-65.21,2
13819,ml_baseline_90deg,2026-07-09 23:39:31.747060+05:30,0.0,64.69,-64.69,2
13820,ml_baseline_90deg,2026-07-09 23:39:31.845377+05:30,0.0,64.34,-64.34,2
13821,ml_baseline_90deg,2026-07-09 23:39:31.947825+05:30,0.0,63.81,-63.81,2
13822,ml_baseline_90deg,2026-07-09 23:39:32.047297+05:30,0.0,63.28,-63.28,2
13823,ml_baseline_90deg,2026-07-09 23:39:32.147051+05:30,0.0,62.93,-62.93,1
13824,ml_baseline_90deg,2026-07-09 23:39:32.246263+05:30,0.0,62.58,-62.58,2
13825,ml_baseline_90deg,2026-07-09 23:39:32.346257+05:30,0.0,62.05,-62.05,2
13826,ml_baseline_90deg,2026-07-09 23:39:32.447619+05:30,0.0,61.7,-61.7,2
13827,ml_baseline_90deg,2026-07-09 23:39:32.547958+05:30,0.0,61.17,-61.17,2
13828,ml_baseline_90deg,2026-07-09 23:39:32.649325+05:30,0.0,60.82,-60.82,2
13829,ml_baseline_90deg,2026-07-09 23:39:32.746303+05:30,0.0,60.29,-60.29,2
13830,ml_baseline_90deg,2026-07-09 23:39:32.846879+05:30,0.0,59.94,-59.94,2
13831,ml_baseline_90deg,2026-07-09 23:39:32.950215+05:30,0.0,59.41,-59.41,2
13832,ml_baseline_90deg,2026-07-09 23:39:33.045463+05:30,0.0,59.06,-59.06,1
13833,ml_baseline_90deg,2026-07-09 23:39:33.146527+05:30,0.0,58.71,-58.71,2
13834,ml_baseline_90deg,2026-07-09 23:39:33.247144+05:30,0.0,58.18,-58.18,2
13835,ml_baseline_90deg,2026-07-09 23:39:33.347956+05:30,0.0,57.83,-57.83,2
13836,ml_baseline_90deg,2026-07-09 23:39:33.445746+05:30,0.0,57.3,-57.3,2
13837,ml_baseline_90deg,2026-07-09 23:39:33.547194+05:30,0.0,56.78,-56.78,2
13838,ml_baseline_90deg,2026-07-09 23:39:33.646951+05:30,0.0,56.43,-56.43,2
13839,ml_baseline_90deg,2026-07-09 23:39:33.748783+05:30,0.0,55.9,-55.9,2
13840,ml_baseline_90deg,2026-07-09 23:39:33.848545+05:30,0.0,55.55,-55.55,2
13841,ml_baseline_90deg,2026-07-09 23:39:33.946830+05:30,0.0,55.02,-55.02,1
13842,ml_baseline_90deg,2026-07-09 23:39:34.047671+05:30,0.0,54.67,-54.67,2
13843,ml_baseline_90deg,2026-07-09 23:39:34.146511+05:30,0.0,54.32,-54.32,2
13844,ml_baseline_90deg,2026-07-09 23:39:34.247951+05:30,0.0,53.79,-53.79,2
13845,ml_baseline_90deg,2026-07-09 23:39:34.347816+05:30,0.0,53.26,-53.26,2
13846,ml_baseline_90deg,2026-07-09 23:39:34.444757+05:30,0.0,52.73,-52.73,2
13847,ml_baseline_90deg,2026-07-09 23:39:34.545864+05:30,0.0,52.38,-52.38,2
13848,ml_baseline_90deg,2026-07-09 23:39:34.647309+05:30,0.0,51.86,-51.86,2
13849,ml_baseline_90deg,2026-07-09 23:39:34.746423+05:30,0.0,51.5,-51.5,2
13850,ml_baseline_90deg,2026-07-09 23:39:34.846199+05:30,0.0,50.98,-50.98,1
13851,ml_baseline_90deg,2026-07-09 23:39:34.948219+05:30,0.0,50.63,-50.63,2
13852,ml_baseline_90deg,2026-07-09 23:39:35.046505+05:30,0.0,50.1,-50.1,2
13853,ml_baseline_90deg,2026-07-09 23:39:35.147513+05:30,0.0,49.75,-49.75,2
13854,ml_baseline_90deg,2026-07-09 23:39:35.249285+05:30,0.0,49.22,-49.22,2
13855,ml_baseline_90deg,2026-07-09 23:39:35.350242+05:30,0.0,48.69,-48.69,2
13856,ml_baseline_90deg,2026-07-09 23:39:35.447526+05:30,0.0,48.34,-48.34,2
13857,ml_baseline_90deg,2026-07-09 23:39:35.549222+05:30,0.0,47.81,-47.81,2
13858,ml_baseline_90deg,2026-07-09 23:39:35.646447+05:30,0.0,47.46,-47.46,2
13859,ml_baseline_90deg,2026-07-09 23:39:35.748063+05:30,0.0,46.93,-46.93,1
13860,ml_baseline_90deg,2026-07-09 23:39:35.845946+05:30,0.0,46.58,-46.58,2
13861,ml_baseline_90deg,2026-07-09 23:39:35.946933+05:30,0.0,46.05,-46.05,2
13862,ml_baseline_90deg,2026-07-09 23:39:36.049234+05:30,0.0,45.7,-45.7,2
13863,ml_baseline_90deg,2026-07-09 23:39:36.145836+05:30,0.0,45.18,-45.18,2
13864,ml_baseline_90deg,2026-07-09 23:39:36.247857+05:30,0.0,44.65,-44.65,2
13865,ml_baseline_90deg,2026-07-09 23:39:36.347711+05:30,0.0,44.3,-44.3,2
13866,ml_baseline_90deg,2026-07-09 23:39:36.445741+05:30,0.0,43.77,-43.77,2
13867,ml_baseline_90deg,2026-07-09 23:39:36.546240+05:30,0.0,43.24,-43.24,2
13868,ml_baseline_90deg,2026-07-09 23:39:36.646644+05:30,0.0,42.89,-42.89,1
13869,ml_baseline_90deg,2026-07-09 23:39:36.748204+05:30,0.0,42.36,-42.36,2
13870,ml_baseline_90deg,2026-07-09 23:39:36.848755+05:30,0.0,42.01,-42.01,2
13871,ml_baseline_90deg,2026-07-09 23:39:36.947358+05:30,0.0,41.48,-41.48,2
13872,ml_baseline_90deg,2026-07-09 23:39:37.045410+05:30,0.0,40.96,-40.96,2
13873,ml_baseline_90deg,2026-07-09 23:39:37.145944+05:30,0.0,40.43,-40.43,2
13874,ml_baseline_90deg,2026-07-09 23:39:37.247268+05:30,0.0,40.08,-40.08,2
13875,ml_baseline_90deg,2026-07-09 23:39:37.347447+05:30,0.0,39.55,-39.55,2
13876,ml_baseline_90deg,2026-07-09 23:39:37.447282+05:30,0.0,39.02,-39.02,2
13877,ml_baseline_90deg,2026-07-09 23:39:37.547870+05:30,0.0,38.67,-38.67,1
13878,ml_baseline_90deg,2026-07-09 23:39:37.648236+05:30,0.0,38.32,-38.32,2
13879,ml_baseline_90deg,2026-07-09 23:39:37.746422+05:30,0.0,37.79,-37.79,2
13880,ml_baseline_90deg,2026-07-09 23:39:37.846838+05:30,0.0,37.44,-37.44,2
13881,ml_baseline_90deg,2026-07-09 23:39:37.947281+05:30,0.0,36.91,-36.91,2
13882,ml_baseline_90deg,2026-07-09 23:39:38.046073+05:30,0.0,36.39,-36.39,2
13883,ml_baseline_90deg,2026-07-09 23:39:38.146369+05:30,0.0,36.04,-36.04,2
13884,ml_baseline_90deg,2026-07-09 23:39:38.247655+05:30,0.0,35.51,-35.51,2
13885,ml_baseline_90deg,2026-07-09 23:39:38.347124+05:30,0.0,34.98,-34.98,2
13886,ml_baseline_90deg,2026-07-09 23:39:38.446966+05:30,0.0,34.63,-34.63,1
13887,ml_baseline_90deg,2026-07-09 23:39:38.548055+05:30,0.0,34.28,-34.28,2
13888,ml_baseline_90deg,2026-07-09 23:39:38.647165+05:30,0.0,33.75,-33.75,2
13889,ml_baseline_90deg,2026-07-09 23:39:38.746551+05:30,0.0,33.4,-33.4,2
13890,ml_baseline_90deg,2026-07-09 23:39:38.846262+05:30,0.0,32.87,-32.87,2
13891,ml_baseline_90deg,2026-07-09 23:39:38.945696+05:30,0.0,32.34,-32.34,2
13892,ml_baseline_90deg,2026-07-09 23:39:39.044997+05:30,0.0,31.82,-31.82,2
13893,ml_baseline_90deg,2026-07-09 23:39:39.147312+05:30,0.0,31.46,-31.46,2
13894,ml_baseline_90deg,2026-07-09 23:39:39.247779+05:30,0.0,30.94,-30.94,2
13895,ml_baseline_90deg,2026-07-09 23:39:39.348651+05:30,0.0,30.59,-30.59,1
13896,ml_baseline_90deg,2026-07-09 23:39:39.464229+05:30,0.0,30.06,-30.06,2
13897,ml_baseline_90deg,2026-07-09 23:39:39.550428+05:30,0.0,29.71,-29.71,2
13898,ml_baseline_90deg,2026-07-09 23:39:39.646032+05:30,0.0,29.18,-29.18,2
13899,ml_baseline_90deg,2026-07-09 23:39:39.746653+05:30,0.0,28.83,-28.83,2
13900,ml_baseline_90deg,2026-07-09 23:39:39.847776+05:30,0.0,28.3,-28.3,2
13901,ml_baseline_90deg,2026-07-09 23:39:39.945123+05:30,0.0,27.77,-27.77,2
13902,ml_baseline_90deg,2026-07-09 23:39:40.044661+05:30,0.0,27.42,-27.42,2
13903,ml_baseline_90deg,2026-07-09 23:39:40.146045+05:30,0.0,26.89,-26.89,2
13904,ml_baseline_90deg,2026-07-09 23:39:40.244612+05:30,0.0,26.54,-26.54,1
13905,ml_baseline_90deg,2026-07-09 23:39:40.346928+05:30,0.0,26.19,-26.19,2
13906,ml_baseline_90deg,2026-07-09 23:39:40.445327+05:30,0.0,25.66,-25.66,2
13907,ml_baseline_90deg,2026-07-09 23:39:40.546447+05:30,0.0,25.31,-25.31,2
13908,ml_baseline_90deg,2026-07-09 23:39:40.647873+05:30,0.0,24.79,-24.79,2
13909,ml_baseline_90deg,2026-07-09 23:39:40.745461+05:30,0.0,24.26,-24.26,2
13910,ml_baseline_90deg,2026-07-09 23:39:40.846912+05:30,0.0,23.91,-23.91,2
13911,ml_baseline_90deg,2026-07-09 23:39:40.948091+05:30,0.0,23.38,-23.38,2
13912,ml_baseline_90deg,2026-07-09 23:39:41.046684+05:30,0.0,23.03,-23.03,2
13913,ml_baseline_90deg,2026-07-09 23:39:41.145576+05:30,0.0,22.5,-22.5,1
13914,ml_baseline_90deg,2026-07-09 23:39:41.247563+05:30,0.0,22.15,-22.15,2
13915,ml_baseline_90deg,2026-07-09 23:39:41.347777+05:30,0.0,21.8,-21.8,2
13916,ml_baseline_90deg,2026-07-09 23:39:41.446198+05:30,0.0,21.27,-21.27,2
13917,ml_baseline_90deg,2026-07-09 23:39:41.547378+05:30,0.0,20.92,-20.92,2
13918,ml_baseline_90deg,2026-07-09 23:39:41.648423+05:30,0.0,20.39,-20.39,2
13919,ml_baseline_90deg,2026-07-09 23:39:41.746575+05:30,0.0,19.86,-19.86,2
13920,ml_baseline_90deg,2026-07-09 23:39:41.845605+05:30,0.0,19.51,-19.51,2
13921,ml_baseline_90deg,2026-07-09 23:39:41.946970+05:30,0.0,18.98,-18.98,2
13922,ml_baseline_90deg,2026-07-09 23:39:42.046219+05:30,0.0,18.63,-18.63,1
13923,ml_baseline_90deg,2026-07-09 23:39:42.145660+05:30,0.0,18.28,-18.28,2
13924,ml_baseline_90deg,2026-07-09 23:39:42.248694+05:30,0.0,17.93,-17.93,2
13925,ml_baseline_90deg,2026-07-09 23:39:42.346491+05:30,0.0,17.4,-17.4,2
13926,ml_baseline_90deg,2026-07-09 23:39:42.447064+05:30,0.0,17.05,-17.05,2
13927,ml_baseline_90deg,2026-07-09 23:39:42.547393+05:30,0.0,16.52,-16.52,2
13928,ml_baseline_90deg,2026-07-09 23:39:42.647054+05:30,0.0,16.0,-16.0,2
13929,ml_baseline_90deg,2026-07-09 23:39:42.745456+05:30,0.0,15.64,-15.64,2
13930,ml_baseline_90deg,2026-07-09 23:39:42.846898+05:30,0.0,15.12,-15.12,2
13931,ml_baseline_90deg,2026-07-09 23:39:42.948912+05:30,0.0,14.77,-14.77,1
13932,ml_baseline_90deg,2026-07-09 23:39:43.046224+05:30,0.0,14.41,-14.41,2
13933,ml_baseline_90deg,2026-07-09 23:39:43.147033+05:30,0.0,14.06,-14.06,2
13934,ml_baseline_90deg,2026-07-09 23:39:43.247249+05:30,0.0,13.71,-13.71,2
13935,ml_baseline_90deg,2026-07-09 23:39:43.347599+05:30,0.0,13.18,-13.18,2
13936,ml_baseline_90deg,2026-07-09 23:39:43.444811+05:30,0.0,12.83,-12.83,2
13937,ml_baseline_90deg,2026-07-09 23:39:43.548717+05:30,0.0,12.48,-12.48,2
13938,ml_baseline_90deg,2026-07-09 23:39:43.647143+05:30,0.0,11.95,-11.95,2
13939,ml_baseline_90deg,2026-07-09 23:39:43.748903+05:30,0.0,11.6,-11.6,2
13940,ml_baseline_90deg,2026-07-09 23:39:43.848281+05:30,0.0,11.07,-11.07,1
13941,ml_baseline_90deg,2026-07-09 23:39:43.947441+05:30,0.0,10.72,-10.72,2
13942,ml_baseline_90deg,2026-07-09 23:39:44.045623+05:30,0.0,10.37,-10.37,2
13943,ml_baseline_90deg,2026-07-09 23:39:44.147465+05:30,0.0,9.84,-9.84,2
13944,ml_baseline_90deg,2026-07-09 23:39:44.248219+05:30,0.0,9.32,-9.32,2
13945,ml_baseline_90deg,2026-07-09 23:39:44.349017+05:30,0.0,8.79,-8.79,2
13946,ml_baseline_90deg,2026-07-09 23:39:44.446464+05:30,0.0,8.44,-8.44,2
13947,ml_baseline_90deg,2026-07-09 23:39:44.546308+05:30,0.0,7.91,-7.91,2
13948,ml_baseline_90deg,2026-07-09 23:39:44.648192+05:30,0.0,7.56,-7.56,2
13949,ml_baseline_90deg,2026-07-09 23:39:44.747741+05:30,0.0,7.03,-7.03,1
13950,ml_baseline_90deg,2026-07-09 23:39:44.848093+05:30,0.0,6.5,-6.5,2
13951,ml_baseline_90deg,2026-07-09 23:39:44.948100+05:30,0.0,6.15,-6.15,2
13952,ml_baseline_90deg,2026-07-09 23:39:45.047809+05:30,0.0,5.62,-5.62,2
13953,ml_baseline_90deg,2026-07-09 23:39:45.146697+05:30,0.0,5.1,-5.1,2
13954,ml_baseline_90deg,2026-07-09 23:39:45.248666+05:30,90.0,4.75,85.25,2
